CustomerID,TotalOrder,TotalRevenue,FirstPurchase,LastPurchase,Customer_lifetime,AvgOrderValue,PurchaseFrequency,CLV,CLV_Segment,DaysSinceLastPurchase,Churn,Churn_Probability,CLV_Normalized,Retention_Priority_Score,Retention_Priority_Rank
12346.0,1,77183.6,2011-01-18 10:01:00,2011-01-18 10:01:00,1,77183.6,365.0,77183.6,High Value,325,1,6.080190309389053e-06,0.2754529415702983,1.674806306028437e-06,2925.0
12347.0,7,4310.0,2010-12-07 14:57:00,2011-12-07 15:52:00,365,615.71,7.0,4309.97,High Value,1,0,3.291632149376103e-05,0.01538142707232804,5.062999985455893e-07,3578.0
12348.0,4,1797.24,2010-12-16 19:09:00,2011-09-25 13:13:00,282,449.31,5.177304964539007,1797.2400000000002,High Value,74,0,0.09889526812559433,0.0064139926708238915,0.0006343135249367257,1158.0
12349.0,1,1757.55,2011-11-21 09:51:00,2011-11-21 09:51:00,1,1757.55,365.0,1757.55,High Value,18,0,0.00013125720361868031,0.006272346942315177,8.232907197744701e-07,3307.0
12350.0,1,334.4,2011-02-02 16:01:00,2011-02-02 16:01:00,1,334.4,365.0,334.4,Low Value,309,1,0.9999999999197149,0.00119340719610264,0.0011934071960068271,733.0
12352.0,8,2506.04,2011-02-16 12:33:00,2011-11-03 14:37:00,260,313.26,11.230769230769232,2506.0800000000004,High Value,35,0,0.001575522848210385,0.008943701872036199,1.4091006646975023e-05,2204.0
12353.0,1,89.0,2011-05-19 17:47:00,2011-05-19 17:47:00,1,89.0,365.0,89.0,Low Value,203,1,0.9999931400197353,0.0003176233267139204,0.00031762114782416754,1518.0
12354.0,1,1079.4,2011-04-21 13:11:00,2011-04-21 13:11:00,1,1079.4,365.0,1079.4,Medium Value,231,1,0.9999994665595854,0.003852164256797817,0.0038521622018977187,165.0
12355.0,1,459.4,2011-05-09 13:49:00,2011-05-09 13:49:00,1,459.4,365.0,459.4,Medium Value,213,1,0.9999972224916264,0.0016395073740716295,0.0016395028203261693,526.0
12356.0,3,2811.43,2011-01-18 09:50:00,2011-11-17 08:40:00,302,937.14,3.6258278145695364,2811.42,High Value,22,0,0.00031540561688149293,0.010033399698764607,3.1645906214074363e-06,2664.0
12357.0,1,6207.67,2011-11-06 16:07:00,2011-11-06 16:07:00,1,6207.67,365.0,6207.669999999999,High Value,32,0,7.015887250794613e-05,0.022153941534182046,1.5542955596451706e-06,2960.0
12358.0,2,1168.06,2011-07-12 10:04:00,2011-12-08 10:26:00,149,584.03,4.899328859060403,1168.0600000000002,Medium Value,1,0,4.3740633327271396e-05,0.004168574191027662,1.8233607518726795e-07,4078.0
12359.0,4,6372.58,2011-01-12 12:43:00,2011-10-13 12:47:00,274,1593.14,5.328467153284671,6372.5599999999995,High Value,7,0,4.507963869365049e-05,0.0227424012009445,1.025219229164621e-06,3170.0
12360.0,3,2662.06,2011-05-23 09:43:00,2011-10-18 15:22:00,148,887.35,7.398648648648649,2662.05,High Value,51,0,0.008191472933804216,0.009500327830098784,7.782167828252113e-05,1831.0
12361.0,1,189.9,2011-02-25 13:51:00,2011-02-25 13:51:00,1,189.9,365.0,189.9,Low Value,286,1,0.99999999909709,0.0006777153903704886,0.0006777153897585726,1115.0
12362.0,10,5226.23,2011-02-17 10:30:00,2011-12-06 15:40:00,292,522.62,12.5,5226.2,High Value,2,0,3.734576723725365e-05,0.018651270000812254,6.965459881295061e-07,3396.0
12363.0,2,552.0,2011-04-11 13:29:00,2011-08-22 10:18:00,132,276.0,5.53030303030303,552.0,Medium Value,109,1,0.8596481134473811,0.001969978385911057,0.001693488202980557,514.0
12364.0,4,1313.1,2011-08-19 15:24:00,2011-12-02 10:22:00,104,328.28,14.03846153846154,1313.1200000000001,High Value,7,0,9.237335078347574e-05,0.004686264525557114,4.3288595688344584e-07,3666.0
12365.0,2,641.38,2011-02-21 13:51:00,2011-02-21 14:04:00,1,320.69,730.0,641.38,Medium Value,290,1,0.9999999991330457,0.002288957857166003,0.0022889578551815812,336.0
12367.0,1,168.9,2011-12-05 16:48:00,2011-12-05 16:48:00,1,168.9,365.0,168.9,Low Value,3,0,5.560168393090945e-05,0.0006027705604716984,3.3515058186204515e-08,4319.0
12370.0,4,3545.69,2010-12-14 12:58:00,2011-10-19 14:51:00,309,886.42,4.724919093851133,3545.68,High Value,50,0,0.00645893041460706,0.012653827832168688,8.173019344639567e-05,1824.0
12371.0,2,1887.96,2011-10-11 10:43:00,2011-10-26 10:16:00,14,943.98,52.14285714285714,1887.9599999999998,High Value,44,0,0.004056257128293136,0.006737754335986664,2.7330064054033895e-05,2055.0
12372.0,3,1298.04,2011-02-16 12:46:00,2011-09-29 12:12:00,224,432.68,4.888392857142857,1298.04,High Value,71,0,0.07853034435530169,0.004632447000086935,0.00036378765812451134,1467.0
12373.0,1,364.6,2011-02-01 13:10:00,2011-02-01 13:10:00,1,364.6,365.0,364.6,Low Value,310,1,0.9999999999268965,0.001301184999099948,0.001301184999004827,670.0
12374.0,1,742.9300000000001,2011-11-14 15:37:00,2011-11-14 15:37:00,1,742.93,365.0,742.9299999999998,Medium Value,24,0,0.0004093941184234076,0.002651369641748009,1.0854551370980123e-06,3135.0
12375.0,2,457.5,2011-09-02 14:23:00,2011-11-29 10:36:00,87,228.75,8.39080459770115,457.50000000000006,Medium Value,2,0,6.015183484484545e-05,0.001632726651366501,9.821150387977533e-08,4218.0
12377.0,2,1628.12,2010-12-20 09:37:00,2011-01-28 15:45:00,39,814.06,18.71794871794872,1628.12,High Value,314,1,0.9999999999536873,0.005810436974038967,0.00581043697376987,85.0
12378.0,1,4008.62,2011-08-02 10:34:00,2011-08-02 10:34:00,1,4008.62,365.0,4008.6200000000003,High Value,129,1,0.8800913909717004,0.014305968763280401,0.012590559948073145,17.0
12379.0,2,852.24,2011-06-22 16:32:00,2011-09-19 10:09:00,88,426.12,8.295454545454545,852.2399999999999,Medium Value,81,0,0.22046049876247992,0.003041475325378331,0.0006705251672066828,1122.0
12380.0,4,2724.81,2011-06-07 09:49:00,2011-11-18 11:27:00,164,681.2,8.902439024390244,2724.8,High Value,21,0,0.0003418930654225154,0.009724270119439217,3.324660520131644e-06,2653.0
12381.0,5,1845.31,2011-08-12 09:57:00,2011-12-05 12:44:00,115,369.06,15.869565217391305,1845.3,High Value,4,0,6.333769779203342e-05,0.006585509267249407,4.171109957756784e-07,3694.0
12383.0,5,1850.56,2010-12-22 14:28:00,2011-06-08 08:02:00,167,370.11,10.928143712574851,1850.5500000000004,High Value,184,1,0.9999437089143093,0.006604245474724107,0.006603873714576167,63.0
12384.0,2,585.27,2011-08-10 11:23:00,2011-11-11 08:39:00,92,292.64,7.934782608695652,585.28,Medium Value,28,0,0.0009692269791155637,0.0020887480972935205,2.0244710084731803e-06,2848.0
12386.0,2,401.9,2010-12-08 09:53:00,2011-01-06 12:37:00,29,200.95,25.17241379310345,401.9,Medium Value,337,1,0.9999999999971443,0.0014343012922058943,0.0014343012922017984,611.0
12388.0,6,2780.66,2011-01-17 11:12:00,2011-11-24 12:30:00,311,463.44,7.041800643086817,2780.6400000000003,High Value,15,0,0.00017128247493511663,0.009923551990941524,1.6997305451557683e-06,2918.0
12390.0,1,549.84,2011-09-21 09:33:00,2011-09-21 09:33:00,1,549.84,365.0,549.84,Medium Value,79,0,0.14752739969367262,0.001962269774835753,0.0002894885573790071,1539.0
12391.0,1,460.89,2011-11-18 12:07:00,2011-11-18 12:07:00,1,460.89,365.0,460.89000000000004,Medium Value,21,0,0.0003389209488315134,0.00164482488819302,5.574656117680663e-07,3517.0
12393.0,4,1582.6000000000001,2011-01-11 09:47:00,2011-09-28 15:41:00,260,395.65,5.615384615384616,1582.6,High Value,71,0,0.07629242259697702,0.00564798513322978,0.00043089846860580995,1380.0
12394.0,2,1272.48,2011-05-06 14:01:00,2011-10-07 08:08:00,153,636.24,4.771241830065359,1272.4799999999998,High Value,63,0,0.03376839264605226,0.004541228435695836,0.00015334998491199468,1697.0
12395.0,12,3018.63,2010-12-03 16:35:00,2011-11-20 15:21:00,351,251.55,12.47863247863248,3018.600000000001,High Value,15,0,0.00015909556736235785,0.010772783977737533,1.713902179010271e-06,2914.0
12397.0,2,2409.9,2011-07-27 14:21:00,2011-11-04 09:52:00,99,1204.95,7.373737373737375,2409.9000000000005,High Value,35,0,0.0013266840706091393,0.008600454551099741,1.1410086052941902e-05,2263.0
12398.0,1,1635.6599999999999,2011-10-25 10:27:00,2011-10-25 10:27:00,1,1635.66,365.0,1635.66,High Value,45,0,0.0025809961475402156,0.0058373457367740566,1.5066166858474142e-05,2187.0
12399.0,4,1108.65,2011-03-23 09:42:00,2011-08-12 13:15:00,142,277.16,10.28169014084507,1108.64,Medium Value,118,1,0.9386133634937281,0.0039565160104283225,0.0037136388002649142,181.0
12401.0,1,84.3,2011-02-09 13:50:00,2011-02-09 13:50:00,1,84.3,365.0,84.3,Low Value,302,1,0.9999999998481475,0.0003008499600222864,0.0003008499599766016,1532.0
12402.0,1,225.6,2011-01-20 13:49:00,2011-01-20 13:49:00,1,225.6,365.0,225.6,Low Value,322,1,0.999999999981346,0.0008051216011984319,0.0008051216011834132,1008.0
12403.0,1,427.7,2011-10-21 10:51:00,2011-10-21 10:51:00,1,427.7,365.0,427.7,Medium Value,49,0,0.0070852587911969574,0.0015263763689386937,1.081477158669817e-05,2276.0
12405.0,1,1710.39,2011-07-14 08:52:00,2011-07-14 08:52:00,1,1710.39,365.0,1710.3900000000003,High Value,148,1,0.9942686575318913,0.006104042267171038,0.00606905791049807,71.0
12406.0,2,3415.3,2011-06-09 10:23:00,2011-11-17 19:22:00,161,1707.65,4.534161490683229,3415.3,High Value,21,0,0.0002201429854778314,0.012188527502539914,2.683218832987793e-06,2723.0
12407.0,5,1708.1200000000001,2011-03-20 13:21:00,2011-10-21 10:11:00,214,341.62,8.528037383177569,1708.0999999999997,High Value,49,0,0.00781227760241781,0.0060958697119106444,4.7622626417616637e-05,1939.0
12408.0,5,2888.55,2011-03-24 14:46:00,2011-11-07 12:27:00,227,577.71,8.039647577092511,2888.55,High Value,32,0,0.0011054073039727557,0.010308661352578593,1.1395269553322044e-05,2264.0
12409.0,3,11072.67,2011-06-10 12:19:00,2011-09-22 10:38:00,103,3690.89,10.63106796116505,11072.67,High Value,78,0,0.03934523897919431,0.03951616046073511,0.0015547727768678119,558.0
12410.0,2,693.3299999999999,2011-02-04 10:38:00,2011-02-04 10:39:00,1,346.66,730.0,693.32,Medium Value,300,1,0.9999999997026063,0.0024743214031156774,0.00247432140237983,311.0
12412.0,3,1226.88,2011-06-23 13:51:00,2011-09-26 10:16:00,94,408.96,11.648936170212766,1226.88,High Value,74,0,0.11472912152598796,0.0043784910907727495,0.0005023404364537223,1297.0
12413.0,3,758.1,2011-01-06 16:12:00,2011-10-04 09:00:00,270,252.7,4.055555555555555,758.0999999999998,Medium Value,66,0,0.04984271323322914,0.002705508359346326,0.00013484987730500318,1726.0
12414.0,3,562.41,2011-02-02 14:51:00,2011-05-06 14:51:00,93,187.47,11.774193548387096,562.41,Medium Value,216,1,0.9999985360288892,0.002007129608732314,0.0020071266703525514,422.0
12415.0,21,124914.53,2011-01-06 11:12:00,2011-11-15 14:22:00,313,5948.31,24.488817891373802,124914.51,High Value,23,0,1.9958052273184815e-05,0.4457950811352727,8.897201532426438e-06,2321.0
12417.0,9,3649.1,2010-12-17 11:51:00,2011-12-06 14:52:00,354,405.46,9.279661016949154,3649.1400000000003,High Value,2,0,3.8900433502592164e-05,0.013023056027470063,5.066025249971312e-07,3577.0
12418.0,1,668.58,2011-08-19 11:08:00,2011-08-19 11:08:00,1,668.58,365.0,668.58,Medium Value,112,1,0.8533022283813143,0.002386029255892055,0.0020360040810356995,417.0
12420.0,1,600.39,2011-10-07 08:55:00,2011-10-07 08:55:00,1,600.39,365.0,600.39,Medium Value,63,0,0.02901934696695855,0.002142672686806412,6.217896213506057e-05,1873.0
12421.0,4,807.04,2011-01-24 15:09:00,2011-11-24 09:07:00,303,201.76,4.818481848184819,807.04,Medium Value,15,0,0.00020531287288490222,0.0028801655010247448,5.913350533993742e-07,3482.0
12422.0,3,803.5600000000001,2011-01-19 09:13:00,2011-09-05 09:48:00,229,267.85,4.781659388646288,803.55,Medium Value,95,1,0.5526435054487996,0.002867710384055851,0.0015848215192565487,551.0
12423.0,8,1859.31,2010-12-21 10:54:00,2011-12-09 10:10:00,352,232.41,8.295454545454545,1859.28,High Value,0,0,3.495270697644372e-05,0.00663540111115346,2.3192523070931597e-07,3981.0
12424.0,2,1760.96,2011-06-30 12:06:00,2011-06-30 12:06:00,1,880.48,730.0,1760.96,High Value,162,1,0.9988205322907705,0.0062845165551701715,0.00627710417082523,68.0
12425.0,1,777.2,2011-09-22 17:31:00,2011-09-22 17:31:00,1,777.2,365.0,777.2,Medium Value,77,0,0.11105180393764684,0.002773672466539988,0.0003080213309414481,1525.0
12426.0,1,582.73,2011-05-29 12:26:00,2011-05-29 12:26:00,1,582.73,365.0,582.73,Medium Value,194,1,0.9999769536207039,0.002079647653662953,0.0020795997253143248,402.0
12427.0,3,825.8,2010-12-03 10:44:00,2011-11-18 08:56:00,349,275.27,3.1375358166189113,825.8100000000001,Medium Value,11,0,0.0001277766867330257,0.002947151903748569,3.7657730555992114e-07,3753.0
12428.0,9,7956.46,2011-03-01 09:33:00,2011-11-14 08:22:00,257,884.05,12.782101167315176,7956.45,High Value,25,0,0.00039667736696749216,0.02839499008801092,1.126364990318021e-05,2265.0
12429.0,4,3750.4,2010-12-09 12:05:00,2011-11-30 17:22:00,356,937.6,4.101123595505618,3750.4,High Value,8,0,6.518699252402335e-05,0.013384432859639181,8.724909247595917e-07,3276.0
12430.0,1,256.4,2011-10-27 15:09:00,2011-10-27 15:09:00,1,256.4,365.0,256.4,Low Value,42,0,0.0036191817773779996,0.0009150406850499908,3.311698572892408e-06,2654.0
12431.0,15,6487.45,2010-12-01 10:03:00,2011-11-04 11:55:00,338,432.5,16.198224852071004,6487.499999999999,High Value,35,0,0.0011879829820629563,0.02315259923659054,2.7504893883593358e-05,2052.0
12432.0,5,5059.32,2011-06-20 13:27:00,2011-10-28 11:43:00,129,1011.86,14.147286821705427,5059.3,High Value,42,0,0.002811487505024593,0.01805563704318806,5.0763197942182415e-05,1926.0
12433.0,7,13375.87,2010-12-01 13:24:00,2011-12-09 10:02:00,372,1910.84,6.868279569892473,13375.879999999997,High Value,0,0,1.5763979240571485e-05,0.04773585958793475,7.525070995750386e-07,3346.0
12434.0,2,806.14,2011-03-24 13:05:00,2011-09-16 12:38:00,175,403.07,4.171428571428572,806.14,Medium Value,84,0,0.2722857706973919,0.002876953579743368,0.0007833535227210435,1020.0
12435.0,2,7829.89,2011-03-17 07:40:00,2011-09-21 09:06:00,188,3914.94,3.882978723404255,7829.88,High Value,79,0,0.0383029472851764,0.02794328689180664,0.0010703102447914305,854.0
12436.0,1,509.01,2011-09-01 12:09:00,2011-09-01 12:09:00,1,509.01,365.0,509.01,Medium Value,99,1,0.6059651023232838,0.001816555612703962,0.0011007693077280918,817.0
12437.0,18,4951.41,2011-01-12 14:13:00,2011-12-08 11:35:00,329,275.08,19.969604863221885,4951.4400000000005,High Value,1,0,3.0195001685521393e-05,0.017670706121622182,5.33567001126735e-07,3543.0
12438.0,2,2906.85,2011-07-22 13:29:00,2011-11-25 13:28:00,125,1453.42,5.84,2906.8399999999997,High Value,13,0,0.00010715459284511586,0.010373934730619015,1.1116147522612872e-06,3123.0
12441.0,1,173.55,2010-12-08 10:45:00,2010-12-08 10:45:00,1,173.55,365.0,173.55,Low Value,366,1,0.9999999999998446,0.0006193654870921448,0.0006193654870920485,1175.0
12442.0,1,172.06,2011-12-06 14:22:00,2011-12-06 14:22:00,1,172.06,365.0,172.06,Low Value,2,0,4.982193883821995e-05,0.0006140479729707545,3.059306055308187e-08,4322.0
12444.0,5,5005.46,2011-06-21 14:00:00,2011-11-18 13:23:00,149,1001.09,12.248322147651006,5005.449999999999,High Value,20,0,0.0002587368099120759,0.017863457086519017,4.6219339005671965e-06,2528.0
12445.0,1,133.4,2011-11-17 18:43:00,2011-11-17 18:43:00,1,133.4,365.0,133.4,Low Value,21,0,0.0003967598270772883,0.00047607810992850543,1.8888866857051606e-07,4061.0
12446.0,1,1002.3100000000001,2011-10-13 12:50:00,2011-10-13 12:50:00,1,1002.31,365.0,1002.31,Medium Value,57,0,0.012701568672652184,0.003577045355040781,4.5434087222241994e-05,1949.0
12447.0,1,476.49,2011-04-10 13:25:00,2011-04-10 13:25:00,1,476.49,365.0,476.49,Medium Value,242,1,0.9999998786725698,0.0017004981904035499,0.0017004979840864742,509.0
12448.0,1,449.45,2011-10-26 13:46:00,2011-10-26 13:46:00,1,449.45,365.0,449.45,Medium Value,43,0,0.003674875840785736,0.0016039977999052978,5.894492763545452e-06,2453.0
12449.0,4,4067.29,2011-06-05 15:37:00,2011-11-17 13:46:00,164,1016.82,8.902439024390244,4067.2799999999997,High Value,21,0,0.00029090999333337086,0.014515314654797686,4.222650089458975e-06,2561.0
12450.0,2,197.88,2011-06-19 14:36:00,2011-07-06 14:41:00,17,98.94,42.94117647058823,197.88,Low Value,155,1,0.99901698977352,0.0007061944257320288,0.000705500229389651,1089.0
12451.0,5,9035.52,2011-01-19 09:05:00,2011-11-29 08:40:00,313,1807.1,5.830670926517572,9035.499999999998,High Value,10,0,5.347173507432082e-05,0.03224590526431042,1.7242445035248537e-06,2910.0
12452.0,2,430.57,2011-11-23 08:05:00,2011-11-23 10:28:00,1,215.28,730.0,430.56,Medium Value,16,0,0.00015974186136352247,0.0015365831410106244,2.4545665108484507e-07,3956.0
12453.0,1,707.09,2011-07-28 14:08:00,2011-07-28 14:08:00,1,707.09,365.0,707.09,Medium Value,133,1,0.9822821445472331,0.0025234637987207416,0.0024787534318947172,309.0
12454.0,1,3528.34,2011-10-14 17:13:00,2011-10-14 17:13:00,1,3528.34,365.0,3528.34,High Value,52,0,0.0022150812586765514,0.012591944815480831,2.7892180971060955e-05,2047.0
12455.0,6,2466.86,2011-02-16 09:56:00,2011-09-27 15:31:00,223,411.14,9.820627802690584,2466.84,High Value,72,0,0.08171242602723819,0.008803662104168173,0.0007193685884556419,1074.0
12456.0,3,3181.04,2011-03-30 09:12:00,2011-10-26 14:41:00,210,1060.35,5.214285714285714,3181.05,High Value,43,0,0.0030605075916868593,0.011352535769026029,3.474452190600078e-05,1997.0
12457.0,7,2363.23,2011-04-14 18:57:00,2011-10-04 13:13:00,172,337.6,14.854651162790699,2363.2000000000003,High Value,57,0,0.017969050110907537,0.008433791524610525,0.0001515472225306738,1701.0
12458.0,2,947.4,2011-02-28 10:55:00,2011-09-29 15:25:00,213,473.7,3.427230046948357,947.4,Medium Value,70,0,0.07190757446702893,0.003381082468862564,0.00024312543940890085,1595.0
12461.0,2,826.88,2011-07-08 10:23:00,2011-09-06 16:57:00,60,413.44,12.166666666666666,826.88,Medium Value,93,1,0.5144693719710327,0.002950970521271983,0.001518183950783828,572.0
12462.0,2,1189.59,2011-02-09 14:44:00,2011-11-21 09:11:00,284,594.79,2.5704225352112675,1189.58,Medium Value,1,0,3.976409905751317e-05,0.004245374797666802,1.6881350399069264e-07,4099.0
12463.0,4,1344.78,2011-04-12 12:47:00,2011-10-17 13:44:00,188,336.2,7.76595744680851,1344.8,High Value,45,0,0.005313320442696394,0.004799324154661574,2.5500347142089932e-05,2070.0
12464.0,8,1212.05,2011-02-03 13:30:00,2011-11-29 13:33:00,299,151.51,9.765886287625419,1212.08,High Value,9,0,9.968121299353433e-05,0.00432567282970122,4.311883146777917e-07,3670.0
12465.0,2,742.1899999999999,2011-06-23 13:37:00,2011-11-22 16:34:00,152,371.1,4.802631578947368,742.2,Medium Value,7,0,9.259217823423539e-05,0.002648764416708671,2.452548669723898e-07,3957.0
12468.0,2,729.5400000000001,2011-01-27 13:29:00,2011-06-05 11:36:00,128,364.77,5.703125,729.54,Medium Value,142,1,0.9952471440730172,0.0026035833906839717,0.0025912089339341655,291.0
12471.0,30,19824.05,2010-12-10 09:35:00,2011-12-07 15:43:00,362,660.8,30.248618784530386,19823.999999999996,High Value,1,0,1.8228532688199156e-05,0.07074791942445793,1.2896307618508116e-06,3046.0
12472.0,7,6572.11,2010-12-05 14:19:00,2011-11-07 14:01:00,336,938.87,7.604166666666666,6572.089999999999,High Value,30,0,0.0006625669097861727,0.023454484149025717,1.5540165083248738e-05,2178.0
12473.0,5,3938.5499999999997,2011-06-01 10:15:00,2011-11-10 13:46:00,162,787.71,11.265432098765432,3938.55,High Value,28,0,0.0006758645799441744,0.014055902847518103,9.499886873773947e-06,2309.0
12474.0,18,7375.79,2011-01-14 10:06:00,2011-11-22 14:39:00,312,409.77,21.05769230769231,7375.86,High Value,16,0,0.000145047941733968,0.026322979669394796,3.8180940213508005e-06,2605.0
12475.0,1,723.38,2011-10-17 10:10:00,2011-10-17 10:10:00,1,723.38,365.0,723.38,Medium Value,53,0,0.009452593816348843,0.00258159957391366,2.4402812168665072e-05,2078.0
12476.0,11,6816.42,2010-12-13 14:39:00,2011-11-24 12:40:00,345,619.67,11.63768115942029,6816.37,High Value,0,0,2.7047844577947174e-05,0.024326270960819837,6.579731961092847e-07,3425.0
12477.0,6,13219.74,2011-02-11 12:45:00,2011-11-17 09:51:00,278,2203.29,7.8776978417266195,13219.74,High Value,22,0,0.00016165087567652372,0.04717862693363013,7.6264663570373385e-06,2370.0
12478.0,1,680.99,2011-12-06 09:56:00,2011-12-06 09:56:00,1,680.99,365.0,680.99,Medium Value,3,0,4.345625943622535e-05,0.002430318081560816,1.056125330648563e-07,4208.0
12479.0,1,527.2,2011-11-28 13:26:00,2011-11-28 13:26:00,1,527.2,365.0,527.2,Medium Value,3,0,4.6794760205626564e-05,0.0018814721106020095,8.804303624919514e-08,4236.0
12480.0,4,3281.63,2011-01-07 15:27:00,2011-11-11 14:52:00,307,820.41,4.755700325732899,3281.6400000000003,High Value,27,0,0.0005570549068855547,0.011711521504241235,6.523960521033272e-06,2421.0
12481.0,10,5596.32,2010-12-09 10:13:00,2011-11-17 08:29:00,342,559.63,10.67251461988304,5596.299999999999,High Value,22,0,0.0003093321990561351,0.019972083407742838,6.178008480249641e-06,2436.0
12483.0,8,2484.98,2011-01-04 14:20:00,2011-11-22 17:02:00,322,310.62,9.068322981366459,2484.9599999999996,High Value,16,0,0.00019400771420869587,0.008868328785966556,1.7205241966165504e-06,2913.0
12484.0,6,4541.72,2011-01-07 14:04:00,2011-11-07 11:37:00,303,756.95,7.227722772277228,4541.7,High Value,32,0,0.0009407786449160076,0.01620842542625407,1.5248540508733466e-05,2182.0
12488.0,3,1298.66,2011-09-25 10:34:00,2011-11-30 08:50:00,65,432.89,16.846153846153847,1298.67,High Value,9,0,0.00011445731088897687,0.004634695344983899,5.304747659765161e-07,3546.0
12489.0,1,334.93,2011-01-07 13:13:00,2011-01-07 13:13:00,1,334.93,365.0,334.93,Low Value,335,1,0.9999999999951861,0.0011952986608572288,0.0011952986608514747,731.0
12490.0,10,5417.93,2011-01-14 09:13:00,2011-12-04 16:07:00,324,541.79,11.265432098765432,5417.9,High Value,4,0,4.500061501230904e-05,0.019335409233745496,8.701053070332265e-07,3278.0
12491.0,1,460.40000000000003,2011-11-01 12:18:00,2011-11-01 12:18:00,1,460.4,365.0,460.4,Medium Value,38,0,0.002130981882967491,0.0016430761754953813,3.501365562316171e-06,2631.0
12492.0,2,263.21000000000004,2011-08-26 14:51:00,2011-10-07 15:15:00,42,131.61,17.38095238095238,263.21999999999997,Low Value,62,0,0.04093098646086494,0.0009393799107599789,3.844974640892521e-05,1982.0
12493.0,2,433.74,2011-05-26 14:53:00,2011-06-27 10:17:00,31,216.87,23.548387096774192,433.73999999999995,Medium Value,165,1,0.9996496587815625,0.0015479319295381552,0.0015473896251799026,559.0
12494.0,7,1246.1000000000001,2010-12-09 11:31:00,2011-11-24 09:34:00,349,178.01,7.320916905444126,1246.0700000000002,High Value,9,0,9.762751103215938e-05,0.004446976390094549,4.3414723658370786e-07,3664.0
12497.0,1,1043.1,2011-09-19 12:29:00,2011-09-19 12:29:00,1,1043.1,365.0,1043.1,Medium Value,81,0,0.14491554836456266,0.0037226167651156217,0.0005394650498678447,1264.0
12498.0,3,403.70000000000005,2011-10-13 09:30:00,2011-11-18 12:53:00,36,134.57,30.416666666666664,403.7099999999999,Medium Value,20,0,0.0004381494678168181,0.0014407608227828851,6.312685877536421e-07,3449.0
12500.0,11,4257.82,2011-01-10 09:48:00,2011-11-16 16:20:00,310,387.07,12.951612903225806,4257.7699999999995,High Value,22,0,0.00033474533565783313,0.015195135638008188,5.086500779511354e-06,2497.0
12501.0,1,2169.39,2011-01-07 12:28:00,2011-01-07 12:28:00,1,2169.39,365.0,2169.39,High Value,314,1,0.9999999998869809,0.007742122120673166,0.007742122119798157,46.0
12502.0,5,3723.87,2011-02-03 10:41:00,2011-09-05 11:52:00,214,744.77,8.528037383177569,3723.8499999999995,High Value,95,1,0.4852345748221806,0.013289681181838564,0.00644861279779177,66.0
12504.0,2,482.04999999999995,2011-11-09 14:56:00,2011-11-21 16:02:00,12,241.02,60.83333333333333,482.03999999999996,Medium Value,17,0,0.00030540729551071843,0.0017203050383053726,5.253937092023068e-07,3555.0
12506.0,1,73.5,2011-04-21 08:54:00,2011-04-21 08:54:00,1,73.5,365.0,73.5,Low Value,232,1,0.9999997050040996,0.0002623069046457657,0.0002623068272663042,1572.0
12507.0,3,1304.81,2011-02-14 09:24:00,2011-07-28 17:09:00,164,434.94,6.676829268292683,1304.82,High Value,133,1,0.9864392181046718,0.004656643473739973,0.004593495747228281,129.0
12508.0,2,398.27,2011-11-10 16:27:00,2011-11-13 15:37:00,2,199.14,365.0,398.28,Medium Value,25,0,0.0005781325766205864,0.0014213822310519123,8.217473716007598e-07,3309.0
12509.0,1,176.5,2011-02-28 14:45:00,2011-02-28 14:45:00,1,176.5,365.0,176.5,Low Value,283,1,0.9999999987587151,0.0006298934512922129,0.0006298934505103357,1166.0
12510.0,2,982.5699999999999,2011-01-18 14:04:00,2011-07-20 10:15:00,182,491.28,4.010989010989011,982.56,Medium Value,142,1,0.9947691493539508,0.003506561526921681,0.003488219227293171,202.0
12512.0,2,138.03,2011-10-04 14:53:00,2011-10-04 14:55:00,1,69.02,730.0,138.04,Low Value,65,0,0.033326980286563876,0.0004926373485347142,1.6418115203041518e-05,2167.0
12513.0,1,612.29,2011-08-19 10:51:00,2011-08-19 10:51:00,1,612.29,365.0,612.29,Medium Value,84,0,0.22391944708432276,0.0021851414237490595,0.0004892956594069393,1309.0
12514.0,1,1017.68,2011-03-17 16:38:00,2011-03-17 16:38:00,1,1017.68,365.0,1017.6799999999998,Medium Value,266,1,0.9999999882818423,0.0036318978329238478,0.0036318977903646962,190.0
12515.0,1,383.7,2010-12-21 15:43:00,2010-12-21 15:43:00,1,383.7,365.0,383.7,Low Value,352,1,0.9999999999992173,0.0013693491062936095,0.0013693491062925377,636.0
12516.0,2,1312.06,2011-06-12 11:37:00,2011-09-23 09:13:00,102,656.03,7.1568627450980395,1312.0600000000002,High Value,77,0,0.14000961546567603,0.004682481596047937,0.0006555924476877767,1136.0
12517.0,5,2502.84,2011-06-02 15:13:00,2011-11-11 14:04:00,161,500.57,11.335403726708075,2502.85,High Value,27,0,0.0006968386548383557,0.00893217464343748,6.224284563314243e-06,2434.0
12518.0,5,2056.89,2011-08-21 13:18:00,2011-12-09 10:13:00,109,411.38,16.743119266055047,2056.9,High Value,0,0,4.0387690330932695e-05,0.007340667648515313,2.9647261181053234e-07,3878.0
12519.0,1,340.84,2011-10-07 09:26:00,2011-10-07 09:26:00,1,340.84,365.0,340.84,Low Value,63,0,0.03275419964689131,0.0012163902772716025,3.984188999029155e-05,1973.0
12520.0,5,2634.26,2011-03-11 11:35:00,2011-09-21 15:23:00,194,526.85,9.407216494845361,2634.2500000000005,High Value,78,0,0.14412837417111532,0.009401115150518483,0.001354967442039669,645.0
12521.0,1,599.68,2011-07-20 10:51:00,2011-07-20 10:51:00,1,599.68,365.0,599.68,Medium Value,142,1,0.9935754842777657,0.002140138837795548,0.002126389482184366,389.0
12522.0,2,192.72,2011-10-19 14:41:00,2011-10-31 15:30:00,12,96.36,60.83333333333333,192.71999999999997,Low Value,38,0,0.003170052361970283,0.0006877794103854689,2.1802967444069842e-06,2814.0
12523.0,11,1789.77,2011-01-12 09:43:00,2011-11-20 12:55:00,312,162.71,12.868589743589743,1789.8100000000002,High Value,1,0,3.8369220716884654e-05,0.006387476476245415,2.45082494740969e-07,3959.0
12524.0,8,4485.72,2011-01-10 10:35:00,2011-11-30 15:31:00,324,560.72,9.012345679012345,4485.76,High Value,8,0,7.226824863522113e-05,0.01600878667460939,1.1569269757488862e-06,3105.0
12526.0,3,1316.66,2011-09-06 14:19:00,2011-12-09 12:09:00,93,438.89,11.774193548387096,1316.6699999999998,High Value,0,0,4.245072442789726e-05,0.004698933770611433,1.9947314260116614e-07,4039.0
12527.0,3,348.71000000000004,2011-01-18 12:05:00,2011-09-19 11:55:00,243,116.24,4.506172839506172,348.71999999999997,Low Value,81,0,0.2243676925135112,0.0012445124324907675,0.0002792283827823304,1549.0
12528.0,6,1933.48,2011-01-31 09:05:00,2011-11-30 14:40:00,303,322.25,7.227722772277228,1933.5,High Value,8,0,8.639719543313634e-05,0.006900277552824327,5.961646282742472e-07,3479.0
12530.0,4,1662.28,2011-01-07 10:04:00,2011-10-11 12:34:00,277,415.57,5.270758122743683,1662.28,High Value,59,0,0.02159139927877723,0.005932347230674332,0.00012808767771783789,1733.0
12531.0,1,125.22,2011-11-25 11:12:00,2011-11-25 11:12:00,1,125.22,365.0,125.22000000000001,Low Value,14,0,0.00018675130373688845,0.0004468853142822148,8.345641506307275e-08,4245.0
12532.0,1,349.83000000000004,2011-11-09 13:47:00,2011-11-09 13:47:00,1,349.83,365.0,349.83,Low Value,29,0,0.0008495042579388281,0.0012484738020711321,1.0605838107845045e-06,3147.0
12534.0,1,1089.18,2011-08-01 10:26:00,2011-08-01 10:26:00,1,1089.18,365.0,1089.18,Medium Value,130,1,0.9708771155134884,0.0038870671347221103,0.003773864527566283,175.0
12535.0,2,716.35,2011-06-06 12:47:00,2011-09-09 08:48:00,94,358.18,7.76595744680851,716.36,Medium Value,91,1,0.46219589420185025,0.0025565465879189217,0.001181625336271875,743.0
12536.0,3,12601.830000000002,2011-10-11 14:52:00,2011-10-27 14:20:00,15,4200.61,73.0,12601.829999999998,High Value,7,0,1.4842902504581433e-05,0.044973428845879584,6.67536219656121e-07,3420.0
12538.0,1,363.95,2011-11-10 17:16:00,2011-11-10 17:16:00,1,363.95,365.0,363.95,Low Value,28,0,0.0007572597639513923,0.0012988652781745092,9.835784139550884e-07,3190.0
12539.0,4,5568.35,2011-01-10 09:11:00,2011-11-17 13:30:00,311,1392.09,4.694533762057878,5568.36,High Value,21,0,0.00022045951572463755,0.01987237109596321,4.381053308116334e-06,2551.0
12540.0,17,13400.24,2010-12-13 09:39:00,2011-11-20 11:31:00,342,788.25,18.14327485380117,13400.25,High Value,19,0,0.00016827102950832068,0.04782283127863159,8.047197053258057e-06,2352.0
12541.0,3,981.18,2011-03-04 09:32:00,2011-11-10 10:40:00,251,327.06,4.362549800796812,981.1800000000001,Medium Value,29,0,0.0009333191607687483,0.003501636580956904,3.268144515055847e-06,2659.0
12544.0,1,372.7,2011-11-03 16:15:00,2011-11-03 16:15:00,1,372.7,365.0,372.7,Low Value,29,0,0.000840212504146241,0.0013300922906323385,1.1175601742578068e-06,3118.0
12545.0,2,1000.39,2011-03-25 12:04:00,2011-09-25 13:39:00,184,500.2,3.967391304347826,1000.4,Medium Value,74,0,0.10734014178409303,0.0035702289443214153,0.0003832288810851335,1445.0
12546.0,2,1161.5,2011-09-23 09:44:00,2011-10-24 12:09:00,31,580.75,23.548387096774192,1161.4999999999998,Medium Value,46,0,0.006061054942342979,0.004145162853687848,2.5124059801161255e-05,2076.0
12547.0,2,207.79999999999998,2011-03-04 12:46:00,2011-05-26 12:38:00,82,103.9,8.902439024390244,207.8,Low Value,197,1,0.9999893704776207,0.0007415969358556478,0.0007415890530344218,1048.0
12548.0,1,95.19999999999999,2011-06-26 15:35:00,2011-06-26 15:35:00,1,95.2,365.0,95.2,Low Value,165,1,0.9995794741560504,0.00033974989554118226,0.000339607021929628,1497.0
12550.0,1,964.83,2011-09-21 14:35:00,2011-09-21 14:35:00,1,964.83,365.0,964.83,Medium Value,78,0,0.1128348180175735,0.00344328667767856,0.0003885226256581956,1437.0
12551.0,1,168.0,2010-12-17 11:23:00,2010-12-17 11:23:00,1,168.0,365.0,168.0,Low Value,357,1,0.9999999999995894,0.0005995586391903217,0.0005995586391900756,1193.0
12552.0,2,437.82,2011-10-31 12:11:00,2011-11-01 10:02:00,1,218.91,730.0,437.82,Medium Value,38,0,0.0017226032950191663,0.001562492639347063,2.6915549689824446e-06,2722.0
12553.0,10,3692.28,2011-01-14 10:42:00,2011-12-01 16:38:00,321,369.23,11.370716510903426,3692.3,High Value,7,0,6.778860787587111e-05,0.013177085496919195,8.932562816974835e-07,3260.0
12556.0,2,603.71,2011-07-11 13:35:00,2011-10-20 13:06:00,100,301.86,7.3,603.7199999999999,Medium Value,49,0,0.009245735062052141,0.0021545567955475057,1.992046130777628e-05,2120.0
12557.0,5,11990.960000000001,2010-12-03 12:20:00,2011-11-23 16:59:00,355,2398.19,5.140845070422535,11990.95,High Value,15,0,6.720773342629293e-05,0.04279331943213802,2.8760420048213335e-06,2699.0
12558.0,1,269.96,2011-12-02 10:41:00,2011-12-02 10:41:00,1,269.96,365.0,269.96,Low Value,1,0,4.265310426833927e-05,0.0009634336323560668,4.109343517650816e-08,4309.0
12559.0,2,561.71,2011-01-24 10:12:00,2011-02-02 09:49:00,8,280.86,91.25,561.72,Medium Value,310,1,0.999999999942528,0.0020046671357499255,0.0020046671356347134,423.0
12560.0,3,2134.01,2011-07-19 15:55:00,2011-12-04 13:54:00,137,711.34,7.992700729927008,2134.02,High Value,4,0,5.5886427210210905e-05,0.007615893614315061,4.256250841171287e-07,3681.0
12561.0,1,238.85,2011-02-10 11:39:00,2011-02-10 11:39:00,1,238.85,365.0,238.85,Low Value,302,1,0.9999999998364211,0.0008524082200631447,0.0008524082199237087,978.0
12562.0,7,3781.7400000000002,2011-05-25 12:44:00,2011-12-01 17:20:00,190,540.25,13.44736842105263,3781.7499999999995,High Value,7,0,7.323564683273696e-05,0.013496314784273801,9.884113430845226e-07,3187.0
12564.0,1,456.9,2011-03-23 14:55:00,2011-03-23 14:55:00,1,456.9,365.0,456.9,Medium Value,260,1,0.9999999828723914,0.0016305853705122497,0.0016305853425842218,533.0
12565.0,1,145.92,2011-02-24 10:34:00,2011-02-24 10:34:00,1,145.92,365.0,145.92,Low Value,281,1,0.9999999984812091,0.0005207595037538793,0.0005207595029629545,1278.0
12566.0,1,351.65,2011-09-14 14:30:00,2011-09-14 14:30:00,1,351.65,365.0,351.65,Low Value,72,0,0.08192777063731295,0.0012549690206623606,0.00010281681408175913,1781.0
12567.0,10,9401.28,2010-12-05 11:57:00,2011-11-17 11:02:00,346,940.13,10.549132947976878,9401.3,High Value,22,0,0.00025690515159251424,0.03355137282511887,8.619520521774126e-06,2331.0
12569.0,32,4124.69,2011-04-01 13:47:00,2011-12-07 16:24:00,250,128.9,46.72,4124.800000000001,High Value,1,0,2.3893681664272236e-05,0.0147205921126919,3.5172914185025696e-07,3799.0
12571.0,2,519.61,2011-08-10 12:35:00,2011-10-31 10:19:00,81,259.8,9.012345679012345,519.6,Medium Value,39,0,0.0032528613191465305,0.0018543492197814948,6.031940849216773e-06,2445.0
12572.0,2,1020.42,2011-10-19 08:20:00,2011-12-01 09:20:00,43,510.21,16.97674418604651,1020.4199999999998,Medium Value,8,0,0.00010288879737545991,0.003641676348824928,3.746876999612527e-07,3756.0
12573.0,1,160.54000000000002,2011-04-26 15:52:00,2011-04-26 15:52:00,1,160.54,365.0,160.54,Low Value,226,1,0.9999994110676278,0.0005729353805691323,0.0005729350431489395,1220.0
12574.0,1,218.45,2011-01-28 09:20:00,2011-01-28 09:20:00,1,218.45,365.0,218.45,Low Value,315,1,0.9999999999603408,0.0007796046710186057,0.0007796046709876872,1022.0
12576.0,5,1315.83,2011-02-08 11:31:00,2011-11-04 10:11:00,268,263.17,6.809701492537313,1315.85,High Value,35,0,0.0017311176620430008,0.004696007353443957,8.129341270630643e-06,2349.0
12577.0,3,657.8,2010-12-15 16:21:00,2011-11-04 13:24:00,323,219.27,3.390092879256966,657.8100000000001,Medium Value,34,0,0.0016081930922997403,0.002347593264558247,3.7753832715919696e-06,2609.0
12578.0,2,2794.51,2011-01-13 15:34:00,2011-11-18 13:30:00,308,1397.26,2.3701298701298703,2794.52,High Value,20,0,0.00020788328793959934,0.0099730869547032,2.073238107051227e-06,2832.0
12579.0,1,440.42,2011-09-22 17:15:00,2011-09-22 17:15:00,1,440.42,365.0,440.4200000000001,Medium Value,72,0,0.07877102672237994,0.0015717715230488185,0.0001238100566435543,1747.0
12580.0,1,415.7,2011-04-07 10:24:00,2011-04-07 10:24:00,1,415.7,365.0,415.7,Medium Value,246,1,0.9999999235785942,0.0014835507518536708,0.0014835506384786369,587.0
12581.0,1,197.71,2011-10-31 08:56:00,2011-10-31 08:56:00,1,197.71,365.0,197.71000000000004,Low Value,39,0,0.002693107997561523,0.0007055877294899911,1.9002239572707717e-06,2864.0
12582.0,2,511.36,2011-02-24 11:42:00,2011-04-15 08:45:00,49,255.68,14.897959183673468,511.3599999999999,Medium Value,238,1,0.9999998671793463,0.0018249422960497786,0.00182494205365975,473.0
12583.0,15,7281.38,2010-12-01 08:45:00,2011-12-07 08:07:00,370,485.43,14.797297297297298,7281.45,High Value,2,0,3.191325015126225e-05,0.025986049126978376,8.292992862322509e-07,3302.0
12584.0,9,2338.15,2011-03-04 15:15:00,2011-12-06 09:35:00,276,259.79,11.902173913043478,2338.1100000000006,High Value,3,0,4.892855762049869e-05,0.008344250296888591,4.082721314511767e-07,3708.0
12585.0,2,2040.1,2010-12-23 12:58:00,2011-04-19 13:39:00,117,1020.05,6.23931623931624,2040.1,High Value,233,1,0.9999996571654365,0.007280711784596281,0.007280709288516634,52.0
12586.0,1,196.94000000000003,2011-11-22 16:24:00,2011-11-22 16:24:00,1,196.94,365.0,196.94000000000003,Low Value,16,0,0.00022401371764735196,0.0007028397523937022,1.5744574584405755e-07,4132.0
12587.0,1,144.0,2011-12-02 12:47:00,2011-12-02 12:47:00,1,144.0,365.0,144.0,Low Value,7,0,8.67593743435382e-05,0.0005139074050202756,4.45862849300704e-08,4306.0
12588.0,1,214.89999999999998,2011-10-31 15:01:00,2011-10-31 15:01:00,1,214.9,365.0,214.9,Low Value,38,0,0.0023976177261319735,0.0007669354259642865,1.838817972090549e-06,2879.0
12589.0,2,646.68,2011-07-18 12:05:00,2011-11-11 10:19:00,115,323.34,6.3478260869565215,646.6799999999998,Medium Value,28,0,0.0009414201865447331,0.0023078725047118876,2.1726777639073255e-06,2816.0
12590.0,2,9864.26,2011-05-12 14:46:00,2011-05-12 14:52:00,1,4932.13,730.0,9864.26,High Value,189,1,0.9995536663118519,0.03520358513225906,0.035187872586270943,3.0
12591.0,1,452.84999999999997,2011-01-26 14:35:00,2011-01-26 14:35:00,1,452.85,365.0,452.85,Medium Value,316,1,0.9999999999601592,0.0016161317247460547,0.0016161317246816667,540.0
12592.0,2,437.6,2011-05-10 13:44:00,2011-09-08 15:04:00,121,218.8,6.033057851239669,437.6,Medium Value,91,1,0.474674458481343,0.001561707503033838,0.0007413026633088373,1049.0
12593.0,3,418.09999999999997,2011-05-05 09:29:00,2011-08-23 12:43:00,110,139.37,9.954545454545453,418.1099999999999,Medium Value,108,1,0.8528583665259755,0.0014921515632849126,0.0012725939448723512,685.0
12594.0,10,3338.2200000000003,2011-01-21 09:52:00,2011-11-02 12:20:00,285,333.82,12.807017543859649,3338.2,High Value,37,0,0.001812266212423711,0.01191337291276864,2.1590203205814458e-05,2102.0
12596.0,2,618.27,2011-04-11 13:22:00,2011-10-19 13:02:00,190,309.14,3.8421052631578947,618.28,Medium Value,50,0,0.009679071146768886,0.0022065185442773335,2.1357049976725224e-05,2105.0
12597.0,4,3811.22,2011-03-16 14:00:00,2011-11-20 13:33:00,248,952.8,5.887096774193548,3811.2,High Value,18,0,0.0002052868620979088,0.013601415986203296,2.7921920078960084e-06,2708.0
12598.0,8,3023.08,2011-02-28 11:58:00,2011-11-30 12:18:00,275,377.88,10.618181818181819,3023.0400000000004,High Value,9,0,9.08029062183889e-05,0.010788629456058988,9.796389087234725e-07,3197.0
12599.0,7,1032.58,2011-02-08 13:28:00,2011-11-10 13:34:00,275,147.51,9.290909090909091,1032.57,Medium Value,28,0,0.0008128673651516585,0.003685037286123514,2.995446549256839e-06,2683.0
12600.0,10,2599.04,2010-12-03 12:57:00,2011-11-11 10:29:00,342,259.9,10.67251461988304,2598.9999999999995,High Value,28,0,0.0006838644348477272,0.009275314900331224,6.343057982349716e-06,2429.0
12601.0,5,577.0600000000001,2011-01-11 10:38:00,2011-06-03 10:17:00,142,115.41,12.852112676056338,577.05,Medium Value,189,1,0.9999714596757633,0.002059376861576042,0.002059318086292687,408.0
12602.0,1,153.12,2011-10-12 11:22:00,2011-10-12 11:22:00,1,153.12,365.0,153.12,Low Value,58,0,0.021117991157775694,0.0005464548740048931,1.1540029197358764e-05,2259.0
12603.0,1,739.1999999999999,2011-11-18 10:42:00,2011-11-18 10:42:00,1,739.2,365.0,739.2,Medium Value,21,0,0.00029644384051388453,0.0026380580124374152,7.820360487053723e-07,3329.0
12604.0,2,254.18,2011-03-23 12:06:00,2011-09-21 14:08:00,182,127.09,4.010989010989011,254.17999999999998,Low Value,78,0,0.18178145551029762,0.0009071179458892616,0.00016489722052326136,1675.0
12607.0,1,1579.51,2011-10-10 16:06:00,2011-10-10 16:06:00,1,1579.51,365.0,1579.51,High Value,57,0,0.009650432393573112,0.005636957536830386,5.439907761462406e-05,1906.0
12609.0,3,1126.85,2011-01-25 15:13:00,2011-09-22 16:34:00,240,375.62,4.5625,1126.8600000000001,Medium Value,77,0,0.14231361382893196,0.004021539572369083,0.0005723198296999018,1221.0
12610.0,5,2099.54,2011-08-05 13:52:00,2011-11-17 09:34:00,103,419.91,17.718446601941746,2099.55,High Value,22,0,0.0004364371468492421,0.0074928770292383325,3.270169872333003e-06,2658.0
12611.0,1,1193.32,2011-10-18 13:12:00,2011-10-18 13:12:00,1,1193.32,365.0,1193.32,Medium Value,51,0,0.006092181869953773,0.004258722114991635,2.5944909658123225e-05,2065.0
12612.0,1,704.0400000000001,2011-09-26 15:35:00,2011-09-26 15:35:00,1,704.04,365.0,704.04,Medium Value,57,0,0.014633669971987378,0.002512578954378298,3.676825119693314e-05,1990.0
12613.0,5,3344.38,2011-03-22 15:42:00,2011-10-13 14:59:00,204,668.88,8.946078431372548,3344.4,High Value,30,0,0.0008650384165148417,0.011935499481595903,1.0324665571873433e-05,2286.0
12614.0,1,315.6,2011-03-07 10:22:00,2011-03-07 10:22:00,1,315.6,365.0,315.6,Low Value,277,1,0.9999999974590099,0.0011263137293361042,0.0011263137264741522,789.0
12615.0,4,2291.19,2011-06-24 13:35:00,2011-12-07 15:02:00,166,572.8,8.795180722891567,2291.2,High Value,1,0,4.1299030225040826e-05,0.008176837822100385,3.376954723601808e-07,3817.0
12616.0,2,713.3,2011-02-15 14:17:00,2011-09-05 15:17:00,202,356.65,3.613861386138614,713.3,Medium Value,84,0,0.2731567541719783,0.0025456260555622406,0.0006953549506729978,1097.0
12617.0,1,355.53,2011-11-10 14:39:00,2011-11-10 14:39:00,1,355.53,365.0,355.53,Low Value,28,0,0.0007603325052742887,0.001268815970186518,9.647220253439426e-07,3206.0
12618.0,1,177.31,2011-11-18 11:10:00,2011-11-18 11:10:00,1,177.31,365.0,177.31,Low Value,21,0,0.00038846589774151047,0.0006327841804454519,2.458150747333684e-07,3954.0
12619.0,9,3641.24,2011-03-31 13:10:00,2011-11-23 14:52:00,237,404.58,13.860759493670887,3641.2200000000003,High Value,15,0,0.00017147370123707264,0.012994791120193947,2.2282649301823014e-06,2805.0
12620.0,3,1339.41,2011-05-19 12:10:00,2011-11-25 10:20:00,189,446.47,5.7936507936507935,1339.4099999999999,High Value,14,0,0.00018117760593677713,0.004780088314987552,8.660449570758076e-07,3280.0
12621.0,20,13689.67,2010-12-09 10:16:00,2011-12-08 11:25:00,364,684.48,20.054945054945055,13689.6,High Value,1,0,2.3073894405645745e-05,0.04885546397059421,1.127285816796321e-06,3110.0
12622.0,1,180.1,2011-04-21 16:39:00,2011-04-21 16:39:00,1,180.1,365.0,180.1,Low Value,231,1,0.9999996539749096,0.0006427411364177197,0.0006427409140131599,1146.0
12623.0,1,305.1,2011-03-08 13:50:00,2011-03-08 13:50:00,1,305.1,365.0,305.1,Low Value,275,1,0.9999999968607434,0.0010888413143867093,0.001088841310968557,837.0
12624.0,2,641.13,2011-06-15 12:34:00,2011-08-25 15:04:00,71,320.56,10.28169014084507,641.12,Medium Value,105,1,0.8014825128832874,0.0022880299687958274,0.0018338160089427496,468.0
12625.0,2,2683.82,2011-01-24 13:27:00,2011-05-12 09:54:00,107,1341.91,6.822429906542055,2683.82,High Value,211,1,0.9999956965713741,0.009578020637093863,0.009577979418765674,33.0
12626.0,9,6620.48,2011-01-17 11:01:00,2011-11-16 16:06:00,303,735.61,10.841584158415841,6620.490000000001,High Value,22,0,0.00029892206672375317,0.023627214137935316,7.062695681036305e-06,2397.0
12627.0,7,4478.53,2011-07-22 13:59:00,2011-11-29 12:07:00,129,639.79,19.8062015503876,4478.53,High Value,10,0,0.00010015954709975485,0.015982984240315662,1.600848462812536e-06,2951.0
12628.0,3,786.46,2011-10-06 09:28:00,2011-12-05 13:15:00,60,262.15,18.25,786.4499999999998,Medium Value,3,0,6.505334378114478e-05,0.0028066838797096926,1.8258417131175183e-07,4076.0
12630.0,2,1270.88,2011-10-27 10:41:00,2011-11-30 10:48:00,34,635.44,21.470588235294116,1270.88,High Value,9,0,0.00010820114149193201,0.004535518353417834,4.907482630974175e-07,3596.0
12631.0,1,640.5,2011-10-13 13:53:00,2011-10-13 13:53:00,1,640.5,365.0,640.5,Medium Value,56,0,0.01355503675178943,0.002285817311913101,3.098433767085861e-05,2023.0
12633.0,4,2163.98,2011-02-25 08:44:00,2011-10-12 11:40:00,229,541.0,6.375545851528384,2163.9999999999995,High Value,58,0,0.018883039202344055,0.0077228862809991415,0.00014583156439935187,1711.0
12635.0,2,1689.18,2011-07-08 08:43:00,2011-09-11 11:04:00,65,844.59,11.230769230769232,1689.1800000000003,High Value,89,0,0.3577324439686645,0.00602834798897326,0.002156535659188988,378.0
12637.0,8,6021.9,2011-01-20 10:47:00,2011-10-03 13:46:00,256,752.74,11.40625,6021.919999999999,High Value,66,0,0.03539997746422127,0.021491036669720125,0.0007607822137908454,1040.0
12638.0,1,671.69,2011-11-06 13:11:00,2011-11-06 13:11:00,1,671.69,365.0,671.69,Medium Value,32,0,0.0010065784059903717,0.002397128228319924,2.4128975110167926e-06,2766.0
12639.0,1,486.1,2011-04-15 12:48:00,2011-04-15 12:48:00,1,486.1,365.0,486.1,Medium Value,238,1,0.9999998120661808,0.0017347943720858057,0.001734794046059274,497.0
12640.0,3,1174.58,2011-09-19 12:01:00,2011-11-16 11:52:00,57,391.53,19.210526315789473,1174.59,Medium Value,23,0,0.0005330256785459417,0.004191878464324761,2.234378862828826e-06,2801.0
12641.0,1,185.9,2011-08-16 13:26:00,2011-08-16 13:26:00,1,185.9,365.0,185.9,Low Value,114,1,0.9011030068320081,0.0006634401846754809,0.0005978279452642586,1194.0
12642.0,3,1013.26,2011-08-24 09:23:00,2011-11-14 15:03:00,82,337.75,13.353658536585366,1013.25,Medium Value,24,0,0.0006021310661827298,0.003616088042616627,2.17735894851137e-06,2815.0
12643.0,6,3344.64,2011-01-11 11:48:00,2011-08-03 12:56:00,204,557.44,10.735294117647058,3344.6399999999994,High Value,127,1,0.9699923711620315,0.011936355993937602,0.011578174253593662,22.0
12644.0,1,477.91,2011-08-02 10:33:00,2011-08-02 10:33:00,1,477.91,365.0,477.9100000000001,Medium Value,129,1,0.9756990590669385,0.0017055658884252778,0.0016641190325132106,519.0
12645.0,4,1775.18,2011-01-27 13:08:00,2011-11-06 12:38:00,282,443.8,5.177304964539007,1775.2,High Value,33,0,0.00129899062002844,0.006335336287444399,8.229542412116074e-06,2346.0
12646.0,2,1346.97,2011-10-21 12:52:00,2011-12-05 10:14:00,44,673.48,16.59090909090909,1346.96,High Value,4,0,6.166870386975806e-05,0.0048070327657368786,2.9644348012245163e-07,3879.0
12647.0,12,3722.82,2010-12-05 14:02:00,2011-11-17 12:56:00,346,310.24,12.658959537572253,3722.8799999999997,High Value,21,0,0.00029703104994216646,0.013286219444457526,3.946419711349247e-06,2589.0
12648.0,1,318.05,2011-07-08 11:55:00,2011-07-08 11:55:00,1,318.05,365.0,318.05,Low Value,154,1,0.9984618773639081,0.0011350572928242964,0.0011333114355089422,780.0
12649.0,3,623.51,2011-05-11 14:37:00,2011-08-24 14:41:00,105,207.84,10.428571428571429,623.5200000000001,Medium Value,106,1,0.8191754686453012,0.002225219063737794,0.001822844869375866,474.0
12650.0,1,314.44,2011-12-06 16:34:00,2011-12-06 16:34:00,1,314.44,365.0,314.44,Low Value,2,0,4.652225160774472e-05,0.001122173919684552,5.2206057439213846e-08,4290.0
12651.0,1,114.0,2011-01-09 12:46:00,2011-01-09 12:46:00,1,114.0,365.0,114.0,Low Value,334,1,0.9999999999951767,0.00040684336230771827,0.000406843362305756,1403.0
12652.0,1,919.98,2011-01-12 15:00:00,2011-01-12 15:00:00,1,919.98,365.0,919.98,Medium Value,321,1,0.9999999999709648,0.0032832259338232864,0.0032832259337279572,218.0
12653.0,2,2209.85,2011-02-16 10:53:00,2011-07-14 10:41:00,147,1104.92,4.965986394557823,2209.84,High Value,148,1,0.9964068361014179,0.007886480138263931,0.007858142722544236,44.0
12654.0,5,601.98,2011-02-17 13:16:00,2011-11-29 10:10:00,284,120.4,6.426056338028169,602.0000000000001,Medium Value,10,0,0.00012275396165731858,0.002148418457098653,2.637268769065636e-07,3930.0
12656.0,5,4051.17,2011-04-20 09:20:00,2011-11-22 13:42:00,216,810.23,8.449074074074074,4051.15,High Value,16,0,0.0001763128870541887,0.014457749887832569,2.549087623031133e-06,2745.0
12657.0,4,1643.18,2011-09-22 11:40:00,2011-11-28 15:47:00,67,410.8,21.791044776119403,1643.2,High Value,10,0,0.0001251570626448997,0.005864254499509146,7.339528677607011e-07,3360.0
12658.0,1,686.05,2011-11-21 10:22:00,2011-11-21 10:22:00,1,686.05,365.0,686.05,Medium Value,18,0,0.0002198151481617481,0.002448376216765001,5.38190180843899e-07,3538.0
12659.0,1,91.68,2011-11-10 11:53:00,2011-11-10 11:53:00,1,91.68,365.0,91.68,Low Value,29,0,0.0009617832200395903,0.00032718771452957553,3.146836536376494e-07,3854.0
12660.0,1,245.1,2011-11-28 13:26:00,2011-11-28 13:26:00,1,245.1,365.0,245.1,Low Value,10,0,0.00011434038915383746,0.0008747132289615942,1.0001505099747841e-07,4216.0
12662.0,11,3849.78,2010-12-01 13:04:00,2011-12-09 11:59:00,372,349.98,10.793010752688172,3849.7800000000007,High Value,0,0,3.025605227796896e-05,0.013739100345131648,4.1569093829456455e-07,3697.0
12664.0,9,4881.88,2011-01-21 11:42:00,2011-12-01 17:07:00,314,542.43,10.461783439490446,4881.87,High Value,7,0,6.423616799728854e-05,0.017422424606571757,1.119149793947837e-06,3116.0
12665.0,1,63.0,2011-01-19 08:34:00,2011-01-19 08:34:00,1,63.0,365.0,63.0,Low Value,324,1,0.999999999986108,0.00022483448969637062,0.00022483448969324722,1605.0
12667.0,1,620.13,2011-10-12 17:00:00,2011-10-12 17:00:00,1,620.13,365.0,620.13,Medium Value,57,0,0.01522758070625522,0.0022131208269112745,3.3700476004485725e-05,2005.0
12668.0,4,3807.15,2010-12-19 12:46:00,2011-11-28 10:56:00,343,951.79,4.256559766763848,3807.16,High Value,6,0,5.259886572678397e-05,0.013586998028451338,7.146606849285905e-07,3382.0
12669.0,3,2744.0299999999997,2011-03-28 10:15:00,2011-07-12 09:54:00,105,914.68,10.428571428571429,2744.04,High Value,150,1,0.9973571608577037,0.009792933858832203,0.009767052709912162,31.0
12670.0,5,2996.05,2011-04-21 10:16:00,2011-11-29 15:23:00,222,599.21,8.22072072072072,2996.05,High Value,9,0,9.113190026417955e-05,0.010692307505631923,9.744103011971869e-07,3199.0
12672.0,1,225.89999999999998,2011-01-14 09:20:00,2011-01-14 09:20:00,1,225.9,365.0,225.9,Low Value,329,1,0.9999999999912548,0.0008061922416255575,0.0008061922416185072,1006.0
12673.0,2,610.52,2011-01-17 11:46:00,2011-12-04 13:55:00,321,305.26,2.2741433021806854,610.5200000000001,Medium Value,4,0,6.168448479010318e-05,0.0021788246452290193,1.343996756889314e-07,4163.0
12674.0,4,1970.6,2011-05-16 09:10:00,2011-11-01 12:12:00,169,492.65,8.63905325443787,1970.6,High Value,11,0,0.000126449601259647,0.007032680085645522,8.892795926165363e-07,3262.0
12676.0,6,1331.39,2011-02-01 15:41:00,2011-11-15 12:25:00,286,221.9,7.6573426573426575,1331.4,High Value,24,0,0.000517984704647141,0.004751502215583299,2.461205471769151e-06,2756.0
12678.0,12,17628.46,2010-12-21 11:00:00,2011-10-28 13:04:00,311,1469.04,14.083601286173634,17628.48,High Value,41,0,0.0015138706538770487,0.06291254452258215,9.524145491347037e-05,1795.0
12679.0,4,1113.02,2011-03-01 12:26:00,2011-10-12 12:30:00,225,278.26,6.488888888888889,1113.04,Medium Value,51,0,0.010160484911890505,0.0039722187366928305,4.0359668540896265e-05,1971.0
12680.0,4,862.81,2011-08-18 15:44:00,2011-12-09 12:50:00,112,215.7,13.035714285714285,862.7999999999998,Medium Value,0,0,4.5501809296124084e-05,0.0030791618684131512,1.4010743612843232e-07,4155.0
12681.0,22,13787.54,2010-12-07 10:08:00,2011-11-25 11:33:00,353,626.71,22.74787535410765,13787.620000000003,High Value,14,0,9.283790119218492e-05,0.04920527788615038,4.568114726528431e-06,2532.0
12682.0,31,12288.22,2010-12-03 13:59:00,2011-12-06 10:00:00,367,396.39,30.831062670299726,12288.089999999998,High Value,3,0,2.499899377057514e-05,0.04385375308719166,1.0962997002430446e-06,3129.0
12683.0,15,8476.57,2010-12-09 10:37:00,2011-12-05 16:31:00,361,565.1,15.166204986149584,8476.500000000002,High Value,3,0,3.442374896902249e-05,0.03025094526843311,1.04135094599618e-06,3159.0
12684.0,7,2283.63,2011-05-10 12:55:00,2011-12-02 09:53:00,205,326.23,12.463414634146343,2283.6100000000006,High Value,7,0,8.042097938178308e-05,0.008149750619294112,6.554109265209256e-07,3426.0
12685.0,6,2863.08,2011-09-07 10:28:00,2011-11-11 13:46:00,65,477.18,33.69230769230769,2863.0800000000004,High Value,27,0,0.0007209505435071729,0.010217763980315632,7.366502495036569e-06,2380.0
12686.0,1,89.14,2010-12-03 09:51:00,2010-12-03 09:51:00,1,89.14,365.0,89.14,Low Value,371,1,0.9999999999999132,0.0003181229589132457,0.0003181229589132181,1517.0
12688.0,1,4873.8099999999995,2011-08-18 08:49:00,2011-08-18 08:49:00,1,4873.81,365.0,4873.81,High Value,113,1,0.4613249410840925,0.01739366006709632,0.008024129205689942,40.0
12689.0,2,1247.61,2011-08-04 10:04:00,2011-11-14 08:31:00,101,623.8,7.227722772277228,1247.6,High Value,25,0,0.0005941960837984958,0.004452436656272888,2.6456204245182195e-06,2728.0
12690.0,1,389.01,2011-05-18 09:09:00,2011-05-18 09:09:00,1,389.01,365.0,389.01,Medium Value,205,1,0.999993617147655,0.0013882994418537322,0.0013882905805433841,625.0
12691.0,6,1035.8,2010-12-17 14:46:00,2011-11-11 16:49:00,329,172.63,6.656534954407294,1035.78,Medium Value,27,0,0.000713155184166667,0.0036964931386937578,2.6361732450959677e-06,2733.0
12693.0,4,855.91,2011-01-24 12:58:00,2011-08-04 17:51:00,192,213.98,7.604166666666666,855.9199999999998,Medium Value,120,1,0.9498954510135487,0.003054608514617738,0.002901558732662642,255.0
12694.0,2,869.67,2011-06-09 17:48:00,2011-09-30 13:06:00,112,434.84,6.517857142857142,869.6799999999998,Medium Value,69,0,0.07037255625950908,0.0031037152222085644,0.00021841637408836695,1619.0
12695.0,4,582.1,2011-05-13 13:15:00,2011-12-02 13:22:00,203,145.52,7.192118226600985,582.08,Medium Value,6,0,8.509462575098741e-05,0.0020773279327375147,1.7676944299837116e-07,4085.0
12697.0,3,957.59,2011-06-23 15:44:00,2011-11-11 08:47:00,140,319.2,7.821428571428571,957.6,Medium Value,20,0,0.0003805885342840963,0.0034174842433848333,1.3006553191288275e-06,3040.0
12700.0,4,4939.99,2011-05-08 16:10:00,2011-12-02 10:47:00,207,1235.0,7.053140096618357,4939.999999999999,High Value,7,0,5.5983282429508114e-05,0.017629879033334454,9.869784971212262e-07,3189.0
12701.0,2,797.71,2011-04-11 13:02:00,2011-09-21 10:47:00,162,398.86,4.506172839506172,797.7199999999999,Medium Value,79,0,0.18039744724722598,0.002846904271755377,0.0005135742631818929,1286.0
12702.0,1,219.0,2011-11-20 10:36:00,2011-11-20 10:36:00,1,219.0,365.0,219.0,Low Value,19,0,0.00030665883192569843,0.0007815675118016692,2.396745802401744e-07,3966.0
12703.0,1,283.55,2011-09-29 17:52:00,2011-09-29 17:52:00,1,283.55,365.0,283.55,Low Value,63,0,0.033639122808767775,0.0010119336437048555,3.404056011491149e-05,2001.0
12704.0,8,2340.84,2011-06-23 10:20:00,2011-12-02 13:15:00,162,292.6,18.02469135802469,2340.8,High Value,6,0,7.339887336557606e-05,0.008353850372718482,6.131632056221342e-07,3463.0
12705.0,9,6868.29,2010-12-17 15:58:00,2011-11-24 13:17:00,341,763.14,9.633431085043988,6868.259999999999,High Value,14,0,0.0001210564862102301,0.02451145606669832,2.9672707433309263e-06,2687.0
12707.0,1,603.42,2011-02-21 08:38:00,2011-02-21 08:38:00,1,603.42,365.0,603.42,Medium Value,291,1,0.9999999993587387,0.00215348615512038,0.0021534861537394327,380.0
12708.0,10,2712.91,2010-12-06 10:43:00,2011-11-10 09:52:00,338,271.29,10.798816568047338,2712.9000000000005,High Value,29,0,0.0007598092381947509,0.009681801382496571,7.3563221327876055e-06,2381.0
12709.0,15,9736.52,2010-12-08 09:49:00,2011-11-24 15:38:00,351,649.1,15.598290598290598,9736.5,High Value,2,0,2.9860560611381707e-05,0.03474763506236052,1.0375838628817885e-06,3163.0
12710.0,3,1149.02,2011-05-22 14:05:00,2011-09-04 12:00:00,104,383.01,10.528846153846155,1149.0300000000002,Medium Value,96,1,0.5853148254572411,0.004100659899933663,0.0024001770335891795,320.0
12712.0,13,4396.13,2010-12-03 14:30:00,2011-11-11 08:19:00,342,338.16,13.874269005847953,4396.080000000001,High Value,22,0,0.0003193653692748623,0.01568873656292732,5.010439145875318e-06,2503.0
12713.0,1,848.55,2011-12-09 12:16:00,2011-12-09 12:16:00,1,848.55,365.0,848.55,Medium Value,0,0,2.8973841236035942e-05,0.003028306448124687,8.774167024202859e-08,4237.0
12714.0,5,4708.86,2011-02-18 10:53:00,2011-11-30 15:43:00,285,941.77,6.4035087719298245,4708.85,High Value,8,0,6.653717859840075e-05,0.016804950584234205,1.1181539983604904e-06,3117.0
12715.0,1,353.86,2011-08-25 15:22:00,2011-08-25 15:22:00,1,353.86,365.0,353.86,Low Value,105,1,0.7603345784640683,0.0012628560718088526,0.0009601931390195731,914.0
12716.0,2,1053.49,2011-07-29 13:28:00,2011-12-06 08:55:00,129,526.74,5.658914728682171,1053.4800000000002,Medium Value,3,0,5.656165839750953e-05,0.003759660923894168,2.12652656867767e-07,4017.0
12717.0,2,1030.98,2011-04-08 10:32:00,2011-07-11 14:47:00,94,515.49,7.76595744680851,1030.98,Medium Value,150,1,0.9978903324098178,0.003679362891859749,0.0036716006592142736,185.0
12718.0,1,238.25,2011-09-29 16:38:00,2011-09-29 16:38:00,1,238.25,365.0,238.25,Low Value,70,0,0.07054523018215592,0.0008502669392088936,5.998227694276857e-05,1889.0
12719.0,2,644.95,2011-10-05 14:50:00,2011-12-04 13:45:00,59,322.48,12.372881355932204,644.96,Medium Value,4,0,7.253002079991889e-05,0.0023017341662630347,1.6694482695494187e-07,4105.0
12720.0,25,5781.73,2010-12-05 15:21:00,2011-12-07 08:03:00,366,231.27,24.93169398907104,5781.750000000001,High Value,2,0,2.82092817149176e-05,0.020633917631777635,5.820679953572207e-07,3490.0
12721.0,6,2656.13,2010-12-20 11:38:00,2011-11-08 12:13:00,323,442.69,6.780185758513932,2656.14,High Value,31,0,0.0009691534646817932,0.009479236213684409,9.186834619029369e-06,2317.0
12722.0,4,997.63,2011-07-12 11:55:00,2011-09-15 14:50:00,65,249.41,22.461538461538463,997.6400000000001,Medium Value,84,0,0.2895935540065398,0.00356037905239186,0.0010310628233925951,885.0
12723.0,5,725.07,2011-10-05 15:52:00,2011-12-06 10:19:00,61,145.01,29.918032786885245,725.05,Medium Value,3,0,6.491980854374211e-05,0.0025875594722913255,1.6798386553669923e-07,4103.0
12724.0,4,1031.41,2011-01-11 15:00:00,2011-12-04 16:02:00,327,257.85,4.464831804281346,1031.4,Medium Value,4,0,5.979589537666495e-05,0.003680861788457725,2.2010042639858194e-07,4005.0
12725.0,1,427.8,2010-12-03 15:45:00,2010-12-03 15:45:00,1,427.8,365.0,427.8,Medium Value,370,1,0.9999999999998861,0.001526733249081069,0.0015267332490808952,567.0
12726.0,7,2609.1,2010-12-17 12:56:00,2011-11-11 13:35:00,329,372.73,7.76595744680851,2609.11,High Value,27,0,0.0006317844475537354,0.009311395482725358,5.882794851007988e-06,2454.0
12727.0,7,3980.7,2011-01-23 15:17:00,2011-11-29 11:46:00,309,568.67,8.268608414239482,3980.6899999999996,High Value,10,0,9.256150242401348e-05,0.014206292139515008,1.314955744307962e-06,3033.0
12728.0,4,836.33,2011-01-11 13:31:00,2011-09-29 15:31:00,261,209.08,5.593869731800766,836.3200000000002,Medium Value,70,0,0.07495654513841328,0.0029846600067122016,0.00022371980251594003,1607.0
12729.0,1,453.01,2011-08-18 11:40:00,2011-08-18 11:40:00,1,453.01,365.0,453.01,Medium Value,113,1,0.8779047719004305,0.0016167027329738548,0.0014193110440222146,614.0
12731.0,12,18895.91,2010-12-10 10:56:00,2011-11-16 11:59:00,341,1574.66,12.844574780058652,18895.920000000006,High Value,23,0,0.00020136188426737753,0.0674357861991023,1.3578996976103252e-05,2213.0
12732.0,1,236.26000000000002,2011-06-13 11:33:00,2011-06-13 11:33:00,1,236.26,365.0,236.26,Low Value,179,1,0.9999010792135841,0.0008431650243756273,0.0008430816178283376,985.0
12733.0,1,383.95,2011-04-19 16:19:00,2011-04-19 16:19:00,1,383.95,365.0,383.95,Low Value,233,1,0.9999996926032652,0.0013702413066495475,0.0013702408854418438,635.0
12734.0,1,110.39999999999999,2010-12-22 12:47:00,2010-12-22 12:47:00,1,110.4,365.0,110.4,Low Value,352,1,0.9999999999993139,0.00039399567718221136,0.000393995677181941,1430.0
12735.0,2,779.5699999999999,2011-01-06 14:26:00,2011-01-28 13:37:00,21,389.78,34.76190476190476,779.56,Medium Value,314,1,0.9999999999621982,0.0027820948379000425,0.0027820948377948744,268.0
12736.0,1,234.0,2011-01-11 07:57:00,2011-01-11 07:57:00,1,234.0,365.0,234.0,Low Value,332,1,0.9999999999936549,0.000835099533157948,0.0008350995331526492,988.0
12738.0,1,155.35,2010-12-02 18:27:00,2010-12-02 18:27:00,1,155.35,365.0,155.35,Low Value,371,1,0.9999999999999103,0.0005544133011798599,0.0005544133011798102,1242.0
12739.0,2,1013.04,2011-09-01 17:45:00,2011-09-22 13:00:00,20,506.52,36.5,1013.04,Medium Value,77,0,0.15292168494454958,0.0036153385943176394,0.0005528636694881129,1248.0
12740.0,1,427.6,2011-10-07 10:44:00,2011-10-07 10:44:00,1,427.6,365.0,427.6,Medium Value,63,0,0.031456755857594616,0.0015260194887963187,4.800362249299714e-05,1935.0
12743.0,2,546.43,2011-07-28 16:06:00,2011-07-28 16:21:00,1,273.21,730.0,546.42,Medium Value,133,1,0.9800573088394062,0.001950064473966521,0.0019111749404189609,443.0
12744.0,7,21279.29,2011-01-25 13:26:00,2011-10-19 11:18:00,266,3039.9,9.605263157894736,21279.3,High Value,51,0,0.0024461673810561046,0.0759415961364441,0.00018576585533430586,1653.0
12747.0,11,4196.01,2010-12-05 15:38:00,2011-12-07 14:34:00,366,381.46,10.969945355191257,4196.0599999999995,High Value,1,0,3.3339048865097516e-05,0.014974904902148457,4.992490862829158e-07,3583.0
12748.0,209,33719.73,2010-12-01 12:48:00,2011-12-09 12:20:00,372,161.34,205.06720430107524,33720.06,High Value,0,0,2.4339699644307365e-07,0.12034019813699998,2.929044277791016e-08,4325.0
12749.0,5,4090.88,2011-05-10 15:25:00,2011-12-06 09:56:00,209,818.18,8.732057416267942,4090.899999999999,High Value,3,0,4.3204603600795446e-05,0.014599609744426704,6.307703517342663e-07,3450.0
12750.0,1,275.88,2011-08-03 09:13:00,2011-08-03 09:13:00,1,275.88,365.0,275.88,Low Value,128,1,0.9754367515161926,0.0009845609367846783,0.000960376921846986,913.0
12752.0,1,4366.78,2011-09-19 13:32:00,2011-09-19 13:32:00,1,4366.78,365.0,4366.78,High Value,80,0,0.029800082976985373,0.015584170681211384,0.0004644095794276019,1344.0
12753.0,6,21429.39,2010-12-12 11:44:00,2011-11-17 10:52:00,339,3571.56,6.460176991150442,21429.359999999997,High Value,3,0,1.0277921418983595e-05,0.07647713047809232,7.860259374031881e-07,3327.0
12754.0,3,3010.74,2011-02-04 10:31:00,2011-04-18 09:00:00,72,1003.58,15.208333333333332,3010.74,High Value,235,1,0.9999997258599919,0.010744733198546838,0.010744730252985592,26.0
12755.0,2,3811.95,2010-12-09 10:44:00,2011-03-04 12:42:00,85,1905.98,8.588235294117647,3811.9599999999996,High Value,249,1,0.9999999089052575,0.013604128275285347,0.013604127036020784,13.0
12756.0,1,112.07999999999998,2011-09-14 09:31:00,2011-09-14 09:31:00,1,112.08,365.0,112.08,Low Value,86,0,0.3130859859837113,0.00039999126357411456,0.0001252316591409722,1741.0
12757.0,13,7857.1,2011-05-12 19:01:00,2011-11-24 12:30:00,195,604.39,24.333333333333332,7857.07,High Value,15,0,0.00014434326484147398,0.028040322602518455,4.047431711655691e-06,2577.0
12758.0,2,2791.59,2011-03-08 12:05:00,2011-08-15 10:22:00,159,1395.8,4.591194968553459,2791.6,High Value,116,1,0.8822046778425592,0.009962666054545844,0.008789110597103616,38.0
12759.0,3,1531.44,2011-03-09 08:09:00,2011-10-18 14:49:00,223,510.48,4.910313901345292,1531.4400000000003,High Value,51,0,0.00933944774757804,0.005465405252390633,5.104386677404089e-05,1924.0
12762.0,2,1898.52,2011-11-14 14:23:00,2011-12-02 10:23:00,17,949.26,42.94117647058823,1898.5199999999998,High Value,7,0,7.445010177513057e-05,0.006775440879021484,5.044322630145296e-07,3580.0
12763.0,2,494.08,2010-12-05 15:46:00,2011-07-24 14:12:00,230,247.04,3.1739130434782608,494.0799999999999,Medium Value,137,1,0.9917743164011706,0.0017632734074473457,0.001748769278299454,491.0
12764.0,1,1693.88,2011-01-27 10:19:00,2011-01-27 10:19:00,1,1693.88,365.0,1693.88,High Value,316,1,0.9999999999275999,0.006045121355664893,0.006045121355227226,74.0
12766.0,7,6989.63,2010-12-08 13:53:00,2011-12-06 08:46:00,362,998.52,7.058011049723756,6989.639999999999,High Value,3,0,3.4062713913587135e-05,0.024944637183513328,8.496820400602424e-07,3290.0
12769.0,1,1143.6,2011-04-15 10:25:00,2011-04-15 10:25:00,1,1143.6,365.0,1143.6,Medium Value,238,1,0.9999997421064549,0.004081281308202689,0.004081280255666584,149.0
12770.0,1,1351.45,2011-05-13 09:33:00,2011-05-13 09:33:00,1,1351.45,365.0,1351.45,High Value,210,1,0.9999940960198621,0.004823056684129525,0.004823028208898658,119.0
12772.0,1,892.47,2011-10-11 09:19:00,2011-10-11 09:19:00,1,892.47,365.0,892.4699999999999,Medium Value,59,0,0.016562799000842066,0.003185048206655871,5.2753313254833675e-05,1916.0
12775.0,5,1386.04,2011-02-01 13:45:00,2011-11-22 16:33:00,294,277.21,6.20748299319728,1386.0500000000002,High Value,16,0,0.00021646616956136488,0.004946537213391342,1.0707579631755716e-06,3145.0
12778.0,6,822.23,2011-01-31 14:35:00,2011-11-20 11:30:00,292,137.04,7.5,822.2399999999999,Medium Value,19,0,0.0003128796508098001,0.0029344112826657737,9.181175774528049e-07,3235.0
12779.0,8,3981.36,2010-12-03 13:40:00,2011-11-02 11:43:00,333,497.67,8.76876876876877,3981.3600000000006,High Value,20,0,0.00027137772360257467,0.014208683236468924,3.855920112103e-06,2600.0
12781.0,2,826.74,2011-02-28 08:43:00,2011-10-07 10:37:00,221,413.37,3.30316742081448,826.7399999999999,Medium Value,20,0,0.00035387531822471543,0.0029504708890726573,1.0440988247833457e-06,3158.0
12782.0,5,2330.92,2010-12-17 11:30:00,2011-12-05 09:16:00,352,466.18,5.184659090909091,2330.9,High Value,4,0,5.188472715836734e-05,0.008318519238623338,4.316041010576015e-07,3668.0
12783.0,6,2225.91,2011-09-25 15:35:00,2011-12-07 15:56:00,73,370.98,30.0,2225.88,High Value,1,0,4.5407491807910925e-05,0.007943723713100911,3.6070456942693737e-07,3783.0
12784.0,2,574.42,2011-11-24 12:53:00,2011-11-30 15:38:00,6,287.21,121.66666666666666,574.42,Medium Value,8,0,0.00010762153576859242,0.0020499909138315744,2.2062317045821426e-07,4004.0
12785.0,1,311.95,2010-12-10 13:48:00,2010-12-10 13:48:00,1,311.95,365.0,311.95,Low Value,2,0,4.657803682999507e-05,0.0011132876041394096,5.185475102798239e-08,4291.0
12787.0,3,463.66,2011-05-31 09:36:00,2011-11-30 08:44:00,182,154.55,6.016483516483516,463.65,Medium Value,9,0,0.00012192584171722387,0.0016546747801225751,2.017476153347073e-07,4035.0
12789.0,1,91.85,2011-10-05 13:34:00,2011-10-05 13:34:00,1,91.85,365.0,91.85,Low Value,64,0,0.04080308199520257,0.00032779441077161335,1.3375022220283252e-05,2218.0
12790.0,1,324.92,2011-05-31 14:14:00,2011-05-31 14:14:00,1,324.92,365.0,324.92,Low Value,191,1,0.9999718331020668,0.0011595749586054721,0.0011595422969759672,765.0
12791.0,1,192.60000000000002,2010-12-01 11:27:00,2010-12-01 11:27:00,1,192.6,365.0,192.6,Low Value,373,1,0.9999999999999265,0.0006873511542146187,0.0006873511542145682,1108.0
12792.0,1,400.53999999999996,2011-03-28 11:36:00,2011-03-28 11:36:00,1,400.54,365.0,400.54,Medium Value,256,1,0.9999999742988148,0.001429447722269592,0.0014294476855310912,612.0
12793.0,2,545.48,2010-12-03 15:14:00,2011-01-09 12:12:00,36,272.74,20.277777777777775,545.4799999999999,Medium Value,334,1,0.999999999995907,0.001946709800628194,0.0019467098006202262,437.0
12794.0,2,860.41,2011-09-02 12:01:00,2011-10-17 14:54:00,45,430.2,16.22222222222222,860.3999999999999,Medium Value,52,0,0.01235461331983848,0.003070596744996147,3.793603544558208e-05,1983.0
12795.0,1,430.48,2011-11-21 10:27:00,2011-11-21 10:27:00,1,430.48,365.0,430.48,Medium Value,18,0,0.0002485800514704079,0.0015362976368967242,3.818929456536537e-07,3745.0
12797.0,1,254.03,2010-12-09 10:55:00,2010-12-09 10:55:00,1,254.03,365.0,254.03,Low Value,359,1,0.9999999999996554,0.0009065826256756988,0.0009065826256753864,942.0
12798.0,3,6977.04,2011-06-22 10:11:00,2011-11-29 15:52:00,160,2325.68,6.84375,6977.04,High Value,9,0,4.350315387822024e-05,0.024899670285574056,1.0832141879502763e-06,3137.0
12802.0,1,427.58,2011-06-06 09:36:00,2011-06-06 09:36:00,1,427.58,365.0,427.5799999999999,Medium Value,183,1,0.9999296516539906,0.0015259481127678433,0.001525840764842014,568.0
12808.0,3,483.65000000000003,2010-12-06 10:27:00,2011-11-03 10:05:00,331,161.22,3.3081570996978855,483.6600000000001,Medium Value,36,0,0.002041559883868713,0.0017260864966118512,3.523908947570245e-06,2627.0
12809.0,1,489.31,2011-06-15 10:51:00,2011-06-15 10:51:00,1,489.31,365.0,489.31,Medium Value,167,1,0.9995905897323654,0.0017462502246560494,0.001745535291884216,493.0
12811.0,3,514.85,2011-02-28 15:39:00,2011-03-24 09:42:00,23,171.62,47.608695652173914,514.86,Medium Value,260,1,0.9999999878074427,0.0018374331010329108,0.0018374330786299026,466.0
12812.0,1,229.64000000000001,2011-10-26 09:54:00,2011-10-26 09:54:00,1,229.64,365.0,229.64,Low Value,44,0,0.0045479696516091215,0.0008195395589503897,3.727241042399497e-06,2610.0
12814.0,1,125.92,2011-08-30 12:11:00,2011-08-30 12:11:00,1,125.92,365.0,125.92,Low Value,101,1,0.6966194536540885,0.0004493834752788411,0.0003130492710299219,1522.0
12815.0,2,1063.46,2011-05-25 13:34:00,2011-07-15 10:21:00,50,531.73,14.6,1063.4599999999998,Medium Value,147,1,0.997130841920259,0.0037952775621032104,0.0037843883108210426,173.0
12816.0,2,572.2,2011-06-16 13:24:00,2011-09-05 12:41:00,80,286.1,9.125,572.2,Medium Value,95,1,0.5804378656067667,0.0020420681746708457,0.0011852936927294517,740.0
12817.0,1,166.04,2011-03-03 16:28:00,2011-03-03 16:28:00,1,166.04,365.0,166.04,Low Value,280,1,0.9999999982911147,0.0005925637883997678,0.0005925637873871444,1199.0
12818.0,1,1542.08,2011-03-23 12:06:00,2011-03-23 12:06:00,1,1542.08,365.0,1542.08,High Value,177,1,0.9997697490783611,0.005503377299539352,0.005502110141844006,95.0
12820.0,4,942.34,2011-01-17 12:34:00,2011-12-06 15:12:00,323,235.58,4.520123839009289,942.3200000000002,Medium Value,2,0,4.88064769622782e-05,0.003362952957629905,1.6413388605178928e-07,4110.0
12821.0,1,92.72,2011-05-09 15:51:00,2011-05-09 15:51:00,1,92.72,365.0,92.72000000000001,Low Value,213,1,0.9999976718584679,0.00033089926801027755,0.00033089849762994874,1506.0
12822.0,2,948.88,2011-09-13 13:46:00,2011-09-30 10:04:00,16,474.44,45.625,948.88,Medium Value,70,0,0.07878043537654496,0.003386364294969717,0.000266779253501301,1567.0
12823.0,5,1759.5,2011-02-16 12:15:00,2011-09-26 07:35:00,221,351.9,8.257918552036198,1759.4999999999998,High Value,74,0,0.10455201972842044,0.006279306105091493,0.0006565141357803168,1134.0
12824.0,1,397.12,2011-10-11 12:49:00,2011-10-11 12:49:00,1,397.12,365.0,397.11999999999995,Medium Value,59,0,0.020928743642011735,0.0014172424214003601,2.9661103316072104e-05,2034.0
12826.0,7,1474.72,2010-12-09 15:21:00,2011-12-07 10:25:00,362,210.67,7.058011049723756,1474.6899999999996,High Value,2,0,4.466297353832244e-05,0.005262875771592709,2.3505568132212347e-07,3976.0
12827.0,3,430.15000000000003,2011-10-26 15:44:00,2011-12-04 12:17:00,38,143.38,28.81578947368421,430.13999999999993,Medium Value,5,0,8.605643941031989e-05,0.0015350842444126483,1.3210388426903376e-07,4168.0
12828.0,6,1018.71,2011-08-01 16:16:00,2011-12-07 08:45:00,127,169.78,17.244094488188978,1018.6800000000001,Medium Value,2,0,5.430343010673852e-05,0.0036354666343476004,1.9741830828367483e-07,4041.0
12829.0,2,293.0,2010-12-14 14:54:00,2011-01-07 11:13:00,23,146.5,31.73913043478261,293.0,Low Value,321,1,0.999999999984257,0.001045658817159311,0.0010456588171428491,870.0
12830.0,6,6814.64,2011-06-21 10:53:00,2011-11-02 11:54:00,134,1135.77,16.34328358208955,6814.62,High Value,37,0,0.0014992017355573693,0.02432002555832827,3.6460624525845325e-05,1991.0
12831.0,1,215.05,2011-03-22 13:02:00,2011-03-22 13:02:00,1,215.05,365.0,215.05,Low Value,261,1,0.999999986318487,0.0007674707461778492,0.0007674707356776882,1035.0
12832.0,2,383.03,2011-09-02 13:48:00,2011-11-07 13:30:00,65,191.52,11.230769230769232,383.0400000000001,Low Value,31,0,0.0014295225704614026,0.0013669936973539337,1.9541483440459317e-06,2858.0
12833.0,1,417.38,2011-07-17 13:46:00,2011-07-17 13:46:00,1,417.38,365.0,417.38000000000005,Medium Value,144,1,0.9952526793256027,0.0014895463382455744,0.0014824749841185483,588.0
12834.0,1,312.38,2011-03-02 09:49:00,2011-03-02 09:49:00,1,312.38,365.0,312.38,Low Value,282,1,0.9999999985233301,0.001114822188751623,0.0011148221871053986,797.0
12836.0,4,2612.86,2011-02-01 11:19:00,2011-10-11 15:10:00,252,653.22,5.7936507936507935,2612.8799999999997,High Value,58,0,0.017642553785047595,0.009324849864092901,0.00016451416526475275,1676.0
12837.0,1,134.1,2011-06-19 16:07:00,2011-06-19 16:07:00,1,134.1,365.0,134.1,Low Value,172,1,0.9997991119282938,0.0004785762709251317,0.00047848013066090125,1328.0
12838.0,2,683.13,2010-12-01 11:57:00,2011-11-06 12:20:00,340,341.56,2.1470588235294117,683.12,Medium Value,33,0,0.0013794403212608927,0.002437919628593408,3.3629646356751267e-06,2646.0
12839.0,14,5591.42,2010-12-07 15:48:00,2011-12-07 12:33:00,364,399.39,14.03846153846154,5591.460000000001,High Value,2,0,3.423173373898203e-05,0.019954810408851883,6.830877567276849e-07,3412.0
12840.0,4,2726.77,2011-04-27 12:21:00,2011-07-19 09:29:00,82,681.69,17.804878048780488,2726.76,High Value,143,1,0.9948990562312412,0.009731264970229771,0.009681626334817737,32.0
12841.0,25,4022.35,2010-12-03 10:43:00,2011-12-05 11:13:00,367,160.89,24.863760217983653,4022.25,High Value,4,0,3.621153676288541e-05,0.014354611526686139,5.198025430155337e-07,3565.0
12842.0,2,1118.99,2011-02-04 12:36:00,2011-09-30 15:33:00,238,559.5,3.0672268907563023,1118.9999999999998,Medium Value,69,0,0.06156960440563742,0.003993488793178392,0.00024587752519434,1590.0
12843.0,8,1702.26,2011-03-20 14:38:00,2011-10-05 12:09:00,198,212.78,14.74747474747475,1702.2400000000002,High Value,65,0,0.04242797642506855,0.00607495653556746,0.0002577481126743723,1575.0
12844.0,2,325.96000000000004,2011-08-01 13:11:00,2011-11-10 13:31:00,101,162.98,7.227722772277228,325.96,Low Value,28,0,0.0010258742035757727,0.001163286512086174,1.1933856241168423e-06,3092.0
12845.0,4,354.09,2011-02-22 14:10:00,2011-03-17 13:34:00,22,88.52,66.36363636363636,354.0799999999999,Low Value,266,1,0.9999999936377835,0.0012636412081220775,0.0012636412000825185,691.0
12847.0,1,871.54,2011-11-17 13:16:00,2011-11-17 13:16:00,1,871.54,365.0,871.54,Medium Value,21,0,0.0002781555181680862,0.0031103531928567433,8.651619040448289e-07,3281.0
12849.0,2,1050.8899999999999,2011-03-16 12:26:00,2011-11-08 13:41:00,237,525.44,3.0801687763713077,1050.88,Medium Value,30,0,0.0009785595784327216,0.0037503820401924124,3.6699722682123374e-06,2617.0
12851.0,1,135.18,2011-09-04 12:41:00,2011-09-04 12:41:00,1,135.18,365.0,135.18,Low Value,96,1,0.5709136658068336,0.0004824305764627838,0.00027542620890567184,1552.0
12852.0,1,311.55,2011-02-18 08:47:00,2011-02-18 08:47:00,1,311.55,365.0,311.55,Low Value,289,1,0.9999999993080977,0.001111860083569909,0.0011118600828006104,801.0
12853.0,6,1957.1000000000001,2011-01-28 10:28:00,2011-07-28 11:29:00,181,326.18,12.099447513812153,1957.08,High Value,107,1,0.8079635672145045,0.006984429890396397,0.005643164889204283,90.0
12854.0,3,1324.5,2011-01-25 13:35:00,2011-09-22 12:15:00,239,441.5,4.581589958158996,1324.5,High Value,78,0,0.15199942853968912,0.004726877485759411,0.000718482676612553,1075.0
12855.0,1,38.1,2010-12-02 09:37:00,2010-12-02 09:37:00,1,38.1,365.0,38.1,Low Value,372,1,0.9999999999999238,0.00013597133424494794,0.00013597133424493758,1724.0
12856.0,6,2179.93,2011-10-07 12:38:00,2011-12-02 10:52:00,55,363.32,39.81818181818181,2179.9199999999996,High Value,7,0,8.760540775461539e-05,0.007779701599665272,6.815439308479098e-07,3416.0
12857.0,2,1106.4,2011-02-10 12:32:00,2011-05-13 10:20:00,91,553.2,8.021978021978022,1106.4,Medium Value,210,1,0.9999967516837642,0.003948521895239119,0.0039485090691913395,161.0
12863.0,1,521.2,2011-10-18 14:15:00,2011-10-18 14:15:00,1,521.2,365.0,521.2,Medium Value,51,0,0.008399530699644123,0.001860059302059498,1.5623625210807374e-05,2176.0
12864.0,1,147.12,2011-07-24 13:03:00,2011-07-24 13:03:00,1,147.12,365.0,147.12,Low Value,137,1,0.9911442481154703,0.0005250420654623817,0.0005203924232017058,1279.0
12865.0,2,1568.23,2011-08-08 10:11:00,2011-11-13 14:31:00,97,784.12,7.525773195876289,1568.24,High Value,25,0,0.0005514596492834441,0.0055967371447847025,3.0863747029945964e-06,2671.0
12866.0,1,559.12,2011-03-01 14:11:00,2011-03-01 14:11:00,1,559.12,365.0,559.12,Medium Value,282,1,0.9999999983371279,0.0019953882520481704,0.001995388248730095,428.0
12867.0,7,4036.82,2010-12-14 16:39:00,2011-11-13 15:30:00,333,576.69,7.6726726726726735,4036.8300000000004,High Value,25,0,0.0004600876899098971,0.014406644651444443,6.628319857035848e-06,2417.0
12868.0,6,1607.0600000000002,2010-12-01 12:50:00,2011-06-07 10:42:00,187,267.84,11.711229946524066,1607.0400000000002,High Value,185,1,0.9999500326658611,0.005735206640026277,0.005734920067039739,87.0
12871.0,2,380.64,2011-05-16 13:32:00,2011-09-16 15:07:00,123,190.32,5.9349593495934965,380.64000000000004,Low Value,83,0,0.27789906534830106,0.0013584285739369289,0.000377506031039498,1450.0
12872.0,2,599.97,2010-12-09 14:44:00,2011-01-17 10:52:00,38,299.98,19.210526315789473,599.96,Medium Value,326,1,0.9999999999901368,0.0021411381021941987,0.0021411381021730802,384.0
12873.0,1,374.0,2011-03-02 14:58:00,2011-03-02 14:58:00,1,374.0,365.0,374.0,Low Value,281,1,0.9999999983049872,0.001334731732483216,0.0013347317302208287,652.0
12875.0,2,343.2300000000001,2010-12-12 12:03:00,2011-07-19 15:30:00,219,171.62,3.333333333333333,343.23999999999995,Low Value,142,1,0.9954001387950774,0.0012249554006886069,0.0012193207758632188,719.0
12876.0,2,2218.02,2011-05-27 13:34:00,2011-10-13 12:26:00,138,1109.01,5.2898550724637685,2218.0200000000004,High Value,57,0,0.01447026000641221,0.007915672933910224,0.00011454184547940071,1762.0
12877.0,12,1535.77,2010-12-16 12:23:00,2011-12-06 10:30:00,354,127.98,12.372881355932204,1535.76,High Value,3,0,4.59806162262662e-05,0.00548082247454124,2.520115948061754e-07,3940.0
12878.0,2,854.99,2011-03-18 14:02:00,2011-04-17 13:07:00,29,427.5,25.17241379310345,855.0,Medium Value,17,0,0.0002843354605168501,0.003051325217307887,8.675999608499159e-07,3279.0
12879.0,3,573.22,2011-09-09 12:11:00,2011-10-26 12:24:00,47,191.07,23.29787234042553,573.21,Medium Value,44,0,0.005689524118488963,0.002045672664108835,1.1638903960980788e-05,2255.0
12881.0,1,298.0,2011-03-09 11:44:00,2011-03-09 11:44:00,1,298.0,365.0,298.0,Low Value,275,1,0.9999999968714528,0.0010635028242780705,0.0010635028209508518,863.0
12882.0,2,1463.04,2011-11-06 11:22:00,2011-11-30 16:18:00,24,731.52,30.416666666666664,1463.04,High Value,8,0,9.265260653345605e-05,0.005221299235006001,4.837669836144461e-07,3612.0
12883.0,4,703.47,2011-09-11 15:18:00,2011-11-15 09:32:00,64,175.87,22.8125,703.48,Medium Value,24,0,0.0006382445098351307,0.0025105804255809968,1.602364173126617e-06,2950.0
12884.0,1,309.05,2011-09-12 13:10:00,2011-09-12 13:10:00,1,309.05,365.0,309.05,Low Value,87,0,0.3159837922291518,0.0011029380800105292,0.00034851055711566665,1489.0
12885.0,3,1175.22,2011-08-08 11:45:00,2011-10-07 13:40:00,60,391.74,18.25,1175.22,Medium Value,62,0,0.035016973540837756,0.0041941268092217255,0.00014686562750543546,1707.0
12886.0,2,1378.4,2011-05-04 11:21:00,2011-10-03 10:09:00,151,689.2,4.8344370860927155,1378.4,High Value,67,0,0.04996931809789724,0.0049192358824996394,0.0002458108626112147,1591.0
12888.0,2,354.12,2011-03-29 14:31:00,2011-05-09 16:02:00,41,177.06,17.804878048780488,354.12,Low Value,213,1,0.9999980912456607,0.001263783960179028,0.00126378154792591,690.0
12890.0,1,380.46999999999997,2011-11-15 17:26:00,2011-11-15 17:26:00,1,380.47,365.0,380.47,Low Value,23,0,0.0004374054829673784,0.001357821877694891,5.939187341968064e-07,3480.0
12891.0,3,331.0,2011-02-20 11:28:00,2011-06-07 12:31:00,107,110.33,10.233644859813085,330.99,Low Value,185,1,0.999959236910728,0.0011812375832476463,0.0011811894323545888,744.0
12893.0,1,188.14,2011-11-09 12:34:00,2011-11-09 12:34:00,1,188.14,365.0,188.14,Low Value,30,0,0.0010230505074253706,0.0006714342998646851,6.869112011793645e-07,3410.0
12895.0,2,372.8,2011-09-14 08:35:00,2011-10-28 13:51:00,44,186.4,16.59090909090909,372.8,Low Value,41,0,0.004259856440226702,0.0013304491707747139,5.66752246851894e-06,2465.0
12897.0,2,216.5,2011-02-11 11:40:00,2011-05-19 12:13:00,97,108.25,7.525773195876289,216.5,Low Value,204,1,0.9999949614714304,0.0007726455082422895,0.0007726416152458221,1030.0
12901.0,28,17654.54,2011-03-14 10:41:00,2011-12-01 10:07:00,261,630.52,39.157088122605366,17654.56,High Value,8,0,4.402104480274788e-05,0.0630056188637136,2.7735731708243933e-06,2711.0
12902.0,1,138.68,2011-03-20 12:06:00,2011-03-20 12:06:00,1,138.68,365.0,138.68,Low Value,264,1,0.9999999904689051,0.0004949213814459155,0.0004949213767287728,1302.0
12904.0,2,509.58,2011-06-20 13:18:00,2011-11-21 14:34:00,154,254.79,4.740259740259741,509.58000000000004,Medium Value,17,0,0.0002886186253288659,0.0018185898295155008,5.248788966318204e-07,3556.0
12906.0,5,2919.81,2011-09-22 15:03:00,2011-11-28 09:55:00,66,583.96,27.651515151515152,2919.8000000000006,High Value,11,0,0.00012474278472835042,0.010420186397070843,1.2998430685590936e-06,3041.0
12908.0,2,750.0,2011-01-31 12:37:00,2011-06-16 15:39:00,136,375.0,5.367647058823529,750.0,Medium Value,58,0,0.022792664412162,0.0026766010678139357,6.10068699039175e-05,1883.0
12909.0,5,2178.67,2011-03-31 12:51:00,2011-10-31 12:43:00,213,435.73,8.568075117370892,2178.6500000000005,High Value,39,0,0.002544453091285007,0.00777516922185711,1.9783553361818366e-05,2123.0
12910.0,8,3075.04,2011-04-12 10:01:00,2011-11-16 14:28:00,218,384.38,13.394495412844037,3075.0399999999995,High Value,22,0,0.00038336454145571145,0.010974207130094086,4.207121884268519e-06,2564.0
12912.0,5,1662.3,2011-10-30 11:35:00,2011-12-07 08:55:00,37,332.46,49.32432432432433,1662.3000000000004,High Value,2,0,5.32413427727026e-05,0.005932418606702809,3.15849932510623e-07,3852.0
12913.0,5,2483.63,2010-12-06 16:36:00,2011-12-05 12:11:00,363,496.73,5.027548209366391,2483.65,High Value,4,0,5.075194137108266e-05,0.008863653656101443,4.498476306880429e-07,3649.0
12915.0,2,363.65,2010-12-02 12:33:00,2011-07-14 11:34:00,223,181.82,3.273542600896861,363.64000000000004,Low Value,148,1,0.9975737723101898,0.0012977589497331463,0.0012946102910346047,676.0
12916.0,4,3006.15,2011-01-23 10:43:00,2011-07-24 10:35:00,181,751.54,8.066298342541437,3006.16,High Value,138,1,0.9904252018832722,0.010728388088026055,0.010625665937965299,28.0
12917.0,1,594.0,2011-08-03 16:42:00,2011-08-03 16:42:00,1,594.0,365.0,594.0,Medium Value,127,1,0.9683323206781919,0.0021198680457086374,0.002052736744232588,410.0
12919.0,6,1335.19,2011-06-23 09:22:00,2011-12-01 13:47:00,161,222.53,13.60248447204969,1335.1800000000003,High Value,7,0,8.91422198156168e-05,0.004764992284965082,4.247619896860755e-07,3683.0
12920.0,1,164.23,2011-11-22 15:05:00,2011-11-22 15:05:00,1,164.23,365.0,164.23,Low Value,16,0,0.0002275675628180505,0.0005861042578227769,1.3337831751001164e-07,4165.0
12921.0,37,16587.09,2010-12-01 15:06:00,2011-11-30 16:22:00,364,448.3,37.10164835164835,16587.1,High Value,3,0,2.104544582321476e-05,0.05919606609591538,1.2458076019690272e-06,3065.0
12922.0,1,405.38,2011-07-01 15:35:00,2011-07-01 15:35:00,1,405.38,365.0,405.38000000000005,Medium Value,160,1,0.9991615180434236,0.0014467207211605513,0.001445507671939653,605.0
12923.0,1,176.97,2011-10-06 16:20:00,2011-10-06 16:20:00,1,176.97,365.0,176.97,Low Value,63,0,0.035347159416344164,0.0006315707879613763,2.2324233324776866e-05,2089.0
12924.0,4,933.7,2011-01-16 11:49:00,2011-09-12 13:55:00,239,233.42,6.108786610878661,933.6800000000001,Medium Value,87,0,0.3385099370142422,0.003332118513328688,0.0011279552280708846,787.0
12925.0,2,694.05,2011-09-26 11:05:00,2011-12-05 11:11:00,70,347.02,10.428571428571429,694.04,Medium Value,4,0,7.12584957790888e-05,0.0024768909401407784,1.7649952260328496e-07,4087.0
12928.0,5,2062.7000000000003,2010-12-15 15:45:00,2011-11-04 14:24:00,323,412.54,5.65015479876161,2062.7000000000003,High Value,34,0,0.0013943420778049463,0.007361366696773075,1.0264263335462704e-05,2287.0
12929.0,1,117.85,2011-02-01 12:08:00,2011-02-01 12:08:00,1,117.85,365.0,117.85,Low Value,121,1,0.95257385135367,0.0004205832477891631,0.000400636604161358,1419.0
12930.0,2,415.8,2011-06-21 13:25:00,2011-09-22 15:18:00,93,207.9,7.849462365591399,415.80000000000007,Medium Value,77,0,0.16882693155870157,0.0014839076319960462,0.00025052357222643144,1586.0
12931.0,15,42055.96,2010-12-17 09:45:00,2011-11-18 12:39:00,336,2803.73,16.294642857142858,42055.95,High Value,21,0,8.357283713071468e-05,0.15008933423723933,1.25433914852662e-05,2238.0
12933.0,3,607.53,2011-03-01 11:30:00,2011-11-15 16:38:00,259,202.51,4.227799227799228,607.53,Medium Value,23,0,0.0005150738795700696,0.0021681539289720004,1.1167594557006972e-06,3120.0
12935.0,7,2160.7,2011-01-24 13:58:00,2011-12-07 17:25:00,317,308.67,8.05993690851735,2160.69,High Value,1,0,3.939333769788353e-05,0.007711073548286524,3.037649243008681e-07,3873.0
12936.0,4,1063.9,2011-09-22 13:51:00,2011-11-22 17:32:00,61,265.98,23.934426229508198,1063.92,Medium Value,16,0,0.00025746825563546517,0.0037969192107581372,9.775861659826847e-07,3198.0
12937.0,4,1504.27,2011-03-17 14:19:00,2011-11-24 15:05:00,252,376.07,5.7936507936507935,1504.28,High Value,14,0,0.00017528242512022114,0.00536847660572153,9.40999598652043e-07,3222.0
12938.0,1,114.14,2011-11-14 11:21:00,2011-11-14 11:21:00,1,114.14,365.0,114.14,Low Value,25,0,0.0006172981133267106,0.00040734299450704355,2.5145206198605065e-07,3941.0
12939.0,8,11581.8,2011-01-09 11:20:00,2011-10-06 14:33:00,270,1447.72,10.814814814814815,11581.76,High Value,63,0,0.01846424394636681,0.04133300157755297,0.0007631826241635023,1038.0
12940.0,2,913.54,2011-09-13 10:16:00,2011-10-16 12:09:00,33,456.77,22.12121212121212,913.54,Medium Value,45,0,0.005774381708832392,0.003260242852654324,1.882588669471867e-05,2137.0
12942.0,3,683.9,2010-12-09 09:34:00,2011-07-31 14:39:00,234,227.97,4.67948717948718,683.91,Medium Value,130,1,0.9822895082926832,0.0024407389817181716,0.002397512294222727,321.0
12944.0,2,604.51,2010-12-20 10:41:00,2011-11-04 11:04:00,319,302.26,2.288401253918495,604.52,Medium Value,35,0,0.0017698490244997293,0.002157411836686507,3.818293234603784e-06,2604.0
12945.0,1,462.95,2011-02-24 14:15:00,2011-02-24 14:15:00,1,462.95,365.0,462.95,Medium Value,287,1,0.9999999990759187,0.0016521766191259489,0.0016521766175992033,523.0
12947.0,6,1603.99,2010-12-01 16:21:00,2011-07-19 10:06:00,229,267.33,9.563318777292576,1603.9799999999998,High Value,143,1,0.99518542722266,0.005724286107669595,0.005696726115605903,89.0
12948.0,7,2064.95,2011-03-20 10:17:00,2011-11-23 17:10:00,248,294.99,10.30241935483871,2064.9300000000003,High Value,15,0,0.00018878763175624003,0.007369325123948042,1.3912374377919109e-06,3011.0
12949.0,8,4167.22,2011-04-01 13:20:00,2011-11-09 11:25:00,221,520.9,13.21266968325792,4167.2,High Value,30,0,0.0008513808950019507,0.014871909293058977,1.266165944431238e-05,2235.0
12950.0,3,1843.0,2011-11-15 13:48:00,2011-12-07 13:17:00,21,614.33,52.14285714285714,1842.99,High Value,1,0,4.4145118891133475e-05,0.006577265335960541,2.9035416023450907e-07,3885.0
12951.0,6,1064.07,2011-01-13 10:33:00,2011-12-01 12:14:00,322,177.34,6.801242236024845,1064.0400000000002,Medium Value,8,0,9.147743276591076e-05,0.0037973474669289876,3.47371597594798e-07,3805.0
12952.0,4,1387.79,2011-09-22 16:37:00,2011-12-04 10:35:00,72,346.95,20.277777777777775,1387.7999999999997,High Value,5,0,7.496278405157595e-05,0.004952782615882906,3.712743736888297e-07,3760.0
12953.0,1,329.85,2011-11-30 09:24:00,2011-11-30 09:24:00,1,329.85,365.0,329.85,Low Value,9,0,9.851041744596456e-05,0.001177169149624569,1.1596342433402741e-07,4193.0
12955.0,11,4757.16,2011-03-17 09:03:00,2011-12-08 16:29:00,266,432.47,15.093984962406013,4757.17,High Value,0,0,3.1146416487594185e-05,0.016977395069029896,5.28785017694433e-07,3548.0
12956.0,1,108.07,2011-02-06 16:08:00,2011-02-06 16:08:00,1,108.07,365.0,108.07,Low Value,305,1,0.9999999998889897,0.00038568036986486937,0.0003856803698220549,1442.0
12957.0,8,4017.54,2011-01-04 12:18:00,2011-11-30 09:53:00,329,502.19,8.875379939209726,4017.5199999999995,High Value,3,0,4.3123758223983654e-05,0.01433773109595179,6.182968492623172e-07,3458.0
12962.0,2,266.39,2011-08-18 13:38:00,2011-12-02 15:55:00,106,133.2,6.886792452830188,266.4,Low Value,6,0,9.597563834691157e-05,0.0009507286992875099,9.12467938088477e-08,4229.0
12963.0,8,1856.63,2010-12-09 09:14:00,2011-12-01 12:55:00,357,232.08,8.179271708683473,1856.6399999999999,High Value,7,0,7.432909137465343e-05,0.0066259794753947545,4.92503033873195e-07,3593.0
12965.0,1,771.91,2011-09-11 15:31:00,2011-09-11 15:31:00,1,771.91,365.0,771.9099999999999,Medium Value,88,0,0.29176569204382186,0.00275479350700834,0.0008037542340101154,1009.0
12966.0,1,160.18,2011-11-30 12:38:00,2011-11-30 12:38:00,1,160.18,365.0,160.18,Low Value,9,0,0.00010689175569517322,0.0005716506120565817,6.110473756694836e-08,4277.0
12967.0,2,1660.9,2010-12-03 09:49:00,2010-12-16 19:10:00,13,830.45,56.15384615384616,1660.9000000000003,High Value,2,0,4.5504025010783765e-05,0.005927422284709556,2.6972157189290067e-07,3921.0
12968.0,1,135.95,2011-08-19 15:44:00,2011-08-19 15:44:00,1,135.95,365.0,135.95,Low Value,111,1,0.8708902431926953,0.0004851785535590727,0.00042253726850094095,1388.0
12970.0,4,452.24,2011-01-21 14:04:00,2011-12-02 14:30:00,315,113.06,4.634920634920635,452.2400000000001,Medium Value,6,0,8.024893783087666e-05,0.0016139547558775662,1.2951815486626654e-07,4172.0
12971.0,86,11189.91,2010-12-02 16:42:00,2011-12-06 12:20:00,368,130.12,85.29891304347827,11190.320000000002,High Value,3,0,7.2501608769839495e-06,0.039936029948239526,2.8954264191278556e-07,3888.0
12974.0,1,144.8,2011-05-26 09:33:00,2011-05-26 09:33:00,1,144.8,365.0,144.8,Low Value,197,1,0.9999865091428878,0.0005167624461592773,0.0005167554745909552,1282.0
12976.0,1,738.6,2011-05-12 09:55:00,2011-05-12 09:55:00,1,738.6,365.0,738.6,Medium Value,211,1,0.999996055118627,0.002635916731583164,0.002635906333204349,288.0
12977.0,1,39.239999999999995,2011-07-06 16:40:00,2011-07-06 16:40:00,1,39.24,365.0,39.24,Low Value,155,1,0.9987926128647941,0.00014003976786802514,0.00013987068565388407,1719.0
12980.0,9,7374.900000000001,2010-12-16 11:36:00,2011-07-05 09:34:00,200,819.43,16.425,7374.87,High Value,155,1,0.9981789590724368,0.026319446555985282,0.026271517766616022,5.0
12981.0,2,372.21999999999997,2011-07-29 14:14:00,2011-11-10 12:00:00,103,186.11,7.0873786407766985,372.21999999999997,Low Value,29,0,0.0011289697273877113,0.0013283792659489375,1.4996999777458602e-06,2981.0
12982.0,1,390.54,2011-04-11 11:51:00,2011-04-11 11:51:00,1,390.54,365.0,390.54,Medium Value,239,1,0.999999838927655,0.0013937597080320727,0.0013937594835359282,622.0
12984.0,1,97.5,2011-11-21 12:37:00,2011-11-21 12:37:00,1,97.5,365.0,97.5,Low Value,18,0,0.00029177593988693253,0.00034795813881581165,1.0152581299429119e-07,4213.0
12985.0,2,1239.38,2011-11-11 12:44:00,2011-12-09 10:46:00,27,619.69,27.037037037037035,1239.3799999999999,High Value,0,0,4.1164271752892854e-05,0.004423101108569648,1.820737360236826e-07,4079.0
12987.0,2,558.7,2011-05-26 12:00:00,2011-09-27 12:03:00,124,279.35,5.887096774193548,558.7,Medium Value,73,0,0.11097418080282424,0.001993889355450195,0.00022127023783255663,1615.0
12988.0,1,535.32,2011-02-20 14:31:00,2011-02-20 14:31:00,1,535.32,365.0,535.32,Medium Value,291,1,0.9999999993794164,0.001910450778162875,0.0019104507769772806,445.0
12989.0,15,6924.110000000001,2010-12-10 13:24:00,2011-12-06 15:28:00,361,461.61,15.166204986149584,6924.15,High Value,2,0,3.246997572344904e-05,0.024710916378271816,8.023628549066652e-07,3320.0
12990.0,3,409.5,2011-02-02 15:39:00,2011-11-08 13:01:00,278,136.5,3.9388489208633097,409.5,Medium Value,30,0,0.0011192995128798539,0.001461424183026409,1.635771376172298e-06,2937.0
12991.0,2,503.76,2011-08-19 14:39:00,2011-11-16 15:34:00,89,251.88,8.202247191011235,503.7599999999999,Medium Value,22,0,0.0005174608729113934,0.001797819405229264,9.30301198766977e-07,3225.0
12993.0,4,414.76,2011-02-14 14:29:00,2011-11-16 15:49:00,275,103.69,5.3090909090909095,414.76,Medium Value,22,0,0.0004677169999975849,0.001480196078515344,6.923128692513864e-07,3401.0
12994.0,3,974.4200000000001,2011-03-16 08:31:00,2011-12-05 15:43:00,264,324.81,4.1477272727272725,974.4300000000001,Medium Value,3,0,5.5573389726194646e-05,0.003477547171346578,1.9325908424446918e-07,4048.0
12995.0,1,211.32,2011-09-15 15:44:00,2011-09-15 15:44:00,1,211.32,365.0,211.32000000000002,Low Value,77,0,0.14091849612636975,0.0007541591168672546,0.00010627496858892465,1774.0
12997.0,4,1226.89,2011-01-26 15:49:00,2011-11-17 15:47:00,294,306.72,4.965986394557823,1226.88,High Value,21,0,0.0003758988170842349,0.0043784910907727495,1.645869621635338e-06,2935.0
12999.0,3,455.88,2011-04-08 10:26:00,2011-05-27 13:24:00,49,151.96,22.346938775510203,455.88000000000005,Medium Value,195,1,0.9999863193373352,0.001626945193060023,0.0016269229353716626,534.0
13000.0,3,534.85,2010-12-10 10:26:00,2011-08-25 10:43:00,258,178.28,4.2441860465116275,534.8399999999999,Medium Value,106,1,0.8062473035441207,0.0019087377534794737,0.0015389146669156882,562.0
13001.0,13,9818.82,2011-01-17 12:45:00,2011-12-05 14:51:00,322,755.29,14.736024844720497,9818.769999999999,High Value,3,0,3.385752081206604e-05,0.03504124035549258,1.1864095246166984e-06,3096.0
13002.0,1,120.94999999999999,2011-01-25 15:18:00,2011-01-25 15:18:00,1,120.95,365.0,120.95,Low Value,317,1,0.999999999969525,0.0004316465322027941,0.0004316465321896397,1377.0
13003.0,3,149.05,2011-05-09 08:23:00,2011-08-26 10:50:00,109,49.68,10.045871559633028,149.04,Low Value,105,1,0.8140044277232097,0.0005318941641959854,0.00043296420473566796,1374.0
13004.0,18,5655.91,2010-12-17 08:20:00,2011-11-28 11:27:00,346,314.22,18.988439306358384,5655.960000000001,High Value,11,0,8.652521646542374e-05,0.02018499810068388,1.7465113300158399e-06,2904.0
13005.0,2,513.7,2011-04-07 13:32:00,2011-06-19 10:53:00,72,256.85,10.138888888888888,513.6999999999999,Medium Value,173,1,0.9998471966401479,0.0018332932913813582,0.0018330131580068408,469.0
13006.0,1,81.57,2011-10-14 13:49:00,2011-10-14 13:49:00,1,81.57,365.0,81.57,Low Value,55,0,0.0158817209082284,0.0002911071321354436,4.623282226969882e-06,2527.0
13008.0,1,229.46999999999997,2011-01-20 14:24:00,2011-01-20 14:24:00,1,229.47,365.0,229.47,Low Value,322,1,0.9999999999813112,0.0008189328627083518,0.0008189328626930469,998.0
13011.0,1,50.550000000000004,2010-12-02 17:22:00,2010-12-02 17:22:00,1,50.55,365.0,50.55,Low Value,371,1,0.9999999999999147,0.00018040291197065928,0.0001804029119706439,1661.0
13012.0,8,1661.8400000000001,2011-02-18 09:43:00,2011-11-30 13:05:00,285,207.73,10.24561403508772,1661.84,High Value,8,0,8.786799092404984e-05,0.005930776958047881,5.211254559223151e-07,3561.0
13013.0,13,4810.9400000000005,2010-12-03 12:28:00,2011-12-08 15:01:00,370,370.07,12.824324324324325,4810.910000000001,High Value,0,0,2.8551314792854864e-05,0.017169182457542325,4.902027330812524e-07,3597.0
13014.0,10,3466.2799999999997,2011-03-03 18:28:00,2011-11-29 12:27:00,270,346.63,13.518518518518517,3466.2999999999993,High Value,2,0,4.1226236244693026e-05,0.012370536375151259,5.099906550755544e-07,3575.0
13015.0,5,3346.28,2011-04-04 14:28:00,2011-10-17 13:19:00,195,669.26,9.35897435897436,3346.3,High Value,52,0,0.009332128758266264,0.011942280204301032,0.00011144689653383158,1767.0
13016.0,3,789.89,2011-08-08 15:00:00,2011-09-27 14:08:00,49,263.3,22.346938775510203,789.9,Medium Value,72,0,0.10266534576288235,0.002818996244621637,0.00028941322415834724,1540.0
13017.0,1,204.0,2011-12-02 15:53:00,2011-12-02 15:53:00,1,204.0,365.0,204.0,Low Value,6,0,7.564326870087755e-05,0.0007280354904453906,5.507098422753585e-08,4288.0
13018.0,28,7277.7,2011-02-17 11:05:00,2011-11-23 13:28:00,279,259.92,36.63082437275986,7277.760000000001,High Value,15,0,0.00011110855798904335,0.025972880249724738,2.88580927136902e-06,2696.0
13021.0,9,2616.38,2010-12-16 10:12:00,2011-12-05 16:37:00,354,290.71,9.279661016949154,2616.39,High Value,3,0,4.580856076711315e-05,0.009337376357090272,4.2773177225917535e-07,3674.0
13023.0,2,689.9,2011-08-02 09:34:00,2011-10-06 16:27:00,65,344.95,11.230769230769232,689.9,Medium Value,63,0,0.04073588270814178,0.0024621161022464456,0.00010029647275493843,1782.0
13026.0,5,975.36,2011-03-09 11:35:00,2011-12-08 16:58:00,274,195.07,6.6605839416058386,975.3499999999998,Medium Value,0,0,4.038753789379958e-05,0.003480830468656429,1.405821724547537e-07,4154.0
13027.0,6,6912.0,2010-12-20 12:45:00,2011-08-18 09:39:00,240,1152.0,9.125,6912.0,High Value,113,1,0.8390346207460897,0.024667555440973234,0.02069693302415012,6.0
13028.0,2,661.3199999999999,2011-10-25 14:09:00,2011-11-17 11:10:00,22,330.66,33.18181818181818,661.3199999999999,Medium Value,22,0,0.0005107222115560778,0.002360119757555616,1.2053655821159982e-06,3085.0
13029.0,3,1247.5,2010-12-21 13:53:00,2011-11-09 09:13:00,322,415.83,3.4006211180124226,1247.49,High Value,30,0,0.0009501520367668061,0.004452044088116276,4.230118758099298e-06,2560.0
13030.0,2,799.48,2010-12-06 14:31:00,2011-11-28 14:30:00,356,399.74,2.050561797752809,799.4799999999999,Medium Value,10,0,0.00011019820659758133,0.00285318536226118,3.1441591001165244e-07,3856.0
13032.0,2,1010.18,2011-09-13 16:40:00,2011-10-18 15:54:00,34,505.09,21.470588235294116,1010.1799999999998,Medium Value,38,0,0.0026524177016500274,0.0036051318222457083,9.562315462106337e-06,2307.0
13033.0,1,190.55,2010-12-17 14:23:00,2010-12-17 14:23:00,1,190.55,365.0,190.55,Low Value,356,1,0.9999999999995375,0.0006800351112959274,0.0006800351112956129,1111.0
13034.0,2,642.77,2010-12-05 14:52:00,2011-10-16 12:21:00,314,321.38,2.3248407643312103,642.76,Medium Value,54,0,0.013595918051154624,0.0022938828031307808,3.118744261031895e-05,2019.0
13035.0,2,921.88,2011-03-24 09:21:00,2011-09-27 08:57:00,186,460.94,3.9247311827956994,921.88,Medium Value,57,0,0.01906288359905125,0.003290006656528415,6.271701393350496e-05,1871.0
13037.0,3,881.07,2011-03-28 15:42:00,2011-07-24 15:46:00,118,293.69,9.279661016949154,881.0700000000002,Medium Value,137,1,0.9919745167470674,0.0031443638704251,0.0031191288308418767,231.0
13038.0,3,908.46,2011-02-22 11:43:00,2011-09-20 14:37:00,210,302.82,5.214285714285714,908.46,Medium Value,79,0,0.17876132799420627,0.0032421133414216644,0.0005795644864202702,1214.0
13040.0,2,676.99,2011-11-06 13:53:00,2011-12-01 10:38:00,24,338.5,30.416666666666664,677.0,Medium Value,8,0,0.00011194410793667087,0.0024160785638800463,2.7046575953846465e-07,3918.0
13043.0,1,516.42,2011-03-11 14:52:00,2011-03-11 14:52:00,1,516.42,365.0,516.42,Medium Value,253,1,0.9999999623986741,0.0018430004312539635,0.0018430003619547036,464.0
13044.0,1,560.47,2011-02-21 15:20:00,2011-02-21 15:20:00,1,560.47,365.0,560.47,Medium Value,290,1,0.9999999993000508,0.0020002061339702355,0.0020002061325701927,425.0
13045.0,1,305.28000000000003,2011-09-01 15:04:00,2011-09-01 15:04:00,1,305.28,365.0,305.28,Low Value,98,1,0.6035301423128915,0.0010894836986429844,0.0006575362516895758,1133.0
13046.0,2,629.31,2011-03-18 15:43:00,2011-11-09 08:36:00,235,314.65,3.1063829787234045,629.3,Medium Value,30,0,0.0010843890528754562,0.0022458467359670795,2.4353716149187764e-06,2762.0
13047.0,10,3237.54,2010-12-01 08:34:00,2011-11-08 12:06:00,342,323.75,10.67251461988304,3237.5,High Value,31,0,0.0009173816084747987,0.011553994609396823,1.0599422159077611e-05,2279.0
13048.0,4,1835.91,2011-01-16 14:36:00,2011-11-25 13:23:00,312,458.98,4.67948717948718,1835.92,High Value,13,0,0.0001452251882840248,0.006552033909894615,9.515203582077607e-07,3214.0
13049.0,2,656.6800000000001,2011-01-25 16:33:00,2011-10-06 15:31:00,253,328.34,2.885375494071146,656.6799999999998,Medium Value,63,0,0.03653309813324144,0.0023435605189494066,8.56175264199689e-05,1816.0
13050.0,17,5836.86,2010-12-08 09:30:00,2011-11-25 09:18:00,351,343.34,17.678062678062677,5836.779999999999,High Value,8,0,6.301645938692597e-05,0.020830308774126696,1.3126523068818826e-06,3035.0
13052.0,1,348.15000000000003,2011-05-11 14:12:00,2011-05-11 14:12:00,1,348.15,365.0,348.15,Low Value,211,1,0.999996730965795,0.001242478215679229,0.001242474153975443,707.0
13055.0,3,1214.41,2011-05-10 08:58:00,2011-09-22 14:26:00,135,404.8,8.11111111111111,1214.4,High Value,63,0,0.03707628133692994,0.004333952449004325,0.00016068684030016086,1682.0
13058.0,3,271.40000000000003,2011-07-11 12:01:00,2011-11-15 12:43:00,127,90.47,8.622047244094489,271.41,Low Value,24,0,0.0006603017741352062,0.0009686083944205072,6.395738412781145e-07,3445.0
13059.0,1,183.4,2011-04-04 10:40:00,2011-04-04 10:40:00,1,183.4,365.0,183.4,Low Value,249,1,0.9999999506110218,0.0006545181811161012,0.0006545181487901169,1138.0
13060.0,1,307.53,2011-03-31 11:37:00,2011-03-31 11:37:00,1,307.53,365.0,307.53,Low Value,253,1,0.9999999659952636,0.0010975135018464262,0.001097513464525769,822.0
13061.0,1,248.61,2011-09-28 16:04:00,2011-09-28 16:04:00,1,248.61,365.0,248.61,Low Value,71,0,0.07762320032747276,0.0008872397219589635,6.887038667611186e-05,1854.0
13062.0,1,346.98,2011-06-01 15:12:00,2011-06-01 15:12:00,1,346.98,365.0,346.98,Low Value,190,1,0.9999682781924504,0.0012383027180134394,0.0012382634368129305,711.0
13064.0,4,1119.49,2011-01-16 13:41:00,2011-11-27 12:31:00,314,279.87,4.649681528662421,1119.48,Medium Value,12,0,0.0001418702576129369,0.003995201817861793,5.668003111157264e-07,3506.0
13065.0,1,205.86,2010-12-01 16:52:00,2010-12-01 16:52:00,1,205.86,365.0,205.86,Low Value,372,1,0.9999999999999176,0.0007346734610935692,0.0007346734610935087,1060.0
13066.0,2,470.8,2011-11-07 17:06:00,2011-11-15 12:57:00,7,235.4,104.28571428571428,470.8,Medium Value,23,0,0.0005671373645129471,0.0016801917103024015,9.52899498457405e-07,3212.0
13067.0,1,115.46000000000001,2011-09-18 13:38:00,2011-09-18 13:38:00,1,115.46,365.0,115.45999999999998,Low Value,81,0,0.20939556007881344,0.00041205381238639595,8.62822388272597e-05,1814.0
13068.0,2,344.0,2011-01-24 08:20:00,2011-11-29 15:00:00,309,172.0,2.3624595469255665,344.0,Low Value,9,0,0.00011391413000704111,0.0012276676897706586,1.398486968179786e-07,4156.0
13069.0,24,4436.12,2010-12-05 11:02:00,2011-12-09 08:39:00,368,184.84,23.804347826086957,4436.160000000001,High Value,0,0,2.3785845446823346e-05,0.015831774123991296,3.7657213246227405e-07,3754.0
13070.0,1,228.8,2011-05-31 13:45:00,2011-05-31 13:45:00,1,228.8,365.0,228.8,Low Value,191,1,0.9999731064674203,0.0008165417657544381,0.0008165198060618581,1001.0
13072.0,1,177.15,2011-03-18 08:12:00,2011-03-18 08:12:00,1,177.15,365.0,177.15,Low Value,266,1,0.9999999921807433,0.0006322131722176517,0.0006322131672742146,1162.0
13075.0,1,919.61,2011-08-02 10:19:00,2011-08-02 10:19:00,1,919.61,365.0,919.61,Medium Value,129,1,0.9701146930549686,0.0032819054772964982,0.0031838247247429124,223.0
13077.0,4,729.27,2010-12-08 14:59:00,2011-12-08 19:24:00,365,182.32,4.0,729.2800000000001,Medium Value,0,0,3.9205105713604376e-05,0.0026026555023137966,1.0203738410430649e-07,4211.0
13078.0,26,12627.94,2010-12-08 09:07:00,2011-12-06 15:36:00,363,485.69,26.143250688705233,12627.939999999999,High Value,0,0,1.964372783644845e-05,0.04506661025105375,8.852762262829976e-07,3263.0
13079.0,5,220.10000000000002,2011-07-22 14:41:00,2011-12-05 16:53:00,136,44.02,13.419117647058824,220.10000000000005,Low Value,3,0,6.565435983016049e-05,0.0007854931933677966,5.157105276151115e-08,4293.0
13080.0,1,58.08,2011-06-13 14:59:00,2011-06-13 14:59:00,1,58.08,365.0,58.080000000000005,Low Value,178,1,0.9998988300880164,0.00020727598669151122,0.00020725501659818132,1632.0
13081.0,11,28337.38,2010-12-03 17:20:00,2011-11-28 10:54:00,359,2576.13,11.18384401114206,28337.429999999997,High Value,0,0,1.045209847146111e-05,0.1011306605294702,1.057027622337928e-06,3149.0
13082.0,9,3613.63,2011-01-05 15:42:00,2011-08-05 16:16:00,212,401.51,15.495283018867923,3613.5899999999997,High Value,125,1,0.9627798825716654,0.012896185136855679,0.012416187611684367,18.0
13083.0,2,303.75,2011-09-25 10:46:00,2011-12-05 15:01:00,71,151.88,10.28169014084507,303.76,Low Value,3,0,7.0206052424013e-05,0.0010840591204788815,7.610751144306979e-08,4255.0
13085.0,2,416.08000000000004,2011-02-17 13:57:00,2011-07-05 12:11:00,137,208.04,5.328467153284671,416.0799999999999,Medium Value,157,1,0.9991224496590747,0.0014849068963946963,0.0014836038158415228,586.0
13089.0,97,58825.83,2010-12-05 10:27:00,2011-12-07 09:02:00,366,606.45,96.73497267759564,58825.65000000001,High Value,2,0,3.9407625165754475e-06,0.20993706347313185,8.273121105748385e-07,3305.0
13090.0,14,8910.82,2010-12-02 07:48:00,2011-12-01 12:39:00,364,636.49,14.03846153846154,8910.86,High Value,8,0,5.8467399624940406e-05,0.031801089854853984,1.859327029052386e-06,2870.0
13091.0,1,345.82,2011-11-11 15:54:00,2011-11-11 15:54:00,1,345.82,365.0,345.82,Low Value,20,0,0.0003214766836424429,0.001234162908361887,3.967545988546916e-07,3720.0
13092.0,5,477.83,2010-12-15 12:27:00,2011-09-30 11:18:00,288,95.57,6.336805555555556,477.85,Medium Value,70,0,0.07576475125563235,0.0017053517603398524,0.00012920555192550367,1732.0
13093.0,8,7832.47,2010-12-01 15:00:00,2011-03-09 12:14:00,97,979.06,30.103092783505154,7832.48,High Value,266,1,0.9999999890230457,0.027952565775508392,0.027952565468674355,4.0
13094.0,12,1927.3200000000002,2010-12-06 10:34:00,2011-11-18 14:07:00,347,160.61,12.622478386167147,1927.3200000000004,High Value,20,0,0.0002862800017457752,0.006878222360025541,1.969097509235942e-06,2854.0
13095.0,1,74.39999999999999,2011-09-30 12:03:00,2011-09-30 12:03:00,1,74.4,365.0,74.4,Low Value,70,0,0.0758944671692796,0.00026551882592714245,2.015140981715318e-05,2116.0
13097.0,10,6010.42,2010-12-14 15:13:00,2011-11-07 10:43:00,327,601.04,11.162079510703364,6010.4,High Value,32,0,0.0009033788943419221,0.021449924077318504,1.9377408696686165e-05,2130.0
13098.0,28,28882.44,2011-01-26 13:46:00,2011-12-08 14:14:00,316,1031.52,32.34177215189874,28882.56,High Value,0,0,1.4789779999255775e-05,0.1030761212496001,1.5244731564581987e-06,2969.0
13099.0,1,207.35999999999999,2011-09-01 17:40:00,2011-09-01 17:40:00,1,207.36,365.0,207.36,Low Value,98,1,0.6147504745989024,0.000740026663229197,0.000454931742435991,1353.0
13101.0,1,101.19,2011-04-19 14:37:00,2011-04-19 14:37:00,1,101.19,365.0,101.19,Low Value,233,1,0.9999997317160703,0.00036112701606945624,0.00036112691918488123,1474.0
13102.0,24,6424.09,2010-12-09 13:38:00,2011-12-08 12:52:00,363,267.67,24.132231404958677,6424.080000000001,High Value,0,0,2.292805900062116e-05,0.022926265850296203,5.256547760795174e-07,3554.0
13103.0,1,243.94,2011-10-31 09:38:00,2011-10-31 09:38:00,1,243.94,365.0,243.94000000000003,Low Value,39,0,0.002634002405953355,0.0008705734193100421,2.29309248102169e-06,2791.0
13104.0,6,1098.48,2010-12-20 11:58:00,2011-12-06 13:10:00,351,183.08,6.23931623931624,1098.4800000000002,Medium Value,2,0,4.6740236555779424e-05,0.0039202569879630035,1.8323373897683811e-07,4072.0
13106.0,1,76.5,2011-07-29 15:12:00,2011-07-29 15:12:00,1,76.5,365.0,76.5,Low Value,128,1,0.9776340621278018,0.0002730133089170215,0.0002669071102115001,1566.0
13107.0,4,1531.6200000000001,2011-01-10 12:28:00,2011-10-26 14:52:00,289,382.9,5.051903114186851,1531.6,High Value,43,0,0.003919760485013982,0.005465976260618432,2.1425317758396617e-05,2103.0
13108.0,1,350.06,2010-12-02 10:35:00,2010-12-02 10:35:00,1,350.06,365.0,350.06,Low Value,372,1,0.9999999999999116,0.0012492946263985953,0.001249294626398485,701.0
13109.0,2,786.54,2011-07-05 14:56:00,2011-10-11 10:16:00,97,393.27,7.525773195876289,786.54,Medium Value,2,0,5.523491791797297e-05,0.002807005071837831,1.550446947382964e-07,4137.0
13110.0,7,1488.67,2011-02-01 15:24:00,2011-11-08 14:30:00,279,212.67,9.157706093189965,1488.6900000000003,High Value,30,0,0.0009754630402144052,0.005312838991525239,5.182478074842844e-06,2486.0
13113.0,24,12245.960000000001,2010-12-08 13:21:00,2011-12-09 12:49:00,365,510.25,23.999999999999996,12245.999999999998,High Value,0,0,2.0375959931742873e-05,0.04370354223526594,8.905016254610111e-07,3261.0
13115.0,4,2294.78,2011-06-08 16:15:00,2011-11-28 12:38:00,172,573.7,8.488372093023255,2294.8,High Value,8,0,8.772648322518287e-05,0.008189685507225894,7.184523082691756e-07,3376.0
13116.0,1,501.14,2011-07-24 14:33:00,2011-07-24 14:33:00,1,501.14,365.0,501.14000000000004,Medium Value,116,1,0.9067261306366888,0.0017884691454990347,0.001621651708061445,537.0
13117.0,8,984.91,2010-12-02 13:11:00,2011-11-18 12:02:00,350,123.11,8.342857142857143,984.88,Medium Value,21,0,0.000358061649599534,0.0035148411462247856,1.2585298188975636e-06,3055.0
13118.0,5,1197.81,2011-02-24 12:32:00,2011-11-20 12:46:00,269,239.56,6.784386617100372,1197.8,High Value,19,0,0.00031005847695193925,0.0042747103453700435,1.3254101790961338e-06,3027.0
13120.0,1,30.599999999999998,2011-04-15 10:19:00,2011-04-15 10:19:00,1,30.6,365.0,30.6,Low Value,238,1,0.9999998490639636,0.0001092053235668086,0.0001092053070837899,1770.0
13121.0,1,283.73,2011-03-15 16:47:00,2011-03-15 16:47:00,1,283.73,365.0,283.73,Low Value,268,1,0.999999993371351,0.0010125760279611309,0.00101257602124912,891.0
13122.0,2,922.39,2011-04-13 14:12:00,2011-09-06 15:53:00,146,461.2,5.0,922.4,Medium Value,93,1,0.4955601616837498,0.003291862433268766,0.0016313158796713316,532.0
13124.0,3,3866.33,2010-12-15 15:00:00,2011-09-11 12:45:00,269,1288.78,4.070631970260223,3866.3399999999997,High Value,89,0,0.27764618547627545,0.013798199696708976,0.003831017512231148,169.0
13126.0,8,2099.64,2010-12-08 11:42:00,2011-12-05 10:00:00,361,262.46,8.088642659279778,2099.68,High Value,4,0,5.280049196627507e-05,0.007493340973423419,3.956520898678031e-07,3723.0
13127.0,1,259.17,2011-09-23 10:26:00,2011-09-23 10:26:00,1,259.17,365.0,259.17,Low Value,77,0,0.13815341689487134,0.0009249262649937837,0.00012778172388470244,1735.0
13130.0,1,64.0,2011-09-06 15:30:00,2011-09-06 15:30:00,1,64.0,365.0,64.0,Low Value,93,1,0.4987775713311593,0.00022840329112012252,0.00011392243882893845,1763.0
13131.0,3,1073.3,2011-06-05 10:54:00,2011-11-16 13:21:00,164,357.77,6.676829268292683,1073.31,Medium Value,22,0,0.0004567568945617743,0.0038304302561271673,1.7495754286241068e-06,2902.0
13132.0,1,77.3,2011-03-23 12:44:00,2011-03-23 12:44:00,1,77.3,365.0,77.3,Low Value,261,1,0.9999999871961495,0.000275868350056023,0.0002758683465238459,1551.0
13133.0,2,109.8,2011-02-08 15:48:00,2011-03-11 10:31:00,30,54.9,24.333333333333332,109.79999999999998,Low Value,273,1,0.9999999972849902,0.00039185439632796016,0.00039185439526407166,1435.0
13134.0,4,1793.58,2011-04-13 12:57:00,2011-09-15 10:35:00,154,448.4,9.480519480519481,1793.6000000000004,High Value,72,0,0.08771203874219201,0.0064010022336414354,0.0005614449559060152,1232.0
13135.0,1,3096.0,2011-05-27 10:52:00,2011-05-27 10:52:00,1,3096.0,365.0,3096.0,High Value,196,1,0.9999377829290049,0.011049009207935927,0.011048321770945613,24.0
13136.0,5,2607.61,2011-05-11 12:47:00,2011-10-14 13:41:00,156,521.52,11.698717948717947,2607.5999999999995,High Value,49,0,0.0074364905875106925,0.00930600659257549,6.920403043300008e-05,1853.0
13137.0,8,3650.41,2011-02-04 11:54:00,2011-11-29 12:09:00,298,456.3,9.798657718120806,3650.4,High Value,10,0,9.598405091025845e-05,0.013027552717263989,1.2504372832499427e-06,3060.0
13138.0,6,962.39,2010-12-02 15:03:00,2011-11-17 16:51:00,350,160.4,6.257142857142857,962.4,Medium Value,21,0,0.00036962210158920195,0.0034346144902188424,1.269509426023414e-06,3052.0
13139.0,7,5064.94,2011-03-25 11:57:00,2011-11-23 13:54:00,243,723.56,10.51440329218107,5064.919999999999,High Value,15,0,0.0001541025714898442,0.018075693707189543,2.7855108817407035e-06,2709.0
13140.0,3,423.72,2010-12-08 15:12:00,2011-08-23 15:33:00,258,141.24,4.2441860465116275,423.71999999999997,Medium Value,107,1,0.8251848574880409,0.0015121725392721612,0.0012478218813166274,702.0
13141.0,5,2388.75,2011-01-28 13:04:00,2011-09-16 09:54:00,230,477.75,7.934782608695652,2388.75,High Value,84,0,0.24385654954451694,0.008524974400987385,0.002078870842380119,404.0
13142.0,1,307.09,2011-11-20 16:07:00,2011-11-20 16:07:00,1,307.09,365.0,307.09,Low Value,18,0,0.0002637858940745664,0.0010959432292199753,2.8909436457475866e-07,3889.0
13144.0,1,110.95,2011-01-11 11:15:00,2011-01-11 11:15:00,1,110.95,365.0,110.95,Low Value,332,1,0.9999999999940199,0.0003959585179652749,0.000395958517962907,1426.0
13145.0,4,618.52,2010-12-02 18:06:00,2011-10-31 12:45:00,332,154.63,4.397590361445784,618.5200000000001,Medium Value,39,0,0.0027602067465036053,0.0022073750566190347,6.092811523343637e-06,2440.0
13146.0,1,228.91,2011-11-13 15:29:00,2011-11-13 15:29:00,1,228.91,365.0,228.91,Low Value,25,0,0.000584143131125633,0.0008169343339110508,4.772065797348345e-07,3619.0
13147.0,4,712.8000000000001,2011-09-01 12:28:00,2011-11-29 13:59:00,89,178.2,16.40449438202247,712.8,Medium Value,9,0,0.00012431003158620482,0.0025438416548503647,3.162250364647524e-07,3849.0
13148.0,12,3707.12,2010-12-10 13:06:00,2011-11-10 15:23:00,335,308.93,13.074626865671643,3707.1600000000003,High Value,28,0,0.000638410621325842,0.013230117886076148,8.446247779864008e-06,2336.0
13149.0,4,1676.06,2011-02-23 13:57:00,2011-11-25 13:09:00,274,419.02,5.328467153284671,1676.0799999999995,High Value,13,0,0.0001518494460358266,0.005981596690322107,9.083021438351458e-07,3243.0
13151.0,1,1257.8700000000001,2011-02-17 12:29:00,2011-02-17 12:29:00,1,1257.87,365.0,1257.87,High Value,202,1,0.9999865830047932,0.00448908824689482,0.004489028016819329,137.0
13153.0,1,486.22,2011-12-04 12:14:00,2011-12-04 12:14:00,1,486.22,365.0,486.22,Medium Value,5,0,5.926200828724017e-05,0.001735222628256656,1.0283277777595262e-07,4210.0
13155.0,4,971.76,2010-12-06 12:44:00,2011-11-06 15:41:00,335,242.94,4.358208955223881,971.7600000000001,Medium Value,32,0,0.0012393805092247366,0.003468018471545161,4.298194499264434e-06,2557.0
13157.0,4,1741.22,2011-02-14 14:03:00,2011-10-21 13:50:00,248,435.3,5.887096774193548,1741.2,High Value,48,0,0.006729282873457386,0.006213997039036833,4.181574385050547e-05,1966.0
13158.0,4,1201.06,2011-01-25 09:58:00,2011-09-06 11:58:00,224,300.26,6.517857142857142,1201.0399999999997,High Value,94,1,0.5163637063033562,0.004286273261982999,0.0022132759477865175,363.0
13159.0,4,1437.85,2011-08-16 11:44:00,2011-12-01 11:20:00,106,359.46,13.773584905660377,1437.84,High Value,8,0,0.00010128343390935411,0.005131365439127453,5.197223123186092e-07,3566.0
13160.0,1,91.8,2011-11-17 13:07:00,2011-11-17 13:07:00,1,91.8,365.0,91.8,Low Value,21,0,0.0004047806564512243,0.00032761597070042576,1.3261260768402342e-07,4167.0
13161.0,1,112.75,2011-01-30 14:03:00,2011-01-30 14:03:00,1,112.75,365.0,112.75,Low Value,312,1,0.9999999999478473,0.00040238236052802834,0.000402382360507043,1413.0
13162.0,4,1688.29,2011-01-09 10:43:00,2011-08-09 15:59:00,212,422.07,6.886792452830188,1688.28,High Value,121,1,0.949659153541027,0.006025136067691882,0.005721825618013785,88.0
13165.0,2,1021.48,2010-12-23 14:06:00,2011-10-24 15:05:00,305,510.74,2.3934426229508197,1021.48,Medium Value,45,0,0.004756190509181518,0.0036454592783341055,1.733849882122038e-05,2157.0
13166.0,1,417.2,2011-03-01 15:16:00,2011-03-01 15:16:00,1,417.2,365.0,417.2,Medium Value,281,1,0.999999998269375,0.0014889039539892988,0.0014889039514125644,583.0
13167.0,4,791.33,2011-07-19 12:13:00,2011-11-21 12:24:00,125,197.83,11.68,791.3199999999999,Medium Value,18,0,0.0003194875300973242,0.0028240639426433648,9.0225321387204e-07,3255.0
13168.0,4,1319.19,2011-01-25 13:55:00,2011-11-03 12:56:00,281,329.8,5.195729537366548,1319.2,High Value,35,0,0.001704382154426158,0.004707962838213526,8.02416784515266e-06,2355.0
13169.0,2,712.88,2011-04-01 14:24:00,2011-10-07 12:11:00,188,356.44,3.882978723404255,712.88,Medium Value,63,0,0.037603089525214725,0.0025441271589642647,9.566704132206344e-05,1792.0
13170.0,1,116.00999999999999,2011-11-13 12:19:00,2011-11-13 12:19:00,1,116.01,365.0,116.01,Low Value,26,0,0.0006871997524316139,0.0004140166531694596,2.84512141560618e-07,3894.0
13171.0,3,468.41,2011-02-13 14:16:00,2011-11-18 10:27:00,277,156.14,3.9530685920577615,468.41999999999996,Medium Value,7,0,9.212223598210446e-05,0.0016716979629138717,1.54000554230355e-07,4138.0
13173.0,2,353.65,2010-12-07 14:30:00,2011-12-05 15:51:00,363,176.82,2.0110192837465566,353.64000000000004,Low Value,3,0,5.7236026620905315e-05,0.0012620709354956273,7.223592566149859e-08,4260.0
13174.0,3,2817.03,2010-12-05 16:24:00,2011-11-23 14:35:00,352,939.01,3.110795454545454,2817.0299999999997,High Value,15,0,0.00014284445517977106,0.010053420674751855,1.4360753989779751e-06,2998.0
13176.0,1,492.84,2011-10-24 15:43:00,2011-10-24 15:43:00,1,492.84,365.0,492.8399999999999,Medium Value,45,0,0.0044652616600413175,0.0017588480936818933,7.853716958554518e-06,2362.0
13177.0,1,282.45,2011-10-06 09:56:00,2011-10-06 09:56:00,1,282.45,365.0,282.45,Low Value,64,0,0.037360131935250535,0.0010080079621387283,3.7659310457285917e-05,1984.0
13178.0,11,5725.47,2010-12-14 12:22:00,2011-11-13 16:14:00,334,520.5,12.020958083832337,5725.500000000001,High Value,25,0,0.000427602182630236,0.02043317255169159,8.737269181163553e-06,2328.0
13182.0,1,121.18,2011-10-25 13:46:00,2011-10-25 13:46:00,1,121.18,365.0,121.18,Low Value,44,0,0.004790522059654482,0.00043246735653025705,2.071744411538656e-06,2834.0
13183.0,9,3957.78,2011-01-09 10:50:00,2011-12-02 10:30:00,326,439.75,10.076687116564417,3957.75,High Value,7,0,6.696168937571776e-05,0.01412442383485414,9.457952814404871e-07,3217.0
13184.0,10,1701.29,2011-02-22 17:25:00,2011-11-25 12:02:00,275,170.13,13.272727272727272,1701.3,High Value,14,0,0.00016395832560491707,0.006071601862229132,9.954896750707848e-07,3180.0
13185.0,1,71.4,2011-03-17 11:56:00,2011-03-17 11:56:00,1,71.4,365.0,71.4,Low Value,267,1,0.9999999933311412,0.00025481242165588673,0.00025481241995657867,1580.0
13186.0,3,1575.89,2011-08-03 09:09:00,2011-10-31 11:40:00,89,525.3,12.303370786516854,1575.9,High Value,39,0,0.002773262167188927,0.005624074163690642,1.5597032103627963e-05,2177.0
13187.0,1,236.02,2011-01-06 18:57:00,2011-01-06 18:57:00,1,236.02,365.0,236.02,Low Value,336,1,0.9999999999958806,0.0008423085120339269,0.0008423085120304572,986.0
13188.0,1,114.60000000000001,2011-11-28 15:28:00,2011-11-28 15:28:00,1,114.6,365.0,114.6,Low Value,10,0,0.0001217515593432168,0.00040898464316196936,4.9794518052398856e-08,4298.0
13189.0,2,260.68,2011-08-16 13:12:00,2011-11-21 10:39:00,96,130.34,7.604166666666666,260.68,Low Value,18,0,0.0003543724770710921,0.0009303151551436491,3.296780859850323e-07,3837.0
13192.0,2,911.94,2011-05-18 14:57:00,2011-09-05 14:13:00,109,455.97,6.697247706422019,911.94,Medium Value,94,1,0.5291715440817668,0.003254532770376321,0.001722206131364748,504.0
13193.0,1,117.88,2011-10-09 14:30:00,2011-10-09 14:30:00,1,117.88,365.0,117.88,Low Value,60,0,0.026523597062876752,0.0004206903118318757,1.1158220319284642e-05,2267.0
13194.0,1,60.7,2011-07-27 09:01:00,2011-07-27 09:01:00,1,60.7,365.0,60.7,Low Value,135,1,0.9894695852185935,0.00021662624642174123,0.0002143450821943811,1624.0
13196.0,4,1797.78,2011-03-22 14:24:00,2011-11-28 13:54:00,250,449.44,5.84,1797.76,High Value,10,0,0.00010989270363511253,0.006415848447564242,7.050549320159741e-07,3388.0
13198.0,6,3401.2400000000002,2010-12-13 09:29:00,2011-11-29 15:17:00,351,566.87,6.23931623931624,3401.2200000000003,High Value,9,0,8.289296555936318e-05,0.012138278778493487,1.0061779247356095e-06,3176.0
13199.0,38,9817.12,2010-12-08 10:51:00,2011-12-06 12:30:00,363,258.35,38.209366391184574,9817.300000000001,High Value,3,0,2.2507903651971278e-05,0.035035994217399676,7.885867821962548e-07,3324.0
13200.0,4,870.09,2011-08-05 14:50:00,2011-11-20 15:35:00,107,217.52,13.64485981308411,870.0799999999999,Medium Value,18,0,0.0003198573990939357,0.0031051427427780656,9.932028815204018e-07,3182.0
13203.0,4,869.46,2011-04-11 14:40:00,2011-11-30 10:45:00,232,217.36,6.293103448275862,869.44,Medium Value,9,0,0.0001115931756489418,0.003102858709866865,3.46257857024022e-07,3808.0
13207.0,2,250.26000000000002,2011-07-12 11:35:00,2011-11-24 14:52:00,135,125.13,5.407407407407407,250.26000000000002,Low Value,14,0,0.00022480856567713201,0.0008931282443081542,2.007828795686513e-07,4036.0
13208.0,6,1223.9,2011-02-03 19:32:00,2011-10-12 09:54:00,250,203.98,8.76,1223.8799999999999,High Value,58,0,0.020784819543856154,0.004367784686501492,9.078361651535185e-05,1807.0
13209.0,8,5891.61,2010-12-13 10:31:00,2011-11-09 13:54:00,331,736.45,8.821752265861027,5891.600000000001,High Value,29,0,0.0006414440653185623,0.021025950468176784,1.3486971145494045e-05,2214.0
13210.0,1,353.48,2011-09-07 08:18:00,2011-09-07 08:18:00,1,353.48,365.0,353.48,Low Value,93,1,0.46400799206118143,0.0012614999272678269,0.0005853460482368708,1204.0
13211.0,3,1197.42,2010-12-13 16:17:00,2011-11-29 14:43:00,350,399.14,3.1285714285714286,1197.42,Medium Value,9,0,9.688604184818875e-05,0.0042733542008290175,4.140283739336534e-07,3700.0
13212.0,3,788.08,2011-10-09 14:48:00,2011-11-20 12:40:00,41,262.69,26.70731707317073,788.0699999999999,Medium Value,8,0,0.0001123927250524217,0.002812465338016171,3.1610064345511777e-07,3850.0
13213.0,5,1520.58,2011-05-24 12:22:00,2011-10-14 11:42:00,142,304.12,12.852112676056338,1520.6,High Value,56,0,0.017584933582031278,0.0054267194449571605,9.54285010078893e-05,1794.0
13216.0,1,333.74,2011-03-17 12:18:00,2011-03-17 12:18:00,1,333.74,365.0,333.74,Low Value,267,1,0.9999999924336264,0.001191051787162964,0.001191051778151021,735.0
13217.0,3,533.98,2011-07-06 12:08:00,2011-08-09 15:32:00,34,177.99,32.20588235294118,533.97,Medium Value,121,1,0.9600360091612452,0.0019056328962408099,0.0018294762006334125,471.0
13218.0,1,62.63999999999999,2011-08-04 16:59:00,2011-08-04 16:59:00,1,62.64,365.0,62.63999999999999,Low Value,126,1,0.972556031753197,0.0002235497211838199,0.0002174146297340695,1620.0
13220.0,4,819.2900000000001,2011-04-17 10:59:00,2011-09-22 13:38:00,158,204.82,9.240506329113924,819.2799999999999,Medium Value,77,0,0.15630607485626266,0.002923847630451468,0.0004570151465936534,1349.0
13221.0,2,847.41,2010-12-15 13:24:00,2011-04-13 16:58:00,119,423.7,6.134453781512605,847.3999999999999,Medium Value,239,1,0.9999998654357437,0.003024202326487372,0.003024201919537835,240.0
13223.0,2,163.20000000000002,2011-04-21 15:16:00,2011-05-23 13:03:00,31,81.6,23.548387096774192,163.2,Low Value,199,1,0.9999917196567297,0.0005824283923563124,0.0005824235696492933,1209.0
13224.0,2,2155.95,2011-07-11 14:10:00,2011-10-10 14:55:00,91,1077.97,8.021978021978022,2155.94,High Value,59,0,0.018708632290856543,0.007694121741523703,0.00014394649446325172,1715.0
13225.0,7,6463.84,2010-12-13 09:49:00,2011-12-06 13:29:00,358,923.41,7.136871508379889,6463.870000000001,High Value,2,0,3.177805440573829e-05,0.02306826845894729,7.330646901346035e-07,3361.0
13226.0,1,108.21000000000001,2011-03-11 14:35:00,2011-03-11 14:35:00,1,108.21,365.0,108.20999999999998,Low Value,272,1,0.9999999960490704,0.0003861800020641946,0.0003861800005384246,1441.0
13227.0,1,257.7,2011-05-22 11:47:00,2011-05-22 11:47:00,1,257.7,365.0,257.7,Low Value,201,1,0.9999907614593165,0.0009196801269008684,0.0009196716303986002,936.0
13228.0,1,358.0,2011-09-19 14:28:00,2011-09-19 14:28:00,1,358.0,365.0,358.0,Low Value,80,0,0.17457399150358724,0.0012776309097031855,0.00022304112757524434,1609.0
13229.0,1,160.95,2011-04-28 12:07:00,2011-04-28 12:07:00,1,160.95,365.0,160.95,Low Value,225,1,0.9999993436123474,0.0005743985891528706,0.0005743982121247291,1218.0
13230.0,14,2806.97,2010-12-09 19:28:00,2011-12-05 16:03:00,360,200.5,14.194444444444445,2807.0000000000005,High Value,3,0,4.208589368350205e-05,0.010017625596471626,4.216007258142337e-07,3690.0
13232.0,7,1357.6,2011-04-10 13:48:00,2011-11-27 10:39:00,230,193.94,11.108695652173914,1357.5800000000002,High Value,12,0,0.00014491932459783242,0.004844933436857124,7.021244813907894e-07,3392.0
13233.0,2,605.12,2011-01-07 14:49:00,2011-09-26 13:25:00,261,302.56,2.796934865900383,605.12,Medium Value,73,0,0.10129978232263004,0.0021595531175407586,0.00021876226072103594,1618.0
13235.0,1,1031.07,2011-05-11 17:13:00,2011-05-11 17:13:00,1,1031.07,365.0,1031.07,Medium Value,211,1,0.9999954588279724,0.0036796840839878864,0.0036796673739094535,183.0
13236.0,2,744.85,2011-08-25 08:58:00,2011-11-15 12:50:00,82,372.42,8.902439024390244,744.8399999999999,Medium Value,24,0,0.0006088068510025007,0.002658186052467376,1.6183218799814311e-06,2942.0
13238.0,4,700.73,2010-12-14 14:37:00,2011-11-22 15:37:00,343,175.18,4.256559766763848,700.7199999999999,Medium Value,10,0,0.00011784687771351843,0.0025007305336514412,2.947032853936831e-07,3880.0
13239.0,1,329.56,2011-03-23 10:25:00,2011-03-23 10:25:00,1,329.56,365.0,329.56,Low Value,261,1,0.9999999855432768,0.001176134197211681,0.0011761341802086344,749.0
13240.0,4,663.65,2010-12-09 12:49:00,2011-09-04 14:08:00,269,165.91,5.4275092936802976,663.64,Medium Value,95,1,0.551961952825269,0.0023683993768587206,0.0013072663451210898,663.0
13242.0,3,270.40000000000003,2011-05-10 12:26:00,2011-08-19 12:53:00,101,90.13,10.841584158415841,270.39,Low Value,111,1,0.8919699459679082,0.0009649682169682801,0.0008607226483499455,973.0
13243.0,1,600.07,2011-05-20 13:14:00,2011-05-20 13:14:00,1,600.07,365.0,600.07,Medium Value,202,1,0.9999902240589449,0.0021415306703508113,0.0021415097348732102,383.0
13244.0,1,121.74000000000001,2011-09-08 11:46:00,2011-09-08 11:46:00,1,121.74,365.0,121.74,Low Value,92,1,0.4648274110883478,0.00043446588532755804,0.0002019516526830158,1639.0
13245.0,1,430.5,2011-10-20 11:40:00,2011-10-20 11:40:00,1,430.5,365.0,430.5,Medium Value,50,0,0.007878303966998366,0.0015363690129251992,1.210398208930196e-05,2248.0
13246.0,6,1987.3,2011-01-13 13:36:00,2011-11-21 16:50:00,312,331.22,7.01923076923077,1987.3200000000004,High Value,17,0,0.00022649422093037874,0.007092350445450656,1.606376388707571e-06,2947.0
13247.0,4,501.12,2011-09-18 11:31:00,2011-11-22 10:59:00,64,125.28,22.8125,501.11999999999995,Medium Value,17,0,0.0003066484255139702,0.0017883977694705593,5.484093602008432e-07,3527.0
13248.0,2,465.68,2011-06-03 13:05:00,2011-08-07 12:40:00,64,232.84,11.40625,465.68,Medium Value,124,1,0.9706380891907522,0.0016619194470127916,0.0016131223164374477,542.0
13249.0,3,711.41,2011-03-23 15:26:00,2011-09-08 13:26:00,168,237.14,6.517857142857142,711.4199999999998,Medium Value,91,1,0.45842704758477115,0.0025389167088855865,0.0011639080909180634,759.0
13253.0,2,1030.4,2011-01-04 15:43:00,2011-07-06 10:09:00,182,515.2,4.010989010989011,1030.4,Medium Value,156,1,0.9988326195596174,0.003677292987033973,0.0036730001871273536,184.0
13255.0,2,399.51,2010-12-01 11:58:00,2011-11-30 13:14:00,364,199.76,2.0054945054945055,399.52,Medium Value,3,0,5.65692526510753e-05,0.001425807544817365,8.065686723458289e-08,4250.0
13258.0,3,698.58,2011-05-18 13:11:00,2011-11-28 09:31:00,193,232.86,5.6735751295336785,698.5799999999999,Medium Value,11,0,0.0001447442932030312,0.002493093298604612,3.6086102739573817e-07,3782.0
13259.0,1,292.32,2011-10-09 10:48:00,2011-10-09 10:48:00,1,292.32,365.0,292.32,Low Value,61,0,0.027157882730533583,0.0010432320321911597,2.8331973190983753e-05,2043.0
13260.0,1,557.62,2011-10-09 13:21:00,2011-10-09 13:21:00,1,557.62,365.0,557.62,Medium Value,60,0,0.02157334688801083,0.0019900350499125427,4.293171645106323e-05,1960.0
13261.0,2,944.1,2011-02-27 10:41:00,2011-03-16 12:22:00,17,472.05,42.94117647058823,944.1,Medium Value,268,1,0.999999994259839,0.0033693054241641825,0.0033693054048238268,207.0
13262.0,1,200.29,2011-03-21 15:06:00,2011-03-21 15:06:00,1,200.29,365.0,200.28999999999996,Low Value,262,1,0.999999987808993,0.0007147952371632708,0.0007147952284491971,1080.0
13263.0,35,7454.07,2011-01-18 16:31:00,2011-12-08 13:59:00,323,212.97,39.55108359133127,7453.95,High Value,0,0,1.834085727558411e-05,0.026601667372575584,4.878973845729713e-07,3604.0
13265.0,5,2107.66,2011-03-11 09:54:00,2011-10-17 15:02:00,220,421.53,8.295454545454545,2107.6499999999996,High Value,52,0,0.010334838257298952,0.007521784320770722,7.773642436145266e-05,1832.0
13266.0,12,3834.2599999999998,2011-03-28 10:14:00,2011-11-28 14:39:00,245,319.52,17.877551020408163,3834.24,High Value,10,0,9.591164442870587e-05,0.01368364117100654,1.3124205264835796e-06,3036.0
13267.0,19,4521.49,2010-12-08 09:20:00,2011-12-07 11:12:00,364,237.97,19.052197802197803,4521.43,High Value,2,0,3.267715262230092e-05,0.01613608582139462,5.272813391122579e-07,3550.0
13268.0,11,3214.69,2011-03-17 13:20:00,2011-11-22 11:51:00,249,292.24,16.12449799196787,3214.6400000000003,High Value,17,0,0.0002120612244002533,0.011472411808849855,2.4328536950086252e-06,2763.0
13269.0,15,5346.2300000000005,2010-12-05 11:51:00,2011-12-08 14:53:00,368,356.42,14.877717391304348,5346.3,High Value,0,0,2.7383206011517607e-05,0.01907988305180486,5.224683682832357e-07,3559.0
13270.0,1,590.0,2010-12-08 14:53:00,2010-12-08 14:53:00,1,590.0,365.0,590.0,Medium Value,365,1,0.9999999999997884,0.0021055928400136297,0.0021055928400131843,394.0
13271.0,1,217.38,2011-11-02 14:31:00,2011-11-02 14:31:00,1,217.38,365.0,217.38,Low Value,36,0,0.0019295084421423075,0.0007757860534951911,1.496885739515235e-06,2982.0
13272.0,2,276.56,2011-09-11 12:06:00,2011-11-08 14:00:00,58,138.28,12.586206896551724,276.56,Low Value,30,0,0.0013211090268834685,0.0009869877217528295,1.3039183886308122e-06,3039.0
13273.0,1,138.98,2011-08-18 14:02:00,2011-08-18 14:02:00,1,138.98,365.0,138.98,Low Value,112,1,0.8824291797466278,0.000495992021873041,0.00043767783302229907,1371.0
13276.0,2,590.9300000000001,2011-09-01 10:03:00,2011-10-07 12:44:00,36,295.47,20.277777777777775,590.9399999999999,Medium Value,63,0,0.04216721840168201,0.0021089475133519563,8.892845039319614e-05,1811.0
13277.0,4,258.4,2011-07-29 10:06:00,2011-11-24 09:21:00,117,64.6,12.47863247863248,258.40000000000003,Low Value,15,0,0.00024739208120753915,0.0009221782878974949,2.2813960588736646e-07,3989.0
13278.0,1,542.73,2011-10-30 11:49:00,2011-10-30 11:49:00,1,542.73,365.0,542.73,Medium Value,40,0,0.0025422023990620563,0.0019368955967128767,4.923980632696208e-06,2509.0
13279.0,1,137.75,2011-09-22 17:24:00,2011-09-22 17:24:00,1,137.75,365.0,137.75,Low Value,63,0,0.035996489103161285,0.0004916023961218263,1.7695960295087297e-05,2152.0
13280.0,3,814.86,2011-01-06 17:10:00,2011-08-09 13:14:00,214,271.62,5.116822429906542,814.86,Medium Value,121,1,0.9540783990290721,0.002908073528158485,0.0027745301360042724,270.0
13282.0,3,1132.14,2011-05-03 12:03:00,2011-11-21 15:33:00,202,377.38,5.420792079207921,1132.1399999999999,Medium Value,17,0,0.000256936354267672,0.004040382843886492,1.0381212377538438e-06,3162.0
13283.0,2,93.66,2011-06-07 12:39:00,2011-10-11 09:50:00,125,46.83,5.84,93.65999999999998,Low Value,59,0,0.029743217454532254,0.0003342539413486043,9.941787662566007e-06,2299.0
13284.0,1,201.19,2011-01-13 09:23:00,2011-01-13 09:23:00,1,201.19,365.0,201.19000000000003,Low Value,322,1,0.9999999999815639,0.0007180071584446478,0.0007180071584314106,1077.0
13285.0,4,2709.12,2011-02-22 17:13:00,2011-11-16 13:19:00,266,677.28,5.488721804511278,2709.12,High Value,22,0,0.0003570557888758077,0.009668311313114786,3.4521265230010966e-06,2635.0
13291.0,1,361.11,2011-07-07 10:36:00,2011-07-07 10:36:00,1,361.11,365.0,361.10999999999996,Low Value,155,1,0.9985905867078693,0.0012887298821310537,0.001286913529105212,677.0
13292.0,2,578.9399999999999,2011-02-28 15:00:00,2011-11-01 10:04:00,245,289.47,2.979591836734694,578.94,Medium Value,38,0,0.002587928848298856,0.0020661218962669337,5.346976459451134e-06,2477.0
13294.0,2,873.74,2011-04-04 12:37:00,2011-06-03 08:54:00,59,436.87,12.372881355932204,873.7399999999999,Medium Value,189,1,0.9999707162006077,0.0031182045559889973,0.0031181132431123155,232.0
13295.0,1,201.20000000000002,2010-12-15 11:21:00,2010-12-15 11:21:00,1,201.2,365.0,201.2,Low Value,359,1,0.999999999999664,0.0007180428464588852,0.000718042846458644,1076.0
13296.0,1,87.4,2011-07-25 13:46:00,2011-07-25 13:46:00,1,87.4,365.0,87.4,Low Value,136,1,0.9904185000352567,0.00031191324443591734,0.00030892464769535164,1524.0
13297.0,4,2089.85,2011-10-03 15:08:00,2011-12-02 09:32:00,59,522.46,24.74576271186441,2089.84,High Value,7,0,8.59806552601382e-05,0.007458223967413701,6.412629837950976e-07,3439.0
13298.0,1,360.0,2011-12-08 13:11:00,2011-12-08 13:11:00,1,360.0,365.0,360.0,Low Value,0,0,3.665414658182071e-05,0.0012847685125506893,4.709209338274073e-08,4303.0
13299.0,1,142.5,2011-03-16 12:55:00,2011-03-16 12:55:00,1,142.5,365.0,142.5,Low Value,267,1,0.9999999930989787,0.0005085542028846478,0.0005085541993751045,1290.0
13300.0,1,371.89,2011-06-23 13:09:00,2011-06-23 13:09:00,1,371.89,365.0,371.89000000000004,Low Value,164,1,0.9994647114648457,0.0013272015614790996,0.001326491125699401,656.0
13301.0,4,618.09,2011-02-20 13:13:00,2011-08-28 11:25:00,188,154.52,7.76595744680851,618.08,Medium Value,103,1,0.7564514197825761,0.0022058047839925835,0.0016685841606143884,518.0
13302.0,1,63.75,2011-07-07 17:56:00,2011-07-07 17:56:00,1,63.75,365.0,63.75,Low Value,154,1,0.9986388304080674,0.00022751109076418456,0.00022720140958560895,1602.0
13304.0,1,300.42,2010-12-23 14:35:00,2010-12-23 14:35:00,1,300.42,365.0,300.42,Low Value,350,1,0.9999999999990665,0.0010721393237235503,0.0010721393237225496,853.0
13305.0,10,2000.86,2010-12-02 12:10:00,2011-12-05 15:15:00,368,200.09,9.918478260869565,2000.9,High Value,3,0,4.6247477883487556e-05,0.007140814768785206,3.3024467308947514e-07,3836.0
13307.0,1,15.0,2011-08-11 17:14:00,2011-08-11 17:14:00,1,15.0,365.0,15.0,Low Value,119,1,0.9444337808764953,5.353202135627872e-05,5.05574493274716e-05,1927.0
13308.0,3,1385.51,2011-05-20 13:13:00,2011-11-17 09:31:00,180,461.84,6.083333333333333,1385.5199999999998,High Value,22,0,0.00042995107962051816,0.004944645748636752,2.1259557779673765e-06,2822.0
13309.0,5,1456.79,2011-02-04 12:29:00,2011-12-02 16:34:00,301,291.36,6.063122923588041,1456.8000000000004,High Value,6,0,7.2507101088388e-05,0.00519902991412179,3.7696658754478187e-07,3752.0
13310.0,3,1132.03,2011-01-19 14:50:00,2011-11-11 17:23:00,296,377.34,3.6993243243243246,1132.02,Medium Value,8,0,9.111731749350916e-05,0.004039954587715642,3.6810982482824504e-07,3767.0
13311.0,2,598.57,2011-07-12 14:26:00,2011-12-05 12:55:00,145,299.29,5.0344827586206895,598.58,Medium Value,3,0,6.245250897568951e-05,0.002136213156229421,1.3341187131340392e-07,4164.0
13313.0,5,1555.32,2011-01-04 10:00:00,2011-11-17 16:48:00,317,311.06,5.757097791798107,1555.3,High Value,21,0,0.00036028697907947746,0.005550556854361352,1.9997933612667386e-06,2853.0
13314.0,3,775.94,2011-09-27 10:20:00,2011-12-08 12:29:00,72,258.65,15.208333333333332,775.9499999999998,Medium Value,1,0,5.2184140425785096e-05,0.0027692114647602972,1.4450891994574538e-07,4150.0
13316.0,4,5977.7300000000005,2011-03-30 13:01:00,2011-11-02 13:40:00,217,1494.43,6.728110599078341,5977.720000000001,High Value,36,0,0.0011318485814570004,0.021333295646790297,2.4146060415622397e-05,2079.0
13317.0,6,2273.68,2010-12-16 09:22:00,2011-10-04 13:35:00,292,378.95,7.5,2273.7,High Value,63,0,0.031580590007505835,0.008114383797184727,0.00025625702786243927,1578.0
13318.0,3,640.76,2011-11-02 13:26:00,2011-12-08 18:51:00,36,213.59,30.416666666666664,640.77,Medium Value,0,0,4.842706586085306e-05,0.002286780888297514,1.1074208868692379e-07,4202.0
13319.0,26,10845.550000000001,2010-12-09 10:04:00,2011-12-04 13:34:00,360,417.14,26.361111111111107,10845.639999999998,High Value,4,0,3.1361327120032085e-05,0.03870593547350071,1.2138695038713097e-06,3083.0
13320.0,4,1548.7,2011-05-10 10:29:00,2011-09-22 18:07:00,135,387.18,10.814814814814815,1548.7199999999998,High Value,69,0,0.06752679595075431,0.005527074140993064,0.0003732256077235293,1455.0
13321.0,2,567.36,2011-09-14 15:18:00,2011-09-28 15:24:00,14,283.68,52.14285714285714,567.36,Medium Value,71,0,0.09422832067109242,0.002024795175779886,0.00019079304911666806,1649.0
13322.0,1,199.48000000000002,2011-11-22 14:21:00,2011-11-22 14:21:00,1,199.48,365.0,199.48,Low Value,16,0,0.0002237400869791619,0.0007119045080100319,1.59281576543022e-07,4124.0
13323.0,5,787.85,2011-09-16 13:23:00,2011-12-06 17:12:00,81,157.57,22.530864197530864,787.85,Medium Value,2,0,5.747846741181702e-05,0.002811680201702946,1.6161106884603388e-07,4118.0
13324.0,10,7121.95,2010-12-14 09:50:00,2011-11-03 16:28:00,324,712.2,11.265432098765432,7122.0,High Value,31,0,0.0007700771834207785,0.025417003739961135,1.9573054651064667e-05,2125.0
13325.0,1,675.3,2011-09-19 10:36:00,2011-09-19 10:36:00,1,675.3,365.0,675.3,Medium Value,81,0,0.16825773882847372,0.0024100116014596678,0.0004055031026119925,1407.0
13327.0,8,3627.77,2010-12-09 15:32:00,2011-11-01 10:21:00,326,453.47,8.957055214723926,3627.76,High Value,38,0,0.0019509929527574703,0.012946755053030246,2.525902786953918e-05,2075.0
13328.0,1,1308.48,2011-01-27 15:22:00,2011-01-27 15:22:00,1,1308.48,365.0,1308.48,High Value,315,1,0.9999999999329825,0.0046697052869509054,0.0046697052866379535,124.0
13329.0,2,789.0,2010-12-08 10:11:00,2011-11-08 10:29:00,335,394.5,2.1791044776119404,789.0,Medium Value,31,0,0.0010869639509265253,0.0028157843233402604,3.060656053054902e-06,2676.0
13330.0,3,1140.93,2011-01-28 10:08:00,2011-09-08 12:27:00,223,380.31,4.910313901345292,1140.9300000000003,Medium Value,92,1,0.4592124047063001,0.004071752608401273,0.0018697993066730983,457.0
13332.0,1,350.9,2011-11-25 13:30:00,2011-11-25 13:30:00,1,350.9,365.0,350.9,Low Value,13,0,0.0001503477146437489,0.0012522924195945467,1.8827930335173078e-07,4063.0
13334.0,3,3536.82,2011-02-07 11:42:00,2011-09-18 15:21:00,223,1178.94,4.910313901345292,3536.8200000000006,High Value,81,0,0.1494947484663971,0.012622208251554249,0.0018869538476565843,450.0
13336.0,1,795.12,2011-09-23 14:05:00,2011-09-23 14:05:00,1,795.12,365.0,795.12,Medium Value,76,0,0.10002831112842328,0.002837625388053622,0.00028384287518214054,1546.0
13338.0,1,487.02,2011-07-05 09:06:00,2011-07-05 09:06:00,1,487.02,365.0,487.02,Medium Value,153,1,0.9981414243978511,0.0017380776693956574,0.0017348473206446789,496.0
13339.0,1,860.12,2011-05-23 08:31:00,2011-05-23 08:31:00,1,860.12,365.0,860.12,Medium Value,200,1,0.9999862427050905,0.0030695974805974966,0.0030695552512397025,236.0
13340.0,7,10736.48,2011-03-08 11:39:00,2011-10-25 13:15:00,231,1533.78,11.06060606060606,10736.46,High Value,44,0,0.0024215413592193276,0.03831629373405548,9.27844900090117e-05,1801.0
13341.0,1,775.85,2011-03-24 09:50:00,2011-03-24 09:50:00,1,775.85,365.0,775.85,Medium Value,260,1,0.999999980030553,0.002768854584617923,0.002768854529325428,272.0
13343.0,1,353.43,2011-06-15 12:24:00,2011-06-15 12:24:00,1,353.43,365.0,353.43,Low Value,172,1,0.9997767505322349,0.001261321487196639,0.0012610398978459417,692.0
13344.0,3,2543.72,2011-03-07 10:28:00,2011-10-03 09:45:00,209,847.91,5.239234449760765,2543.7299999999996,High Value,67,0,0.043714786993209395,0.009078067245640456,0.00039684577595320365,1423.0
13345.0,1,389.5,2011-02-25 09:01:00,2011-02-25 09:01:00,1,389.5,365.0,389.5,Medium Value,276,1,0.9999999970660047,0.0013900481545513707,0.001390048150472976,623.0
13347.0,1,341.36,2011-09-30 13:28:00,2011-09-30 13:28:00,1,341.36,365.0,341.36,Low Value,69,0,0.06086995789683345,0.0012182460540119536,7.41545860156911e-05,1840.0
13348.0,1,233.76,2011-10-06 17:28:00,2011-10-06 17:28:00,1,233.76,365.0,233.76,Low Value,63,0,0.03442690314266514,0.0008342430208162475,2.872040367508533e-05,2041.0
13349.0,1,247.32,2011-11-29 08:07:00,2011-11-29 08:07:00,1,247.32,365.0,247.32000000000002,Low Value,10,0,0.00011421829634305191,0.0008826359681223236,1.0081317657003208e-07,4214.0
13350.0,2,979.12,2011-09-21 13:33:00,2011-11-23 16:33:00,63,489.56,11.587301587301587,979.12,Medium Value,15,0,0.00021965061053823154,0.0034942848500239747,7.675218007022589e-07,3337.0
13351.0,1,373.94,2011-10-04 12:55:00,2011-10-04 12:55:00,1,373.94,365.0,373.94,Low Value,65,0,0.03973920156408045,0.0013345176043977908,5.3032664071977586e-05,1914.0
13352.0,1,397.97999999999996,2011-10-10 13:55:00,2011-10-10 13:55:00,1,397.98,365.0,397.98,Medium Value,7,0,7.677714339221778e-05,0.001420311590624787,1.0904746665502819e-07,4204.0
13354.0,1,743.53,2011-09-29 13:17:00,2011-09-29 13:17:00,1,743.53,365.0,743.5300000000001,Medium Value,70,0,0.05617138509391231,0.0026535109226022615,0.00014905138388439417,1704.0
13355.0,1,674.7,2011-08-09 14:48:00,2011-08-09 14:48:00,1,674.7,365.0,674.7,Medium Value,121,1,0.9388875452526247,0.0024078703206054167,0.0022607194545998703,343.0
13356.0,1,768.24,2011-09-20 14:33:00,2011-09-20 14:33:00,1,768.24,365.0,768.2399999999999,Medium Value,79,0,0.13479121256825893,0.0027416960057831704,0.0003695565291130658,1458.0
13357.0,1,609.95,2011-03-27 13:56:00,2011-03-27 13:56:00,1,609.95,365.0,609.95,Medium Value,256,1,0.999999971573356,0.0021767904284174804,0.0021767903665386337,372.0
13358.0,1,439.03,2011-03-16 11:52:00,2011-03-16 11:52:00,1,439.03,365.0,439.03,Medium Value,268,1,0.9999999928568959,0.0015668108890698029,0.0015668108778779096,555.0
13359.0,1,439.56,2011-10-07 09:30:00,2011-10-07 09:30:00,1,439.56,365.0,439.56,Medium Value,58,0,0.018448519110487265,0.0015687023538243916,2.8940235353195643e-05,2040.0
13362.0,4,3090.7400000000002,2011-02-25 11:33:00,2011-11-30 14:41:00,278,772.68,5.251798561151079,3090.7200000000003,High Value,2,0,3.883990741605869e-05,0.011030165936418519,4.2841062375425954e-07,3671.0
13363.0,2,992.5,2011-10-27 10:46:00,2011-11-22 12:40:00,26,496.25,28.07692307692308,992.5,Medium Value,17,0,0.0002749778895738066,0.003542035413073775,9.739814226827129e-07,3200.0
13364.0,1,134.95999999999998,2011-09-29 18:13:00,2011-09-29 18:13:00,1,134.96,365.0,134.96,Low Value,66,0,0.04919102792194759,0.0004816454401495584,2.3692634294875666e-05,2080.0
13365.0,2,2225.37,2011-05-06 12:00:00,2011-11-06 12:36:00,184,1112.68,3.967391304347826,2225.36,High Value,8,0,7.069785783734882e-05,0.00794186793636056,5.614730503278177e-07,3511.0
13366.0,1,56.160000000000004,2011-10-20 13:37:00,2011-10-20 13:37:00,1,56.16,365.0,56.16,Low Value,49,0,0.008460882788289752,0.0002004238879579075,1.6957630239851734e-06,2920.0
13368.0,2,623.4,2011-01-06 12:32:00,2011-03-28 09:59:00,80,311.7,9.125,623.4,Medium Value,256,1,0.9999999802351407,0.0022247908075669434,0.002224790763594266,357.0
13369.0,1,308.28000000000003,2010-12-09 11:30:00,2010-12-09 11:30:00,1,308.28,365.0,308.28,Low Value,353,1,0.9999999999993228,0.00110019010291424,0.001100190102913495,818.0
13370.0,1,754.87,2010-12-03 10:26:00,2010-12-03 10:26:00,1,754.87,365.0,754.87,Medium Value,365,1,0.9999999999997708,0.002693981130747608,0.0026939811307469907,279.0
13372.0,1,378.64,2011-09-11 12:46:00,2011-09-11 12:46:00,1,378.64,365.0,378.64000000000004,Low Value,89,0,0.35679576746203995,0.001351290971089425,0.00048213489909437664,1322.0
13373.0,3,3312.25,2011-03-08 14:35:00,2011-10-10 10:51:00,215,1104.08,5.093023255813954,3312.2400000000002,High Value,60,0,0.018517713897639523,0.011820726827808043,0.00021889283745950134,1616.0
13375.0,1,778.65,2011-09-12 10:19:00,2011-09-12 10:19:00,1,778.65,365.0,778.65,Medium Value,80,0,0.14729060161889038,0.002778847228604428,0.0004092980801081324,1398.0
13376.0,3,1019.76,2011-04-19 13:03:00,2011-09-01 16:16:00,135,339.92,8.11111111111111,1019.7600000000001,Medium Value,98,1,0.6370845528896957,0.0036393209398852527,0.002318555153808903,331.0
13379.0,3,572.56,2011-07-26 12:26:00,2011-11-13 13:45:00,110,190.85,9.954545454545453,572.5499999999998,Medium Value,25,0,0.0007084359799345163,0.002043317255169158,1.4475594619828688e-06,2994.0
13381.0,6,3639.31,2011-02-14 10:10:00,2011-11-08 11:58:00,267,606.55,8.202247191011235,3639.2999999999993,High Value,20,0,0.00028275488259059693,0.01298793902146034,3.6724031731068504e-06,2616.0
13382.0,1,222.99,2011-03-04 10:03:00,2011-03-04 10:03:00,1,222.99,365.0,222.99,Low Value,280,1,0.9999999982436258,0.0007958070294824394,0.0007958070280847045,1013.0
13384.0,7,4151.93,2011-06-14 12:47:00,2011-11-09 11:04:00,147,593.13,17.38095238095238,4151.91,High Value,30,0,0.0008827556295097856,0.01481734231928981,1.3080092346726664e-05,2226.0
13385.0,1,534.57,2011-01-14 09:52:00,2011-01-14 09:52:00,1,534.57,365.0,534.57,Medium Value,329,1,0.9999999999898541,0.0019077741770950612,0.0019077741770757051,446.0
13388.0,2,677.1,2011-07-31 12:52:00,2011-07-31 12:52:00,1,338.55,730.0,677.1,Medium Value,120,1,0.9210094424124433,0.0024164354440224215,0.0022255598609247553,355.0
13389.0,3,797.96,2011-04-21 12:12:00,2011-11-28 14:01:00,221,265.99,4.95475113122172,797.9699999999999,Medium Value,10,0,0.00012549945146900254,0.002847796472111315,3.573968951453306e-07,3788.0
13390.0,1,544.08,2011-09-26 08:38:00,2011-09-26 08:38:00,1,544.08,365.0,544.08,Medium Value,74,0,0.09174022832442782,0.0019417134786349419,0.00017813323787058857,1662.0
13391.0,1,59.8,2011-05-20 10:50:00,2011-05-20 10:50:00,1,59.8,365.0,59.8,Low Value,203,1,0.9999932357553679,0.0002134143251403645,0.00021341288155366124,1627.0
13394.0,8,2520.02,2011-02-03 10:39:00,2011-12-08 11:36:00,308,315.0,9.480519480519481,2520.0,High Value,1,0,3.853266522701121e-05,0.008993379587854825,3.46538884918246e-07,3806.0
13395.0,1,307.72,2011-06-07 15:04:00,2011-06-07 15:04:00,1,307.72,365.0,307.72,Low Value,184,1,0.9999404070032157,0.0010981915741169392,0.0010981261295899944,821.0
13396.0,2,1360.99,2011-01-24 13:37:00,2011-11-10 16:59:00,290,680.5,2.5172413793103448,1360.9999999999998,High Value,21,0,0.00033103721944468357,0.004857138737726355,1.607893702193993e-06,2945.0
13397.0,5,1544.13,2011-01-04 13:50:00,2011-09-28 10:56:00,266,308.83,6.860902255639098,1544.15,High Value,72,0,0.08526095606830028,0.005510764718486519,0.00046985306856561825,1339.0
13398.0,1,457.34,2011-05-31 13:17:00,2011-05-31 13:17:00,1,457.34,365.0,457.3399999999999,Medium Value,191,1,0.9999699795199274,0.0016321556431387002,0.00163210664504274,531.0
13402.0,2,621.23,2010-12-02 17:12:00,2011-08-04 15:51:00,244,310.62,2.9918032786885247,621.2400000000001,Medium Value,126,1,0.9723895824835266,0.00221708219649164,0.0021558676313781656,379.0
13403.0,1,75.0,2011-11-22 08:28:00,2011-11-22 08:28:00,1,75.0,365.0,75.0,Low Value,17,0,0.0002647006775301294,0.0002676601067813936,7.084981161282167e-08,4261.0
13404.0,2,252.49,2011-05-11 11:57:00,2011-12-08 15:37:00,211,126.24,3.459715639810427,252.48000000000002,Low Value,0,0,4.695924603478195e-05,0.0009010509834688834,4.231267482259754e-08,4308.0
13405.0,3,572.451,2011-01-26 09:27:00,2011-09-26 17:01:00,243,190.82,4.506172839506172,572.4599999999999,Medium Value,73,0,0.10505940563491098,0.002042996063041021,0.00021463595209755276,1623.0
13408.0,62,28117.04,2010-12-01 10:39:00,2011-12-08 09:05:00,371,453.5,60.99730458221024,28117.0,High Value,1,0,9.05268555209602e-06,0.10034398963163257,9.08382585177953e-07,3242.0
13410.0,5,1003.06,2011-02-21 14:38:00,2011-11-15 15:33:00,267,200.61,6.835205992509364,1003.0500000000002,Medium Value,8,0,9.619440337842082e-05,0.0035796862680943587,3.443457848412626e-07,3811.0
13411.0,1,213.55,2011-08-24 13:57:00,2011-08-24 13:57:00,1,213.55,365.0,213.55,Low Value,106,1,0.7908884876480513,0.0007621175440422214,0.0006027499918175996,1188.0
13414.0,3,1390.5,2011-02-16 12:13:00,2011-07-29 11:45:00,162,463.5,6.759259259259259,1390.5,High Value,133,1,0.9862716531400414,0.004962418379727037,0.00489429257894591,117.0
13416.0,2,712.5,2011-09-19 14:43:00,2011-10-27 08:56:00,37,356.25,19.72972972972973,712.4999999999999,Medium Value,43,0,0.00488171137363184,0.0025427710144232387,1.2413074181651296e-05,2242.0
13417.0,2,640.83,2011-05-18 16:26:00,2011-12-05 08:49:00,200,320.42,3.65,640.8400000000001,Medium Value,4,0,6.642788828660285e-05,0.0022870307043971775,1.5192262013972634e-07,4141.0
13418.0,18,6127.43,2010-12-02 10:45:00,2011-11-28 10:23:00,360,340.41,18.25,6127.38,High Value,11,0,8.46817829312778e-05,0.021867402467869005,1.8517706290549717e-06,2876.0
13419.0,1,221.06,2011-10-07 12:49:00,2011-10-07 12:49:00,1,221.06,365.0,221.05999999999997,Low Value,63,0,0.034630674075267036,0.0007889192427345982,2.732080516684835e-05,2056.0
13420.0,2,159.85,2011-06-22 11:35:00,2011-07-13 08:48:00,20,79.92,36.5,159.84,Low Value,134,1,0.9906529495225911,0.000570437219572506,0.000565105314086969,1227.0
13421.0,2,1851.08,2011-02-22 15:46:00,2011-10-30 14:21:00,249,925.54,2.9317269076305217,1851.0799999999995,High Value,39,0,0.0021185673493159473,0.006606136939478692,1.3995546025089537e-05,2206.0
13422.0,1,2626.3,2011-10-06 13:42:00,2011-10-06 13:42:00,1,2626.3,365.0,2626.3,High Value,50,0,0.002752252818049059,0.009372743179199654,2.5796158827802342e-05,2067.0
13425.0,3,1624.21,2011-02-18 08:34:00,2011-08-23 17:13:00,186,541.4,5.887096774193548,1624.2,High Value,107,1,0.8032952164529109,0.00579644727245786,0.004656258366386922,125.0
13426.0,10,3641.32,2010-12-15 12:43:00,2011-12-09 08:59:00,358,364.13,10.195530726256983,3641.3,High Value,0,0,3.1091352346912204e-05,0.012995076624307846,4.0403450610147766e-07,3716.0
13427.0,3,582.6,2011-05-08 15:58:00,2011-11-20 13:02:00,195,194.2,5.615384615384616,582.6000000000001,Medium Value,18,0,0.0003141251145860032,0.002079183709477866,6.531238209850857e-07,3429.0
13428.0,1,218.47,2011-11-29 14:20:00,2011-11-29 14:20:00,1,218.47,365.0,218.47,Low Value,9,0,0.0001039348714666751,0.0007796760470470807,8.103552973548366e-08,4249.0
13429.0,4,1006.8,2011-09-25 15:59:00,2011-11-29 09:10:00,64,251.7,22.8125,1006.8,Medium Value,10,0,0.00013527726094172404,0.0035930692734334273,4.860605696839446e-07,3608.0
13430.0,2,679.45,2011-09-14 14:26:00,2011-11-21 08:19:00,67,339.72,10.895522388059701,679.44,Medium Value,18,0,0.0003259126674739008,0.002424786439354001,7.902686165044045e-07,3323.0
13431.0,2,1269.1,2011-09-12 11:25:00,2011-10-03 13:49:00,21,634.55,34.76190476190476,1269.1,High Value,66,0,0.049107532576882336,0.004529165886883554,0.00022241616133623833,1611.0
13434.0,2,534.24,2011-09-04 10:35:00,2011-09-26 14:30:00,22,267.12,33.18181818181818,534.24,Medium Value,73,0,0.11627346219214096,0.0019065964726252228,0.00022168657287545816,1613.0
13435.0,7,3809.8900000000003,2011-06-03 17:07:00,2011-12-04 14:45:00,183,544.27,13.961748633879782,3809.8900000000003,High Value,4,0,5.30578775217894e-05,0.013596740856338182,7.214142110511013e-07,3372.0
13436.0,1,196.89,2011-12-08 10:33:00,2011-12-08 10:33:00,1,196.89,365.0,196.89,Low Value,1,0,4.417978710402033e-05,0.0007026613123225144,3.104342718464022e-08,4321.0
13437.0,7,3408.06,2011-06-02 14:30:00,2011-11-25 14:00:00,175,486.87,14.6,3408.0899999999997,High Value,13,0,0.00014518768824464757,0.01216279644427466,1.7658882983344573e-06,2899.0
13439.0,1,283.71,2011-03-29 14:20:00,2011-03-29 14:20:00,1,283.71,365.0,283.71,Low Value,254,1,0.9999999698316835,0.0010125046519326557,0.0010125046213870948,892.0
13441.0,1,296.64,2011-09-09 09:38:00,2011-09-09 09:38:00,1,296.64,365.0,296.64,Low Value,91,1,0.41742670712019,0.001058649254341768,0.0004419084722351287,1366.0
13447.0,3,1129.14,2011-11-04 10:10:00,2011-11-16 13:38:00,12,376.38,91.25,1129.14,Medium Value,22,0,0.00046782993946524107,0.004029676439615237,1.8852032848097044e-06,2867.0
13448.0,6,3539.37,2010-12-01 10:52:00,2011-11-23 12:33:00,357,589.9,6.134453781512605,3539.399999999999,High Value,16,0,0.00017417663652774082,0.012631415759227523,2.2000975115257494e-06,2809.0
13449.0,1,291.88,2011-11-16 08:28:00,2011-11-16 08:28:00,1,291.88,365.0,291.88,Low Value,23,0,0.00045645050476710616,0.0010416617595647088,4.754670359499033e-07,3622.0
13450.0,6,2043.7199999999998,2011-05-05 19:48:00,2011-11-13 11:54:00,191,340.62,11.465968586387435,2043.72,High Value,26,0,0.0006459862901106632,0.007293630845750263,4.711585531482911e-06,2520.0
13451.0,5,2976.15,2011-01-09 15:35:00,2011-11-13 15:58:00,308,595.23,5.925324675324675,2976.15,High Value,25,0,0.0004873447558563408,0.010621288357299261,5.176229181367803e-06,2487.0
13452.0,2,590.0,2011-03-14 11:38:00,2011-03-25 14:19:00,11,295.0,66.36363636363636,590.0,Medium Value,258,1,0.9999999841968996,0.0021055928400136297,0.0021055928067387347,395.0
13453.0,2,356.97999999999996,2011-02-23 09:44:00,2011-06-27 09:34:00,123,178.49,5.9349593495934965,356.98,Low Value,165,1,0.9996391569281672,0.0012739907322509585,0.0012735310215216465,684.0
13455.0,2,1058.34,2010-12-08 13:11:00,2011-11-15 11:21:00,341,529.17,2.1407624633431084,1058.34,Medium Value,24,0,0.00047588537282281835,0.003777005298813601,1.797421574779671e-06,2893.0
13456.0,6,1766.72,2011-05-16 15:34:00,2011-11-22 09:18:00,189,294.45,11.587301587301587,1766.7,High Value,17,0,0.00024975311910511034,0.006305001475342508,1.5746937844291137e-06,2956.0
13458.0,14,9646.57,2010-12-15 12:05:00,2011-12-02 15:29:00,352,689.04,14.517045454545455,9646.559999999998,High Value,6,0,4.6269742770046546e-05,0.03442665706230826,1.5929125667056097e-06,2954.0
13460.0,2,183.44,2011-10-21 09:50:00,2011-11-10 17:17:00,20,91.72,36.5,183.43999999999997,Low Value,28,0,0.0010947589647559077,0.000654660933173051,7.166959254666658e-07,3380.0
13461.0,3,1445.0,2011-06-29 10:23:00,2011-11-01 09:01:00,124,481.67,8.830645161290322,1445.01,High Value,38,0,0.0024895360583973894,0.005156953745335754,1.2838422300500827e-05,2231.0
13462.0,1,151.5,2011-04-01 11:20:00,2011-04-01 11:20:00,1,151.5,365.0,151.5,Low Value,182,1,0.9999313634203016,0.000540673415698415,0.0005406363057244277,1262.0
13464.0,1,674.68,2011-10-12 15:01:00,2011-10-12 15:01:00,1,674.68,365.0,674.68,Medium Value,57,0,0.014838837103102843,0.0024077989445769415,3.572893631560018e-05,1992.0
13466.0,1,307.9,2011-06-08 16:39:00,2011-06-08 16:39:00,1,307.9,365.0,307.9,Low Value,99,1,0.6288246559095731,0.0010988339583732144,0.0006909738857757907,1104.0
13467.0,2,1083.71,2011-11-03 16:56:00,2011-11-29 10:01:00,25,541.86,29.2,1083.72,Medium Value,10,0,0.00012608160683524842,0.003867581478948425,4.876308874320639e-07,3605.0
13468.0,37,5704.97,2010-12-01 15:08:00,2011-12-08 10:39:00,371,154.19,36.40161725067386,5705.03,High Value,1,0,1.9444552735853363e-05,0.020360119186547385,3.958934112310805e-07,3721.0
13470.0,2,165.0,2011-08-16 17:06:00,2011-09-01 14:57:00,15,82.5,48.666666666666664,165.0,Low Value,98,1,0.6810382792614361,0.0005888522349190659,0.0004010309128085316,1417.0
13471.0,4,2531.58,2011-10-23 13:10:00,2011-12-08 15:44:00,46,632.9,31.73913043478261,2531.6,High Value,0,0,3.833375062237257e-05,0.009034777684370346,3.463369146812295e-07,3807.0
13473.0,2,422.64,2011-01-11 08:45:00,2011-10-10 11:20:00,272,211.32,2.6838235294117645,422.64000000000004,Medium Value,60,0,0.02782724797815093,0.0015083182337345092,4.1972345520096804e-05,1965.0
13474.0,1,229.59,2011-04-17 13:53:00,2011-04-17 13:53:00,1,229.59,365.0,229.59,Low Value,235,1,0.9999997701655132,0.0008193611188792021,0.0008193609305617598,997.0
13475.0,4,1431.78,2011-02-14 12:36:00,2011-06-01 13:52:00,107,357.94,13.64485981308411,1431.7599999999998,High Value,190,1,0.9999725435668135,0.00510966712647104,0.005109526833236977,108.0
13476.0,2,1238.47,2011-03-03 14:43:00,2011-06-14 12:00:00,102,619.24,7.1568627450980395,1238.48,High Value,178,1,0.9998921899863549,0.0044198891872882715,0.00441941267897468,140.0
13477.0,6,1454.58,2011-02-21 12:29:00,2011-11-02 12:04:00,253,242.43,8.656126482213438,1454.58,High Value,37,0,0.002137250663921257,0.00519110717496106,1.1094697256171927e-05,2270.0
13479.0,2,300.95,2011-04-19 11:27:00,2011-05-23 10:45:00,33,150.48,22.12121212121212,300.96,Low Value,197,1,0.9999893698929868,0.0010740664764923762,0.0010740550590507918,850.0
13481.0,5,1804.56,2011-03-28 09:07:00,2011-10-25 09:07:00,211,360.91,8.649289099526065,1804.55,High Value,45,0,0.00504386052179401,0.006440080609231518,3.2482868342073964e-05,2010.0
13482.0,1,184.64,2011-04-21 17:03:00,2011-04-21 17:03:00,1,184.64,365.0,184.64,Low Value,231,1,0.9999996532179775,0.0006589434948815534,0.0006589432663717955,1132.0
13483.0,1,140.34,2011-10-05 11:53:00,2011-10-05 11:53:00,1,140.34,365.0,140.34,Low Value,65,0,0.0442587443265011,0.0005008455918093437,2.2166796994944875e-05,2090.0
13484.0,1,313.8,2011-04-12 16:30:00,2011-04-12 16:30:00,1,313.8,365.0,313.8,Low Value,240,1,0.9999998606936481,0.0011198898867733507,0.001119889730765576,795.0
13485.0,1,454.24,2011-04-20 13:58:00,2011-04-20 13:58:00,1,454.24,365.0,454.24,Medium Value,232,1,0.9999996456755883,0.0016210923587250696,0.0016210917843324732,538.0
13486.0,3,1122.41,2011-07-07 17:19:00,2011-09-22 13:13:00,76,374.14,14.407894736842104,1122.42,Medium Value,77,0,0.1555311018029162,0.0040056940940476245,0.0006230100159326613,1171.0
13487.0,3,575.4,2010-12-21 14:54:00,2011-10-13 12:07:00,295,191.8,3.711864406779661,575.4,Medium Value,57,0,0.019658413071276092,0.0020534883392268515,4.036832200957017e-05,1970.0
13488.0,13,8968.31,2010-12-07 13:01:00,2011-11-22 14:41:00,350,689.87,13.557142857142857,8968.31,High Value,16,0,0.00014013225012438546,0.03200611749664853,4.485089262550821e-06,2540.0
13489.0,4,449.52,2011-02-18 10:42:00,2011-08-26 13:16:00,189,112.38,7.724867724867725,449.52,Medium Value,104,1,0.7792324729516596,0.0016042476160049606,0.0012500818370463499,699.0
13491.0,10,1215.82,2010-12-02 14:30:00,2011-10-19 08:32:00,320,121.58,11.40625,1215.8,High Value,51,0,0.008866994688372742,0.004338948770997578,3.847343570555696e-05,1981.0
13492.0,3,1269.84,2011-05-09 10:06:00,2011-07-26 14:25:00,78,423.28,14.03846153846154,1269.8400000000001,High Value,135,1,0.9896618348425559,0.0045318067999371315,0.004484956232777753,138.0
13493.0,2,618.63,2011-02-25 16:42:00,2011-03-09 15:35:00,11,309.32,66.36363636363636,618.64,Medium Value,274,1,0.9999999971842979,0.002207803312789884,0.0022078033065733678,364.0
13494.0,1,316.26000000000005,2011-02-01 11:58:00,2011-02-01 11:58:00,1,316.26,365.0,316.26,Low Value,311,1,0.9999999999359048,0.0011286691382757805,0.0011286691382034382,785.0
13495.0,5,2044.8700000000001,2010-12-06 15:14:00,2011-12-02 11:21:00,360,408.97,5.069444444444444,2044.85,High Value,7,0,7.339872069178853e-05,0.007297663591359102,5.356391716448011e-07,3542.0
13496.0,2,653.33,2010-12-15 10:17:00,2011-11-29 10:58:00,349,326.67,2.0916905444126073,653.34,Medium Value,10,0,0.00011468456440982663,0.002331640722194076,2.674032005850412e-07,3923.0
13497.0,2,348.05,2010-12-06 11:37:00,2011-03-02 09:04:00,85,174.02,8.588235294117647,348.03999999999996,Low Value,282,1,0.999999998887861,0.0012420856475226162,0.0012420856461412442,708.0
13499.0,5,1159.11,2011-03-15 08:52:00,2011-11-22 11:21:00,252,231.82,7.242063492063492,1159.1,Medium Value,17,0,0.00025347625094456475,0.0041365977302708435,1.0485292843348492e-06,3156.0
13500.0,3,1166.77,2011-08-09 12:20:00,2011-11-16 15:35:00,99,388.92,11.06060606060606,1166.76,Medium Value,22,0,0.00046863162869321804,0.004163934749176783,1.951351523279002e-06,2859.0
13501.0,1,1340.32,2011-02-24 18:59:00,2011-02-24 18:59:00,1,1340.32,365.0,1340.32,High Value,242,1,0.9999998161247935,0.004783335924283166,0.004783335044746285,121.0
13502.0,3,292.0,2011-01-20 09:03:00,2011-11-23 10:39:00,307,97.33,3.566775244299674,291.98999999999995,Low Value,16,0,0.0002459956114761859,0.0010420543277213214,2.5634079153921227e-07,3937.0
13503.0,1,216.85,2011-09-29 13:23:00,2011-09-29 13:23:00,1,216.85,365.0,216.85,Low Value,70,0,0.07122357448835705,0.0007738945887406026,5.5119538887302754e-05,1899.0
13504.0,1,295.93,2011-10-06 13:20:00,2011-10-06 13:20:00,1,295.93,365.0,295.93,Low Value,63,0,0.03344596277736981,0.001056115405330904,3.5322796535304246e-05,1995.0
13505.0,4,4393.63,2011-04-21 12:07:00,2011-09-28 11:56:00,159,1098.41,9.182389937106919,4393.64,High Value,67,0,0.0391986852759052,0.015680028687453364,0.0006146365096366493,1181.0
13506.0,2,458.52,2010-12-05 12:15:00,2011-01-27 13:53:00,53,229.26,13.773584905660377,458.52,Medium Value,311,1,0.9999999999513771,0.0016363668288187278,0.001636366828739163,528.0
13507.0,4,2479.16,2011-07-17 11:50:00,2011-12-06 13:13:00,142,619.79,10.28169014084507,2479.16,High Value,2,0,4.567670103632827e-05,0.008847629737708796,4.0413053840945223e-07,3715.0
13508.0,1,110.97,2011-04-10 11:58:00,2011-04-10 11:58:00,1,110.97,365.0,110.97000000000001,Low Value,243,1,0.9999999086841879,0.00039602989399375,0.0003960298578299586,1425.0
13509.0,7,979.72,2011-02-28 13:27:00,2011-12-01 10:10:00,275,139.96,9.290909090909091,979.7200000000001,Medium Value,8,0,9.369668854609112e-05,0.003496426130878226,3.276035502093116e-07,3842.0
13510.0,4,1791.56,2011-06-09 09:32:00,2011-12-08 13:46:00,182,447.89,8.021978021978022,1791.5600000000002,High Value,0,0,3.895670916432068e-05,0.0063937218787369805,2.490783637075106e-07,3946.0
13512.0,1,251.21,2011-03-24 10:03:00,2011-03-24 10:03:00,1,251.21,365.0,251.21000000000004,Low Value,260,1,0.9999999844867831,0.0008965186056607185,0.0008965185917528309,952.0
13513.0,1,205.1,2011-08-05 11:50:00,2011-08-05 11:50:00,1,205.1,365.0,205.1,Low Value,126,1,0.9706654190912037,0.0007319611720115176,0.0007104893977890484,1086.0
13514.0,1,152.20000000000002,2011-09-27 09:39:00,2011-09-27 09:39:00,1,152.2,365.0,152.2,Low Value,73,0,0.09866033858346783,0.0005431715766950414,5.3589491665648846e-05,1910.0
13515.0,4,891.12,2011-04-06 10:33:00,2011-09-28 11:26:00,175,222.78,8.342857142857143,891.1200000000001,Medium Value,72,0,0.0956364374824926,0.0031802303247338063,0.0003041458986313318,1529.0
13516.0,3,1389.41,2011-04-15 11:06:00,2011-11-18 13:15:00,217,463.14,5.046082949308756,1389.42,High Value,20,0,0.0003377417009991172,0.004958564074189385,1.6747138649298359e-06,2926.0
13517.0,3,2128.42,2011-06-13 08:44:00,2011-10-11 11:43:00,120,709.47,9.125,2128.41,High Value,59,0,0.021306139131337186,0.007595872638327812,0.00016183871925612962,1679.0
13518.0,1,659.4399999999999,2011-09-15 10:29:00,2011-09-15 10:29:00,1,659.44,365.0,659.44,Medium Value,85,0,0.23913631258202564,0.0023534104108789626,0.0005627858876497449,1231.0
13519.0,1,122.75,2011-09-22 18:24:00,2011-09-22 18:24:00,1,122.75,365.0,122.75,Low Value,49,0,0.008196198270480227,0.0004380703747655475,3.5905116480020054e-06,2624.0
13520.0,6,3624.35,2010-12-03 10:36:00,2011-10-12 10:20:00,312,604.06,7.01923076923077,3624.3600000000006,High Value,58,0,0.01652978162629917,0.01293462112818949,0.00021380646266788768,1625.0
13521.0,3,1093.65,2011-11-29 15:09:00,2011-12-08 13:50:00,8,364.55,136.875,1093.65,Medium Value,0,0,4.1990149451942266e-05,0.0039030196770862818,1.638883795547244e-07,4111.0
13522.0,1,125.80000000000001,2011-11-09 15:11:00,2011-11-09 15:11:00,1,125.8,365.0,125.8,Low Value,29,0,0.0009461325457361062,0.0004489552191079908,4.247711443761547e-07,3682.0
13523.0,5,3964.88,2010-12-08 14:22:00,2011-11-06 15:11:00,333,792.98,5.48048048048048,3964.9000000000005,High Value,32,0,0.000929244000829593,0.014149940765033968,1.3148747568001916e-05,2225.0
13524.0,5,680.1800000000001,2011-05-04 12:26:00,2011-10-30 12:34:00,179,136.04,10.195530726256983,680.2,Medium Value,40,0,0.003344871497867745,0.0024274987284360525,8.119671307855946e-06,2350.0
13525.0,2,628.78,2011-04-05 15:36:00,2011-11-25 12:01:00,233,314.39,3.133047210300429,628.78,Medium Value,14,0,0.00019233621620820036,0.002243990959226729,4.3160073030307906e-07,3669.0
13527.0,7,2287.51,2011-01-17 11:17:00,2011-11-06 12:04:00,293,326.79,8.720136518771332,2287.53,High Value,33,0,0.001265522886812044,0.008163740320875218,1.0331400218057888e-05,2285.0
13529.0,2,307.76,2011-05-19 11:50:00,2011-09-22 09:15:00,125,153.88,5.84,307.76,Low Value,78,0,0.1854474091133207,0.0010983343261738892,0.00020368325512917264,1638.0
13531.0,2,483.8,2010-12-08 15:03:00,2011-05-18 16:56:00,161,241.9,4.534161490683229,483.7999999999999,Medium Value,204,1,0.9999944009740623,0.001726586128811176,0.001726576461610657,502.0
13532.0,1,210.31,2011-11-06 12:25:00,2011-11-06 12:25:00,1,210.31,365.0,210.30999999999997,Low Value,33,0,0.0013999964789418596,0.0007505546274292651,1.0507738356544903e-06,3153.0
13533.0,3,270.79,2011-03-17 12:47:00,2011-06-10 11:54:00,84,90.26,13.035714285714285,270.78000000000003,Low Value,182,1,0.999944881399013,0.0009663600495235436,0.0009663067851095642,912.0
13534.0,25,5870.08,2010-12-16 15:23:00,2011-12-07 14:52:00,355,234.8,25.704225352112676,5870.000000000001,High Value,1,0,2.544626311618042e-05,0.02094886435742374,5.330703144241783e-07,3544.0
13536.0,7,3448.29,2011-09-25 13:30:00,2011-12-08 16:38:00,74,492.61,34.52702702702703,3448.270000000001,High Value,0,0,3.7353863478653054e-05,0.012306190885481018,4.596837742785025e-07,3638.0
13538.0,7,1280.85,2011-01-28 10:40:00,2011-10-27 16:34:00,272,182.98,9.393382352941176,1280.8599999999997,High Value,42,0,0.003633786351716113,0.004571134991626876,1.661052794442569e-05,2164.0
13539.0,3,631.34,2011-02-03 15:23:00,2011-09-15 10:18:00,223,210.45,4.910313901345292,631.35,Medium Value,85,0,0.3016485339595177,0.0022531627788857714,0.0006796632490230458,1113.0
13544.0,2,291.41,2011-04-13 12:09:00,2011-10-31 11:57:00,200,145.71,3.65,291.42,Low Value,39,0,0.003183021319239157,0.0010400201109097829,3.3104061854633118e-06,2655.0
13546.0,3,626.99,2011-05-23 12:14:00,2011-11-27 14:50:00,188,209.0,5.824468085106383,627.0,Medium Value,11,0,0.0001468974625081307,0.0022376384926924503,3.287034165870393e-07,3838.0
13548.0,2,682.41,2011-04-10 11:35:00,2011-09-04 14:50:00,147,341.2,4.965986394557823,682.4,Medium Value,95,1,0.5636106395522842,0.0024353500915683065,0.001372589222642527,632.0
13549.0,7,918.2,2011-04-11 13:42:00,2011-11-14 09:20:00,216,131.17,11.828703703703702,918.1899999999998,Medium Value,25,0,0.0006152467623793717,0.0032768377792747696,2.0160638345412125e-06,2850.0
13551.0,1,91.80000000000001,2011-01-24 14:46:00,2011-01-24 14:46:00,1,91.8,365.0,91.8,Low Value,318,1,0.9999999999730325,0.00032761597070042576,0.00032761597069159076,1507.0
13552.0,12,3740.07,2011-01-28 10:10:00,2011-10-04 15:19:00,249,311.67,17.590361445783135,3740.040000000001,High Value,65,0,0.03566267619304564,0.013347460076889113,0.0004760061467217005,1333.0
13555.0,4,4149.28,2011-05-22 11:06:00,2011-09-27 12:36:00,128,1037.32,11.40625,4149.28,High Value,73,0,0.07578958444788224,0.014807956371545344,0.0011222888599217917,791.0
13557.0,2,584.06,2011-03-04 12:14:00,2011-11-11 15:24:00,252,292.03,2.8968253968253967,584.06,Medium Value,27,0,0.0007835310630082043,0.002084394159556543,1.633187571565431e-06,2938.0
13558.0,4,605.06,2011-10-02 13:01:00,2011-12-04 11:24:00,62,151.26,23.548387096774192,605.04,Medium Value,5,0,8.270293537727857e-05,0.0021592676134268582,1.7857776989549198e-07,4083.0
13560.0,1,174.37,2011-12-02 13:11:00,2011-12-02 13:11:00,1,174.37,365.0,174.37,Low Value,6,0,7.672966454388789e-05,0.0006222919042596214,4.7748249062217947e-08,4300.0
13561.0,1,141.85999999999999,2011-05-08 12:39:00,2011-05-08 12:39:00,1,141.86,365.0,141.86,Low Value,215,1,0.999998080170954,0.0005062701699734466,0.0005062691980212693,1295.0
13562.0,3,1799.33,2011-04-08 12:42:00,2011-09-19 10:51:00,163,599.78,6.7177914110429455,1799.3400000000001,High Value,81,0,0.19459850557371178,0.006421487153813771,0.0012496118036929476,700.0
13563.0,2,777.53,2011-07-22 17:21:00,2011-09-16 14:45:00,55,388.76,13.272727272727272,777.5199999999998,Medium Value,83,0,0.2669462299044429,0.0027748144829955875,0.000740726264919918,1050.0
13564.0,3,1749.02,2010-12-06 17:26:00,2011-07-18 14:33:00,223,583.01,4.910313901345292,1749.0300000000002,High Value,143,1,0.9948280240824807,0.0062419407541848115,0.006209657586925586,69.0
13565.0,2,240.22,2011-01-09 14:28:00,2011-11-20 14:33:00,315,120.11,2.3174603174603177,240.22,Low Value,18,0,0.00030807915921082264,0.0008572974780136849,2.6411548622001474e-07,3929.0
13566.0,2,874.71,2011-09-18 12:40:00,2011-10-30 11:59:00,41,437.36,17.804878048780488,874.7199999999999,Medium Value,40,0,0.0033943222930763006,0.0031217019813842744,1.0596062627753101e-05,2280.0
13568.0,1,192.85,2011-06-19 14:42:00,2011-06-19 14:42:00,1,192.85,365.0,192.85,Low Value,172,1,0.9997933516167237,0.0006882433545705567,0.000688101130194034,1107.0
13569.0,2,373.75,2010-12-07 12:29:00,2011-11-22 13:07:00,350,186.88,2.085714285714286,373.76000000000005,Low Value,16,0,0.0002346575645985908,0.0013338752201415157,3.130039106368172e-07,3857.0
13570.0,1,239.49,2011-04-10 13:36:00,2011-04-10 13:36:00,1,239.49,365.0,239.49,Low Value,242,1,0.9999998917520967,0.000854692252974346,0.0008546921604557017,976.0
13571.0,12,2092.32,2011-03-31 12:43:00,2011-11-27 10:47:00,240,174.36,18.25,2092.32,High Value,12,0,0.00012810446510204865,0.007467074594944606,9.565655968624754e-07,3209.0
13572.0,1,1384.25,2011-05-18 11:59:00,2011-05-18 11:59:00,1,1384.25,365.0,1384.25,High Value,205,1,0.9999896950569332,0.004940113370828588,0.004940062463241558,116.0
13573.0,2,294.4,2011-03-31 14:47:00,2011-10-20 14:33:00,202,147.2,3.613861386138614,294.4,Low Value,49,0,0.009318806057363526,0.0010506551391525636,9.790851474935028e-06,2302.0
13575.0,5,732.0699999999999,2011-06-16 14:24:00,2011-11-16 13:14:00,152,146.41,12.006578947368421,732.05,Medium Value,22,0,0.00048375980277303213,0.0026125410822575887,1.263842358689375e-06,3053.0
13576.0,18,6717.34,2010-12-01 17:24:00,2011-11-29 15:34:00,362,373.19,18.14917127071823,6717.419999999999,High Value,9,0,6.7045753723538e-05,0.023973138059939583,1.6072971103470848e-06,2946.0
13577.0,4,1687.6000000000001,2011-04-12 10:33:00,2011-11-14 15:19:00,216,421.9,6.759259259259259,1687.5999999999997,High Value,24,0,0.0005181036009410271,0.00602270928272373,3.120387366800115e-06,2668.0
13579.0,2,467.04,2010-12-05 16:10:00,2011-11-25 08:41:00,354,233.52,2.062146892655367,467.04,Medium Value,14,0,0.00018429450229454696,0.0016667730169490941,3.071771035966138e-07,3868.0
13581.0,1,118.0,2011-02-03 14:41:00,2011-02-03 14:41:00,1,118.0,365.0,118.0,Low Value,308,1,0.999999999919386,0.0004211185680027259,0.00042111856796877786,1390.0
13583.0,1,781.03,2011-07-07 10:40:00,2011-07-07 10:40:00,1,781.03,365.0,781.0300000000001,Medium Value,155,1,0.998275448763011,0.002787340975992958,0.0027825340636648994,267.0
13584.0,1,142.4,2011-02-06 12:49:00,2011-02-06 12:49:00,1,142.4,365.0,142.4,Low Value,306,1,0.9999999998987186,0.0005081973227422726,0.0005081973226908017,1292.0
13587.0,1,712.4,2011-10-07 12:31:00,2011-10-07 12:31:00,1,712.4,365.0,712.4,Medium Value,31,0,0.0008858929788536659,0.002542414134280864,2.2523068308977385e-06,2797.0
13588.0,9,2478.95,2011-03-29 15:53:00,2011-11-24 10:42:00,239,275.44,13.744769874476988,2478.96,High Value,15,0,0.00018223689883534514,0.008846915977424047,1.6122345319826245e-06,2944.0
13589.0,2,379.65,2011-06-13 12:44:00,2011-11-25 12:10:00,164,189.82,4.451219512195122,379.64000000000004,Low Value,14,0,0.0002138218340800256,0.001354859772513177,2.896986014800138e-07,3886.0
13590.0,6,1981.92,2011-02-09 13:25:00,2011-11-28 12:54:00,291,330.32,7.525773195876289,1981.92,High Value,10,0,0.0001077131564517029,0.007073078917762395,7.618636560641823e-07,3342.0
13591.0,3,1117.13,2011-03-18 12:18:00,2011-10-06 12:26:00,202,372.38,5.420792079207921,1117.1399999999999,Medium Value,64,0,0.04005581366890979,0.003986850822530213,0.00015969655367300997,1686.0
13592.0,4,247.95999999999998,2011-03-20 14:01:00,2011-11-04 09:49:00,228,61.99,6.4035087719298245,247.95999999999998,Low Value,35,0,0.0020075977012099294,0.0008849200010335247,1.7765633598295926e-06,2896.0
13593.0,5,2037.0800000000002,2011-01-07 16:32:00,2011-08-23 13:35:00,227,407.42,8.039647577092511,2037.1,High Value,107,1,0.8011894310532648,0.0072700053803250245,0.00582465147441678,84.0
13594.0,1,396.97,2011-10-18 10:19:00,2011-10-18 10:19:00,1,396.97,365.0,396.97,Medium Value,52,0,0.009921214511635256,0.0014167071011867976,1.4055455051031173e-05,2205.0
13596.0,2,697.04,2011-11-27 11:57:00,2011-12-04 12:01:00,7,348.52,104.28571428571428,697.04,Medium Value,5,0,7.657530247826137e-05,0.0024875973444120343,1.9048851909247126e-07,4056.0
13598.0,1,180.17000000000002,2011-10-23 14:28:00,2011-10-23 14:28:00,1,180.17,365.0,180.16999999999996,Low Value,46,0,0.005776178194729383,0.0006429909525173823,3.7140303193391794e-06,2612.0
13599.0,21,5153.67,2010-12-08 10:11:00,2011-12-08 16:10:00,365,245.41,21.0,5153.61,High Value,0,0,2.493606296226093e-05,0.018392210705462105,4.586293241665726e-07,3640.0
13600.0,1,219.52,2011-01-31 15:27:00,2011-01-31 15:27:00,1,219.52,365.0,219.52,Low Value,311,1,0.9999999999388209,0.0007834232885420204,0.0007834232884940912,1019.0
13601.0,2,693.32,2011-05-12 16:52:00,2011-10-25 17:31:00,166,346.66,4.397590361445784,693.3200000000002,Medium Value,44,0,0.005068278226616403,0.002474321403115678,1.2540549293062136e-05,2239.0
13602.0,1,428.89,2011-10-06 11:47:00,2011-10-06 11:47:00,1,428.89,365.0,428.89000000000004,Medium Value,64,0,0.034906318437114454,0.0015306232426329587,5.342842231459476e-05,1913.0
13603.0,1,164.34,2011-11-13 15:57:00,2011-11-13 15:57:00,1,164.34,365.0,164.34,Low Value,25,0,0.0006025709220504042,0.0005864968259793896,3.534059332100363e-07,3794.0
13606.0,3,280.53999999999996,2011-02-01 11:42:00,2011-11-10 17:46:00,282,93.51,3.882978723404255,280.53,Low Value,28,0,0.0009179872448162109,0.0010011558634051244,9.19048312678865e-07,3233.0
13607.0,1,678.01,2011-10-30 16:17:00,2011-10-30 16:17:00,1,678.01,365.0,678.01,Medium Value,39,0,0.00213845119077529,0.0024196830533180355,5.174374106666743e-06,2489.0
13610.0,7,1131.88,2011-02-27 14:44:00,2011-11-27 15:38:00,273,161.7,9.35897435897436,1131.9,Medium Value,11,0,0.00012845782097379836,0.004039526331544792,5.189087503165254e-07,3567.0
13611.0,3,1171.8,2010-12-15 10:31:00,2011-09-11 14:51:00,270,390.6,4.055555555555555,1171.8,Medium Value,88,0,0.3468798385576234,0.004181921508352494,0.001450624257677966,603.0
13614.0,4,1610.46,2011-01-13 12:37:00,2011-11-15 14:47:00,306,402.62,4.771241830065359,1610.4800000000002,High Value,23,0,0.0004421105888681765,0.005747483316923984,2.541023233755283e-06,2747.0
13615.0,1,417.69,2011-01-25 08:21:00,2011-01-25 08:21:00,1,417.69,365.0,417.69,Medium Value,312,1,0.9999999999396028,0.001490652666686937,0.0014906526665969058,582.0
13617.0,3,544.18,2011-06-12 12:55:00,2011-10-30 13:50:00,140,181.39,7.821428571428571,544.17,Medium Value,39,0,0.0031712059136648004,0.0019420346707630792,6.15859183246595e-06,2437.0
13618.0,1,177.34,2011-06-19 11:09:00,2011-06-19 11:09:00,1,177.34,365.0,177.34,Low Value,173,1,0.9998159268271898,0.0006328912444881645,0.0006327747461887477,1161.0
13621.0,1,213.85,2011-08-15 08:26:00,2011-08-15 08:26:00,1,213.85,365.0,213.85,Low Value,116,1,0.9177811335585023,0.0007631881844693468,0.0007004397170607325,1094.0
13623.0,5,747.78,2011-02-15 13:08:00,2011-11-09 12:00:00,266,149.56,6.860902255639098,747.8000000000002,Medium Value,30,0,0.001066327670637523,0.002668749704681682,2.8457616561077957e-06,2701.0
13626.0,1,257.23,2011-04-01 10:05:00,2011-04-01 10:05:00,1,257.23,365.0,257.23,Low Value,252,1,0.9999999630142327,0.0009180027902317051,0.0009180027562786674,939.0
13627.0,5,1638.47,2010-12-17 09:52:00,2011-10-11 14:20:00,298,327.69,6.124161073825503,1638.45,High Value,58,0,0.019481579688475994,0.005847302692746324,0.00011391469337137778,1764.0
13629.0,11,7792.36,2011-01-05 12:09:00,2011-11-16 13:21:00,315,708.4,12.746031746031747,7792.4000000000015,High Value,22,0,0.0002858659700121772,0.027809528214444424,7.949797758603165e-06,2356.0
13630.0,7,2031.78,2011-02-27 12:49:00,2011-12-04 15:16:00,280,290.25,9.125,2031.75,High Value,4,0,5.634658278472575e-05,0.0072509122927079525,4.0856412976585426e-07,3707.0
13631.0,11,3070.42,2011-03-17 17:13:00,2011-09-01 09:57:00,167,279.13,24.041916167664674,3070.4300000000003,High Value,99,1,0.6161209689009054,0.010957754955530592,0.006751302600180206,59.0
13632.0,5,2121.27,2011-04-10 15:07:00,2011-11-15 10:51:00,218,424.25,8.371559633027523,2121.2500000000005,High Value,24,0,0.0005038859869870136,0.00757032002013375,3.8145781751526434e-06,2606.0
13634.0,5,1575.16,2011-01-16 15:30:00,2011-11-06 13:40:00,293,315.03,6.228668941979523,1575.15,High Value,32,0,0.0012008650262497176,0.005621397562622829,6.750539731599162e-06,2411.0
13635.0,1,1071.03,2011-10-03 10:55:00,2011-10-03 10:55:00,1,1071.03,365.0,1071.03,Medium Value,67,0,0.035437884192864554,0.003822293388881013,0.00013545399046631712,1725.0
13636.0,5,949.12,2011-02-27 14:29:00,2011-11-03 10:30:00,248,189.82,7.358870967741935,949.1,Medium Value,36,0,0.002024257749969247,0.003387149431282942,6.856463486578423e-06,2405.0
13637.0,3,810.5,2011-04-27 13:06:00,2011-10-18 13:32:00,174,270.17,6.293103448275862,810.5100000000001,Medium Value,51,0,0.010812343561653025,0.002892549241965165,3.1275236173126386e-05,2018.0
13638.0,1,122.64,2011-11-24 10:38:00,2011-11-24 10:38:00,1,122.64,365.0,122.64,Low Value,15,0,0.00020835448483129637,0.0004376778066089348,9.119213391809637e-08,4230.0
13639.0,1,1033.34,2011-09-26 13:36:00,2011-09-26 13:36:00,1,1033.34,365.0,1033.34,Medium Value,73,0,0.06683875422726011,0.003687785263219803,0.00024648697285126013,1589.0
13642.0,1,354.8,2011-05-08 12:34:00,2011-05-08 12:34:00,1,354.8,365.0,354.8,Low Value,215,1,0.9999978729741005,0.0012662107451471792,0.00126620805188413,688.0
13643.0,3,519.44,2011-06-07 11:40:00,2011-11-08 15:37:00,154,173.15,7.1103896103896105,519.45,Medium Value,30,0,0.0011935341137448987,0.0018538138995679322,2.2125901296687866e-06,2806.0
13644.0,4,2624.26,2011-08-26 11:53:00,2011-11-23 14:07:00,89,656.06,16.40449438202247,2624.24,High Value,8,0,8.86393368057692e-05,0.009365391448266723,8.301420869007847e-07,3301.0
13645.0,1,252.1,2011-08-11 16:11:00,2011-08-11 16:11:00,1,252.1,365.0,252.1,Low Value,119,1,0.93813231785295,0.0008996948389278577,0.0008440328046037277,983.0
13647.0,4,1678.1200000000001,2011-04-19 09:49:00,2011-11-30 12:00:00,225,419.53,6.488888888888889,1678.12,High Value,9,0,0.00010171509276026346,0.005988877045226562,6.091591841850323e-07,3465.0
13649.0,2,346.6,2010-12-08 14:46:00,2011-03-28 11:51:00,109,173.3,6.697247706422019,346.6,Low Value,256,1,0.9999999811776782,0.0012369465734724137,0.0012369465501902072,712.0
13650.0,6,1836.34,2011-03-17 12:37:00,2011-11-23 12:22:00,250,306.06,8.76,1836.3600000000001,High Value,16,0,0.0002143121290455841,0.006553604182521066,1.4045168652781344e-06,3008.0
13651.0,2,94.2,2011-10-31 12:11:00,2011-11-04 14:59:00,4,47.1,182.5,94.2,Low Value,34,0,0.001914400542117555,0.00033618109411743033,6.435852688280814e-07,3437.0
13652.0,3,1095.08,2010-12-06 09:21:00,2011-10-25 08:51:00,322,365.03,3.4006211180124226,1095.0900000000001,Medium Value,45,0,0.004918388152449256,0.003908158751136485,1.9221841699480565e-05,2132.0
13654.0,6,2707.33,2011-03-11 12:54:00,2011-10-27 16:24:00,230,451.22,9.521739130434781,2707.3199999999997,High Value,42,0,0.0033668417281685964,0.009661887470552032,3.2530045908723914e-05,2009.0
13655.0,2,932.97,2011-04-12 09:53:00,2011-08-17 14:25:00,127,466.48,5.748031496062992,932.9599999999999,Medium Value,113,1,0.8963110384495244,0.003329548976303586,0.002984311500519218,247.0
13656.0,2,379.65,2011-01-06 15:42:00,2011-06-28 10:31:00,172,189.82,4.2441860465116275,379.63999999999993,Low Value,164,1,0.9995825803454813,0.0013548597725131766,0.0013542942274150128,646.0
13657.0,2,382.14,2011-05-22 12:35:00,2011-11-29 12:32:00,190,191.07,3.8421052631578947,382.13999999999993,Low Value,10,0,0.0001362405137995062,0.0013637817760725564,1.858023298825282e-07,4067.0
13658.0,5,2639.17,2011-05-19 17:15:00,2011-11-30 10:13:00,194,527.83,9.407216494845361,2639.1500000000005,High Value,9,0,9.604004079792101e-05,0.009418602277494867,9.045629469899988e-07,3250.0
13659.0,2,1573.2,2011-01-23 12:08:00,2011-05-18 12:37:00,115,786.6,6.3478260869565215,1573.2,High Value,196,1,0.9999832092081317,0.005614438399846512,0.005614344128979883,92.0
13662.0,3,897.76,2011-03-25 13:23:00,2011-09-15 12:04:00,173,299.25,6.329479768786126,897.7499999999999,Medium Value,85,0,0.29958372357460533,0.003203891478173281,0.0009598337389600979,915.0
13663.0,1,189.47,2011-06-13 15:44:00,2011-06-13 15:44:00,1,189.47,365.0,189.47,Low Value,178,1,0.9998922263420403,0.0006761808057582753,0.0006761079312793966,1116.0
13666.0,3,84.65,2011-02-25 13:05:00,2011-10-10 15:39:00,227,28.22,4.823788546255507,84.66000000000001,Low Value,59,0,0.027418814921000855,0.00030213472853483713,8.284176202903534e-06,2343.0
13667.0,1,305.02,2011-07-13 15:42:00,2011-07-13 15:42:00,1,305.02,365.0,305.02,Low Value,148,1,0.9970777276672323,0.0010885558102728089,0.001085374753745775,843.0
13668.0,21,6363.59,2010-12-12 12:35:00,2011-12-07 12:11:00,359,303.03,21.350974930362117,6363.629999999999,High Value,2,0,3.0230821850847522e-05,0.022710531804230393,6.865580411116958e-07,3411.0
13669.0,2,218.55,2011-07-13 11:44:00,2011-10-20 09:32:00,98,109.28,7.448979591836734,218.55999999999997,Low Value,50,0,0.011293924042088203,0.0007799972391752183,8.809229572283421e-06,2325.0
13670.0,1,349.7,2011-09-25 15:25:00,2011-09-25 15:25:00,1,349.7,365.0,349.7,Low Value,74,0,0.09983909692690347,0.0012480098578860445,0.00012460017716721584,1744.0
13672.0,2,186.39000000000001,2011-01-11 13:54:00,2011-02-11 13:53:00,30,93.2,24.333333333333332,186.4,Low Value,300,1,0.9999999998512263,0.0006652245853873569,0.000665224585288389,1126.0
13673.0,2,396.92,2011-11-07 15:40:00,2011-11-21 12:11:00,13,198.46,56.15384615384616,396.9200000000001,Medium Value,18,0,0.00034847397008550576,0.0014165286611156102,4.936233662788627e-07,3591.0
13675.0,2,486.82000000000005,2011-02-28 12:14:00,2011-07-11 12:57:00,133,243.41,5.488721804511278,486.82,Medium Value,150,1,0.9981025943234716,0.001737363909110907,0.0017340674249675643,498.0
13678.0,1,232.6,2011-07-11 10:14:00,2011-07-11 10:14:00,1,232.6,365.0,232.6,Low Value,151,1,0.9979585511923695,0.0008301032111646953,0.0008284085979540529,994.0
13680.0,4,3722.42,2011-01-04 14:12:00,2011-12-08 13:47:00,337,930.6,4.332344213649852,3722.4,High Value,0,0,2.786830193719504e-05,0.013284506419774127,3.7021663599287123e-07,3762.0
13681.0,4,827.83,2011-07-07 15:21:00,2011-11-22 11:13:00,137,206.96,10.656934306569342,827.8399999999999,Medium Value,17,0,0.00028337968324557643,0.0029543965706387847,8.372159643694361e-07,3297.0
13682.0,1,59.5,2011-06-05 14:06:00,2011-06-05 14:06:00,1,59.5,365.0,59.5,Low Value,186,1,0.9999574108273289,0.00021234368471323892,0.00021233464117138506,1628.0
13684.0,1,67.23,2011-02-27 10:13:00,2011-02-27 10:13:00,1,67.23,365.0,67.23,Low Value,285,1,0.9999999990515545,0.00023993051971884122,0.0002399305194912802,1598.0
13685.0,7,3119.44,2011-10-10 12:59:00,2011-12-07 11:41:00,57,445.63,44.82456140350877,3119.41,High Value,2,0,4.758434926074985e-05,0.011132554849265959,5.297353781119258e-07,3547.0
13686.0,1,72.0,2011-06-10 09:10:00,2011-06-10 09:10:00,1,72.0,365.0,72.0,Low Value,182,1,0.9999339399240698,0.0002569537025101378,0.00025693672812903946,1577.0
13689.0,1,910.0,2011-10-07 13:21:00,2011-10-07 13:21:00,1,910.0,365.0,910.0,Medium Value,62,0,0.022585491200713948,0.003247609295614242,7.334885116945229e-05,1843.0
13690.0,1,172.25,2011-10-11 15:03:00,2011-10-11 15:03:00,1,172.25,365.0,172.25,Low Value,58,0,0.020928493768857408,0.0006147260452412672,1.2865290207386218e-05,2230.0
13692.0,3,1488.32,2011-04-17 12:57:00,2011-11-15 11:17:00,211,496.11,5.18957345971564,1488.3300000000002,High Value,24,0,0.0005144921912414504,0.005311554223012688,2.732753171095577e-06,2717.0
13694.0,50,65039.62,2010-12-01 12:12:00,2011-12-06 09:32:00,369,1300.79,49.4579945799458,65039.49999999999,High Value,3,0,1.0081510433385426e-05,0.23211306020011263,2.340050238132455e-06,2779.0
13695.0,15,2504.13,2011-03-25 11:31:00,2011-11-08 14:26:00,228,166.94,24.013157894736842,2504.1,High Value,30,0,0.0008417256563027019,0.008936635645217168,7.522195503608541e-06,2372.0
13697.0,1,151.29999999999998,2011-11-01 09:14:00,2011-11-01 09:14:00,1,151.3,365.0,151.3,Low Value,38,0,0.002471961611808404,0.0005399596554136648,1.3347595401078731e-06,3023.0
13699.0,1,308.58000000000004,2011-07-07 16:51:00,2011-07-07 16:51:00,1,308.58,365.0,308.58,Low Value,154,1,0.9984688613788114,0.0011012607433413656,0.0010995745604852369,819.0
13700.0,10,2265.12,2011-01-16 13:18:00,2011-11-13 13:00:00,300,226.51,12.166666666666666,2265.0999999999995,High Value,25,0,0.0005162898891525335,0.008083692104940459,4.17352850080292e-06,2569.0
13703.0,1,99.5,2011-01-25 13:10:00,2011-01-25 13:10:00,1,99.5,365.0,99.5,Low Value,317,1,0.9999999999698379,0.0003550957416633155,0.00035509574165260504,1481.0
13704.0,9,2308.06,2011-09-12 14:40:00,2011-12-04 15:13:00,83,256.45,39.57831325301205,2308.0499999999997,High Value,4,0,6.086714056931999e-05,0.008236972126090605,5.013609402643274e-07,3582.0
13705.0,3,711.86,2010-12-01 10:29:00,2011-12-02 12:32:00,366,237.29,2.9918032786885247,711.87,Medium Value,7,0,8.344289355018058e-05,0.0025405226695262755,2.119885626751016e-07,4019.0
13706.0,1,330.79,2011-02-10 09:21:00,2011-02-10 09:21:00,1,330.79,365.0,330.79,Low Value,302,1,0.9999999998290199,0.001180523822962896,0.0011805238227610498,746.0
13707.0,2,806.41,2011-01-28 13:27:00,2011-03-17 18:03:00,48,403.2,15.208333333333332,806.3999999999999,Medium Value,266,1,0.999999993118907,0.0028778814681135433,0.0028778814483105732,260.0
13708.0,1,296.88,2011-03-13 13:46:00,2011-03-13 13:46:00,1,296.88,365.0,296.88,Low Value,270,1,0.9999999946277636,0.0010595057666834683,0.0010595057609915528,864.0
13709.0,13,6328.05,2011-01-28 14:57:00,2011-12-06 10:28:00,311,486.77,15.257234726688102,6328.009999999999,High Value,3,0,3.880166325874058e-05,0.02258341109751635,8.762739126395345e-07,3273.0
13710.0,1,180.48,2011-11-08 08:16:00,2011-11-08 08:16:00,1,180.48,365.0,180.48,Low Value,31,0,0.001144076095887714,0.0006440972809587455,7.368963025711735e-07,3358.0
13711.0,2,252.06,2011-05-05 10:29:00,2011-05-05 10:31:00,1,126.03,730.0,252.05999999999997,Low Value,218,1,0.999998085849984,0.0008995520868709075,0.0008995503649932659,949.0
13712.0,1,228.84,2011-04-07 12:33:00,2011-04-07 12:33:00,1,228.84,365.0,228.84,Low Value,246,1,0.9999999301516498,0.0008166845178113881,0.0008166844607673219,1000.0
13715.0,5,1079.34,2010-12-02 08:52:00,2011-03-03 19:21:00,91,215.87,20.054945054945055,1079.35,Medium Value,280,1,0.9999999984649148,0.0038519858167266286,0.0038519858108135023,166.0
13716.0,1,138.28,2011-03-15 13:49:00,2011-03-15 13:49:00,1,138.28,365.0,138.28,Low Value,268,1,0.9999999938195234,0.0004934938608764148,0.0004934938578263875,1303.0
13717.0,6,1445.01,2011-02-14 13:21:00,2011-11-07 14:13:00,266,240.84,8.233082706766917,1445.04,High Value,31,0,0.0011088732371870415,0.005157060809378467,5.718526714065925e-06,2463.0
13718.0,2,306.55,2011-02-17 11:58:00,2011-04-07 13:24:00,49,153.28,14.897959183673468,306.56,Low Value,245,1,0.999999940735298,0.001094051764465387,0.0010940516996267352,829.0
13719.0,5,1041.68,2011-04-19 13:56:00,2011-11-24 15:26:00,219,208.34,8.333333333333332,1041.6999999999998,Medium Value,14,0,0.00018933228138686738,0.0037176204431223687,7.038655598268149e-07,3391.0
13720.0,4,799.9,2011-03-30 09:17:00,2011-08-15 12:46:00,138,199.98,10.579710144927537,799.9200000000001,Medium Value,116,1,0.9275971443669688,0.0028547556348876317,0.00264806317478728,284.0
13721.0,1,524.14,2011-11-03 14:05:00,2011-11-03 14:05:00,1,524.14,365.0,524.14,Medium Value,35,0,0.001494532430158894,0.0018705515782453284,2.795599995972545e-06,2707.0
13722.0,3,2375.41,2011-03-02 11:43:00,2011-07-31 12:44:00,151,791.8,7.251655629139073,2375.3999999999996,High Value,119,1,0.9313841040359295,0.008477330901980296,0.007895651246757016,43.0
13723.0,1,199.85000000000002,2011-05-06 17:04:00,2011-05-06 17:04:00,1,199.85,365.0,199.85,Low Value,216,1,0.9999982283626742,0.0007132249645368201,0.0007132237009608512,1083.0
13725.0,8,1980.56,2011-02-04 12:18:00,2011-10-21 10:03:00,258,247.57,11.317829457364342,1980.5600000000002,High Value,49,0,0.0073674991725984984,0.007068225347826093,5.207514440184847e-05,1920.0
13726.0,2,1079.6599999999999,2011-08-31 11:06:00,2011-11-01 10:49:00,61,539.83,11.967213114754099,1079.66,Medium Value,38,0,0.0025814627847182687,0.0038530921451679924,9.946613978841453e-06,2298.0
13727.0,2,333.48,2011-11-06 12:16:00,2011-11-11 09:46:00,4,166.74,182.5,333.48,Low Value,28,0,0.0009449103060896673,0.0011901238987927884,1.124560337492922e-06,3111.0
13728.0,6,1016.14,2011-02-02 12:09:00,2011-11-03 10:49:00,273,169.36,8.021978021978022,1016.1600000000001,Medium Value,36,0,0.001961110314218939,0.0036264732547597457,7.111914104148463e-06,2391.0
13730.0,2,752.6,2011-07-01 12:47:00,2011-07-27 08:35:00,25,376.3,29.2,752.6,Medium Value,135,1,0.9903547227790618,0.002685879951515691,0.002659973894801162,283.0
13731.0,2,610.59,2011-04-07 10:10:00,2011-05-04 14:33:00,27,305.3,27.037037037037035,610.6,Medium Value,218,1,0.9999988204488166,0.0021791101493429193,0.002179107578970964,371.0
13732.0,1,491.86,2011-11-11 15:49:00,2011-11-11 15:49:00,1,491.86,365.0,491.85999999999996,Medium Value,27,0,0.0006390726588523028,0.0017553506682866165,1.1217966188000946e-06,3114.0
13735.0,4,2885.2400000000002,2011-04-19 13:49:00,2011-11-15 11:14:00,209,721.31,6.985645933014354,2885.24,High Value,24,0,0.00045066355184809437,0.010296848619865974,4.640414371870948e-06,2526.0
13736.0,2,731.9,2011-03-24 13:04:00,2011-12-04 15:19:00,255,365.95,2.8627450980392157,731.9,Medium Value,4,0,6.263654416575623e-05,0.002612005762044026,1.6360701427548038e-07,4113.0
13737.0,1,339.59999999999997,2011-05-23 16:32:00,2011-05-23 16:32:00,1,339.6,365.0,339.6,Low Value,199,1,0.9999880672604048,0.0012119649635061504,0.0012119505014438422,721.0
13739.0,1,216.9,2011-11-21 13:35:00,2011-11-21 13:35:00,1,216.9,365.0,216.9,Low Value,17,0,0.00024723027035301523,0.0007740730288117903,1.9137428418611627e-07,4053.0
13740.0,1,350.75,2011-04-13 10:32:00,2011-04-13 10:32:00,1,350.75,365.0,350.75,Low Value,240,1,0.9999998581940402,0.001251757099380984,0.0012517569218743671,696.0
13741.0,3,668.4300000000001,2011-05-06 13:43:00,2011-09-29 09:19:00,145,222.81,7.551724137931035,668.4300000000001,Medium Value,71,0,0.09031341261296778,0.0023854939356784924,0.0002154420980986641,1621.0
13742.0,12,3131.02,2011-01-23 14:59:00,2011-11-23 11:07:00,303,260.92,14.455445544554456,3131.0400000000004,High Value,16,0,0.00018205397329209774,0.011174060009824197,2.0342820225928315e-06,2844.0
13743.0,7,1341.6,2011-03-25 14:46:00,2011-12-07 10:09:00,256,191.66,9.98046875,1341.62,High Value,2,0,4.833474677800409e-05,0.004787975366134043,2.314255769014104e-07,3983.0
13744.0,2,1156.36,2011-02-20 14:08:00,2011-09-05 15:19:00,197,578.18,3.7055837563451774,1156.36,Medium Value,94,1,0.5001187276518455,0.004126819214369764,0.002063899574739795,407.0
13745.0,1,300.04,2011-06-30 16:43:00,2011-06-30 16:43:00,1,300.04,365.0,300.04,Low Value,150,1,0.9976508503515337,0.0010707831791825246,0.0010682677492535643,856.0
13747.0,1,79.6,2010-12-01 10:37:00,2010-12-01 10:37:00,1,79.6,365.0,79.6,Low Value,373,1,0.9999999999999303,0.0002840765933306524,0.0002840765933306326,1545.0
13748.0,5,948.25,2010-12-01 09:00:00,2011-09-05 09:45:00,278,189.65,6.5647482014388485,948.25,Medium Value,95,1,0.5414270777683374,0.003384115950072753,0.0018322520096771117,470.0
13750.0,5,1647.26,2011-01-07 11:49:00,2011-10-17 12:16:00,283,329.45,6.448763250883393,1647.25,High Value,53,0,0.011535614159088247,0.005878708145275341,6.781450891778564e-05,1858.0
13751.0,1,296.25,2011-02-24 15:56:00,2011-02-24 15:56:00,1,296.25,365.0,296.25,Low Value,287,1,0.9999999991471644,0.0010572574217865046,0.0010572574208848379,866.0
13752.0,6,1186.28,2011-04-07 12:04:00,2011-08-07 14:16:00,122,197.71,17.950819672131146,1186.26,Medium Value,123,1,0.9632403162996541,0.004233526376939946,0.004077903286386562,151.0
13753.0,1,741.26,2011-02-25 12:48:00,2011-02-25 12:48:00,1,741.26,365.0,741.2600000000001,Medium Value,287,1,0.9999999989434634,0.0026454097433703445,0.0026454097405753723,285.0
13754.0,2,282.59999999999997,2011-01-26 14:58:00,2011-07-11 11:51:00,165,141.3,4.424242424242424,282.6,Low Value,151,1,0.9983442102733961,0.001008543282352291,0.0010068733467465368,895.0
13755.0,9,2161.35,2011-10-07 15:45:00,2011-12-06 12:26:00,59,240.15,55.67796610169492,2161.3500000000004,High Value,3,0,5.521320108244537e-05,0.0077134289572262016,4.2588310405048717e-07,3680.0
13756.0,14,5189.52,2010-12-07 11:41:00,2011-12-07 16:44:00,365,370.68,14.0,5189.52,High Value,1,0,3.112718534872732e-05,0.018520366364589036,5.764868765568982e-07,3497.0
13758.0,7,3190.55,2010-12-01 12:08:00,2011-11-28 11:11:00,361,455.79,7.077562326869805,3190.5299999999997,High Value,11,0,0.00010521009077302506,0.011386368006523194,1.1979608115413737e-06,3089.0
13759.0,2,659.4100000000001,2011-09-29 15:40:00,2011-11-06 14:47:00,37,329.71,19.72972972972973,659.42,Medium Value,32,0,0.0015082978005369252,0.0023533390348504874,3.5495360901826803e-06,2625.0
13760.0,2,286.79,2011-03-28 12:52:00,2011-10-16 16:13:00,202,143.4,3.613861386138614,286.80000000000007,Low Value,53,0,0.014321651161107866,0.0010235322483320493,1.465867181275604e-05,2191.0
13761.0,2,1070.65,2011-06-13 08:43:00,2011-10-20 14:01:00,129,535.33,5.658914728682171,1070.6600000000003,Medium Value,49,0,0.008121525187443603,0.003820972932354226,3.1032127910655094e-05,2022.0
13762.0,1,306.72,2011-05-05 09:15:00,2011-05-05 09:15:00,1,306.72,365.0,306.72,Low Value,203,1,0.999992382157338,0.0010946227726931874,0.0010946144340291308,828.0
13763.0,1,1714.96,2011-10-07 15:13:00,2011-10-07 15:13:00,1,1714.96,365.0,1714.96,High Value,62,0,0.015443041910242135,0.006120351689677584,9.451684764911218e-05,1798.0
13764.0,3,1521.76,2011-01-06 14:53:00,2011-09-30 12:03:00,266,507.25,4.116541353383458,1521.7499999999998,High Value,70,0,0.06694318108709849,0.005430823566594475,0.000363556605470616,1468.0
13767.0,37,17220.36,2010-12-01 10:47:00,2011-12-07 15:00:00,371,465.42,36.40161725067386,17220.540000000005,High Value,1,0,1.6739539725834402e-05,0.06145668766977681,1.0287566646664262e-06,3167.0
13769.0,10,2796.51,2010-12-07 13:28:00,2011-12-07 15:08:00,365,279.65,10.0,2796.5,High Value,1,0,3.591722805121608e-05,0.009980153181522228,3.584594378068036e-07,3786.0
13771.0,4,2634.45,2011-04-06 15:47:00,2011-10-06 14:18:00,182,658.61,8.021978021978022,2634.44,High Value,63,0,0.031215217326647907,0.009401793222788994,0.0002934790187095639,1536.0
13772.0,3,1132.13,2011-04-14 12:31:00,2011-11-06 11:43:00,205,377.38,5.341463414634147,1132.1399999999999,Medium Value,33,0,0.00144742827178771,0.004040382843886492,5.848164357087338e-06,2457.0
13774.0,1,345.0,2011-09-19 12:06:00,2011-09-19 12:06:00,1,345.0,365.0,345.0,Low Value,81,0,0.19169233621002282,0.0012312364911944106,0.00023601859942408776,1600.0
13777.0,33,25977.16,2010-12-01 16:01:00,2011-12-09 12:25:00,372,787.19,32.37903225806452,25977.270000000008,High Value,0,0,1.4201223908147027e-05,0.09270771816118792,1.3165630636204181e-06,3032.0
13778.0,1,178.7,2011-08-28 15:25:00,2011-08-28 15:25:00,1,178.7,365.0,178.7,Low Value,102,1,0.7138365900044278,0.0006377448144244671,0.0004552455836217682,1352.0
13780.0,2,360.01,2011-06-22 11:43:00,2011-12-02 13:49:00,163,180.0,4.478527607361963,360.0,Low Value,6,0,9.04420048058274e-05,0.0012847685125506893,1.1619703998648517e-07,4192.0
13781.0,1,127.84,2011-04-03 12:08:00,2011-04-03 12:08:00,1,127.84,365.0,127.83999999999999,Low Value,250,1,0.9999999568473795,0.0004562355740124447,0.0004562355543246841,1351.0
13782.0,6,912.0,2011-01-16 11:08:00,2011-11-27 11:54:00,315,152.0,6.952380952380953,912.0,Medium Value,12,0,0.00014343137220297522,0.003254746898461746,4.668328138197459e-07,3632.0
13784.0,11,2462.79,2011-01-11 14:38:00,2011-11-30 09:33:00,322,223.89,12.468944099378882,2462.79,High Value,9,0,8.798939855014268e-05,0.008789208458401978,7.733571659866167e-07,3332.0
13786.0,1,230.39999999999998,2010-12-07 13:53:00,2010-12-07 13:53:00,1,230.4,365.0,230.4,Low Value,366,1,0.9999999999998403,0.0008222518480324411,0.0008222518480323098,995.0
13787.0,2,309.04,2010-12-10 14:45:00,2011-09-25 12:06:00,288,154.52,2.534722222222222,309.03999999999996,Low Value,75,0,0.12860774489259327,0.0011029023919962916,0.00014184178947128996,1718.0
13790.0,1,348.8,2011-12-05 15:48:00,2011-12-05 15:48:00,1,348.8,365.0,348.8,Low Value,3,0,5.099010487095221e-05,0.001244797936604668,6.347237733061694e-08,4271.0
13791.0,2,1516.0,2011-06-24 16:38:00,2011-08-04 11:44:00,40,758.0,18.25,1516.0,High Value,42,0,0.003612339817582881,0.005410302958407902,1.9543852801843322e-05,2126.0
13792.0,2,195.55,2011-02-25 14:03:00,2011-10-04 14:31:00,221,97.78,3.30316742081448,195.56000000000003,Low Value,65,0,0.051009548727614075,0.0006979148064289245,3.560031932625957e-05,1993.0
13798.0,57,37153.85,2010-12-02 17:24:00,2011-12-08 15:51:00,370,651.82,56.22972972972973,37153.740000000005,High Value,0,0,8.364644270504801e-06,0.1325943202097085,1.1091043208436172e-06,3125.0
13799.0,2,688.86,2011-02-18 14:18:00,2011-08-15 12:07:00,177,344.43,4.124293785310734,688.86,Medium Value,116,1,0.9246740119484371,0.0024584045487657438,0.0022732227970995076,340.0
13800.0,1,558.32,2011-02-03 12:27:00,2011-02-03 12:27:00,1,558.32,365.0,558.32,Medium Value,309,1,0.9999999999105789,0.001992533210909169,0.001992533210730994,429.0
13801.0,1,324.8,2011-10-04 10:15:00,2011-10-04 10:15:00,1,324.8,365.0,324.8,Low Value,66,0,0.04508931169468906,0.001159146702434622,5.2265126965945666e-05,1918.0
13802.0,3,4599.42,2011-02-01 12:03:00,2011-07-24 10:54:00,172,1533.14,6.366279069767442,4599.420000000001,High Value,137,1,0.9850226672656419,0.016414416644433036,0.016168572464708975,11.0
13803.0,1,277.07,2011-03-29 12:57:00,2011-03-29 12:57:00,1,277.07,365.0,277.07,Low Value,254,1,0.9999999699279432,0.0009888078104789428,0.0009888077807434581,901.0
13804.0,7,2635.79,2011-02-23 09:09:00,2011-11-09 12:32:00,259,376.54,9.864864864864865,2635.78,High Value,30,0,0.0009133818315065817,0.009406575416696821,8.59179508230733e-06,2332.0
13805.0,2,924.6,2011-08-02 15:29:00,2011-10-18 14:50:00,76,462.3,9.605263157894736,924.6,Medium Value,51,0,0.01076537612693649,0.0032997137964010203,3.552266012949852e-05,1994.0
13806.0,1,256.38,2011-10-07 11:43:00,2011-10-07 11:43:00,1,256.38,365.0,256.38,Low Value,63,0,0.034066826672556255,0.0009149693090215158,3.117010086114454e-05,2020.0
13807.0,1,112.6,2010-12-07 15:48:00,2010-12-07 15:48:00,1,112.6,365.0,112.6,Low Value,366,1,0.999999999999849,0.00040184704031446557,0.0004018470403144049,1415.0
13808.0,5,1747.66,2011-09-04 12:07:00,2011-12-04 12:18:00,91,349.53,20.054945054945055,1747.6499999999996,High Value,5,0,7.216706459776071e-05,0.006237015808220032,4.501071227290698e-07,3648.0
13809.0,1,155.05,2011-02-07 13:15:00,2011-02-07 13:15:00,1,155.05,365.0,155.05,Low Value,304,1,0.9999999998734703,0.0005533426607527344,0.0005533426606827201,1244.0
13810.0,3,1499.01,2011-10-14 12:57:00,2011-11-11 08:33:00,27,499.67,40.55555555555555,1499.0099999999998,High Value,28,0,0.0008713137793250349,0.005349669022218356,4.66124033388714e-06,2524.0
13811.0,3,814.5,2011-04-14 18:40:00,2011-06-09 09:54:00,55,271.5,19.909090909090907,814.4999999999999,Medium Value,183,1,0.9999467793257603,0.002906788759645934,0.002906634058388273,254.0
13812.0,3,539.0,2011-08-26 12:54:00,2011-10-28 14:27:00,63,179.67,17.38095238095238,539.0099999999999,Medium Value,41,0,0.004116495114735445,0.001923619655416519,7.91857091413118e-06,2359.0
13813.0,4,1366.8600000000001,2011-07-28 10:33:00,2011-10-31 10:38:00,95,341.72,15.368421052631579,1366.88,High Value,39,0,0.0029375177833744813,0.0048781232900980175,1.432957391415616e-05,2198.0
13814.0,2,1579.12,2011-07-25 13:54:00,2011-09-08 13:48:00,44,789.56,16.59090909090909,1579.12,High Value,55,0,0.014355635848241465,0.005635565704275123,8.090212904941211e-05,1827.0
13815.0,4,4027.36,2011-01-25 12:16:00,2011-11-17 14:19:00,296,1006.84,4.9324324324324325,4027.3600000000006,High Value,21,0,0.000268036051187857,0.014372848101961513,3.852441449572649e-06,2602.0
13816.0,2,571.6700000000001,2011-10-06 14:37:00,2011-11-16 08:38:00,40,285.84,18.25,571.6800000000001,Medium Value,23,0,0.0005816011237599275,0.0020402123979304946,1.186589823345312e-06,3095.0
13817.0,2,382.98,2010-12-23 11:46:00,2011-11-10 17:49:00,322,191.49,2.2670807453416146,382.97999999999996,Low Value,28,0,0.0008740447009946493,0.001366779569268508,1.1946264399468887e-06,3091.0
13819.0,3,1140.35,2011-01-24 10:38:00,2011-02-11 10:38:00,18,380.12,60.83333333333333,1140.36,Medium Value,301,1,0.9999999998394464,0.004069718391589733,0.004069718390936325,153.0
13821.0,2,385.64,2011-03-23 11:30:00,2011-07-18 09:49:00,116,192.82,6.293103448275862,385.64000000000004,Low Value,144,1,0.9964989433525142,0.0013762725810556884,0.001371454172787031,634.0
13822.0,2,632.0,2011-10-30 15:55:00,2011-12-04 12:13:00,34,316.0,21.470588235294116,631.9999999999999,Medium Value,5,0,8.184229734065285e-05,0.0022554824998112094,1.8459386939618798e-07,4070.0
13823.0,2,957.66,2011-09-09 10:42:00,2011-11-21 10:22:00,72,478.83,10.138888888888888,957.6599999999999,Medium Value,18,0,0.0003039671739803369,0.003417698371470258,1.038868115493014e-06,3161.0
13824.0,5,1698.94,2011-02-02 13:07:00,2011-11-07 12:41:00,277,339.79,6.588447653429602,1698.95,High Value,32,0,0.0011993018592080283,0.0060632151788833155,7.271625236813099e-06,2385.0
13826.0,1,189.5,2011-06-16 13:48:00,2011-06-16 13:48:00,1,189.5,365.0,189.5,Low Value,157,1,0.9989545414745846,0.0006762878698009878,0.0006755808388818693,1117.0
13827.0,3,412.05,2011-07-19 15:38:00,2011-10-13 12:38:00,85,137.35,12.882352941176471,412.05,Medium Value,57,0,0.02303096192233589,0.0014705246266569765,3.3867596682394025e-05,2004.0
13828.0,1,209.49,2011-11-17 16:02:00,2011-11-17 16:02:00,1,209.49,365.0,209.49,Low Value,21,0,0.00038249784107321686,0.0007476282102617886,2.859661763505672e-07,3891.0
13831.0,6,2202.99,2010-12-05 12:13:00,2011-11-23 15:41:00,353,367.16,6.203966005665723,2202.9600000000005,High Value,15,0,0.0001744612435606709,0.00786192678446852,1.3716015236013246e-06,3013.0
13832.0,1,52.199999999999996,2011-11-20 15:36:00,2011-11-20 15:36:00,1,52.2,365.0,52.2,Low Value,17,0,0.000267620643628307,0.00018629143431984994,4.985543355511872e-08,4297.0
13833.0,1,384.8,2011-07-03 13:27:00,2011-07-03 13:27:00,1,384.8,365.0,384.8,Low Value,158,1,0.9989693125409128,0.0013732747878597367,0.0013718593707580092,633.0
13835.0,4,834.57,2011-05-08 15:22:00,2011-11-14 15:37:00,190,208.64,7.684210526315789,834.56,Medium Value,24,0,0.0005838905345041852,0.0029783789162063975,1.7390472573397492e-06,2906.0
13837.0,2,271.24,2011-01-26 12:15:00,2011-05-12 12:10:00,105,135.62,6.952380952380953,271.24000000000007,Low Value,211,1,0.9999975949593936,0.0009680016981784695,0.0009679993700950783,909.0
13838.0,4,691.73,2010-12-05 10:45:00,2011-12-04 11:00:00,364,172.93,4.010989010989011,691.72,Medium Value,5,0,6.770672186921376e-05,0.0024686113208376745,1.6714158010314883e-07,4104.0
13841.0,1,85.0,2011-04-01 12:10:00,2011-04-01 12:10:00,1,85.0,365.0,85.0,Low Value,252,1,0.9999999659565291,0.0003033481210189127,0.0003033481106918898,1530.0
13842.0,9,3385.62,2010-12-08 10:39:00,2011-10-12 10:51:00,308,376.18,10.665584415584416,3385.6200000000003,High Value,58,0,0.01714842256634592,0.012082605476282957,0.00020719762440974548,1633.0
13844.0,1,361.62,2011-11-28 13:21:00,2011-11-28 13:21:00,1,361.62,365.0,361.61999999999995,Low Value,10,0,0.00010810517722080946,0.0012905499708571672,1.3951513331182456e-07,4157.0
13845.0,1,312.98,2011-10-06 08:25:00,2011-10-06 08:25:00,1,312.98,365.0,312.98,Low Value,64,0,0.03683524235647697,0.0011169634696058743,4.114362010626378e-05,1968.0
13846.0,3,865.0600000000001,2010-12-14 16:07:00,2011-11-15 12:07:00,335,288.35,3.268656716417911,865.0500000000002,Medium Value,24,0,0.0005233188853590968,0.0030871916716165944,1.6155857044802832e-06,2943.0
13848.0,3,1255.0,2010-12-08 15:10:00,2011-09-08 12:58:00,273,418.33,4.010989010989011,1254.99,High Value,91,1,0.419845037998582,0.004478810098794415,0.0018804061961167741,452.0
13849.0,2,1537.95,2011-06-22 10:11:00,2011-10-19 10:59:00,119,768.98,6.134453781512605,1537.9599999999998,High Value,51,0,0.009061390562327134,0.005488673837673493,4.973501731238644e-05,1929.0
13850.0,1,1595.48,2011-08-02 14:04:00,2011-08-02 14:04:00,1,1595.48,365.0,1595.4799999999998,High Value,87,0,0.19917573422032023,0.005693951295567704,0.0011340969299094411,778.0
13851.0,3,2651.46,2011-02-24 17:18:00,2011-09-05 12:36:00,192,883.82,5.703125,2651.4600000000005,High Value,95,1,0.48484374487378984,0.009462534223021252,0.004587850528686021,130.0
13853.0,1,1090.14,2011-10-13 14:18:00,2011-10-13 14:18:00,1,1090.14,365.0,1090.14,Medium Value,8,0,6.131511021798337e-05,0.0038904931840889126,2.3854601838472473e-07,3968.0
13854.0,25,8109.5199999999995,2010-12-09 10:48:00,2011-12-01 09:06:00,356,324.38,25.632022471910116,8109.5,High Value,8,0,5.196165043366447e-05,0.02894119514591615,1.5038322653045619e-06,2978.0
13856.0,3,388.5,2011-05-20 13:13:00,2011-06-24 10:03:00,34,129.5,32.20588235294118,388.50000000000006,Low Value,168,1,0.9997489852294842,0.001386479353127619,0.0013861313263309688,628.0
13858.0,1,216.17,2011-10-13 16:17:00,2011-10-13 16:17:00,1,216.17,365.0,216.16999999999996,Low Value,56,0,0.016575456955895473,0.0007714678037724512,1.278743137428948e-05,2232.0
13859.0,1,201.16,2011-01-17 16:14:00,2011-01-17 16:14:00,1,201.16,365.0,201.16,Low Value,325,1,0.999999999986676,0.0007179000944019351,0.0007179000943923698,1079.0
13860.0,5,1245.9,2011-09-14 09:27:00,2011-12-08 12:57:00,85,249.18,21.470588235294116,1245.8999999999999,High Value,0,0,4.421235275954564e-05,0.00444636969385251,1.965844654039601e-07,4043.0
13862.0,8,2209.36,2011-01-11 15:13:00,2011-11-21 16:24:00,314,276.17,9.299363057324841,2209.3600000000006,High Value,17,0,0.0002209548722379369,0.007884767113580531,1.7421777102070727e-06,2905.0
13863.0,1,305.78,2011-04-06 10:20:00,2011-04-06 10:20:00,1,305.78,365.0,305.78,Low Value,244,1,0.9999999099969298,0.0010912680993548603,0.001091268001137381,831.0
13865.0,4,501.56,2011-02-23 12:04:00,2011-10-12 13:31:00,231,125.39,6.32034632034632,501.5599999999999,Medium Value,57,0,0.020634227278266585,0.0017899680420970098,3.693460740146355e-05,1988.0
13866.0,1,145.67000000000002,2011-09-26 14:54:00,2011-09-26 14:54:00,1,145.67,365.0,145.67,Low Value,73,0,0.09894017943862467,0.0005198673033979413,5.143576428246625e-05,1922.0
13867.0,3,1015.29,2011-05-05 17:28:00,2011-11-08 15:48:00,186,338.43,5.887096774193548,1015.29,Medium Value,30,0,0.0010796948046984884,0.0036233683975210812,3.912132034312199e-06,2595.0
13868.0,2,3192.54,2011-11-01 12:45:00,2011-12-02 16:32:00,31,1596.27,23.548387096774192,3192.5399999999995,High Value,6,0,4.926328692538601e-05,0.011393541297384936,5.612832940293089e-07,3512.0
13869.0,4,3104.95,2010-12-17 15:14:00,2011-08-08 13:53:00,233,776.24,6.266094420600858,3104.9599999999996,High Value,122,1,0.9458978523644435,0.011080985668692743,0.010481480546097642,29.0
13870.0,8,2770.94,2011-02-25 09:09:00,2011-12-07 13:23:00,285,346.37,10.24561403508772,2770.96,High Value,1,0,3.85307470239033e-05,0.009889005993159606,3.810307882402964e-07,3747.0
13871.0,13,6403.25,2011-02-04 09:30:00,2011-11-17 10:49:00,286,492.56,16.59090909090909,6403.280000000001,High Value,22,0,0.00030734181581988884,0.02285203478068216,7.023385864674111e-06,2399.0
13873.0,3,389.6,2011-02-03 09:37:00,2011-08-12 10:08:00,190,129.87,5.7631578947368425,389.61000000000007,Medium Value,119,1,0.9479145815067699,0.0013904407227079837,0.001318019035775709,661.0
13874.0,1,540.45,2010-12-16 18:20:00,2010-12-16 18:20:00,1,540.45,365.0,540.45,Medium Value,357,1,0.9999999999995088,0.0019287587294667223,0.001928758729465775,439.0
13875.0,5,1786.79,2011-02-11 15:39:00,2011-10-17 09:36:00,247,357.36,7.388663967611336,1786.8000000000004,High Value,53,0,0.011654077974520302,0.006376734383959922,7.431495973347361e-05,1839.0
13876.0,1,122.7,2011-10-07 10:22:00,2011-10-07 10:22:00,1,122.7,365.0,122.7,Low Value,63,0,0.03624869460897281,0.00043789193469435993,1.5873011012468117e-05,2171.0
13877.0,1,117.24,2011-09-14 15:49:00,2011-09-14 15:49:00,1,117.24,365.0,117.24,Low Value,85,0,0.28977898410561587,0.00041840627892067444,0.000121245346449044,1749.0
13878.0,1,1281.53,2011-10-16 12:19:00,2011-10-16 12:19:00,1,1281.53,365.0,1281.53,High Value,54,0,0.008063069639679295,0.004573526088580791,3.687665935111697e-05,1989.0
13880.0,13,3219.77,2010-12-07 14:00:00,2011-11-18 13:44:00,345,247.67,13.753623188405799,3219.7100000000005,High Value,20,0,0.00026813991895523025,0.011490505632068278,3.0810632489374047e-06,2674.0
13881.0,20,17159.52,2011-02-01 10:14:00,2011-12-06 12:50:00,308,857.98,23.7012987012987,17159.6,High Value,3,0,2.7298326841853416e-05,0.06123920491101335,1.6717278311960772e-06,2928.0
13882.0,5,1191.13,2011-10-06 15:28:00,2011-12-07 11:16:00,61,238.23,29.918032786885245,1191.15,Medium Value,2,0,5.5704000765259486e-05,0.004250977815902094,2.367964715101113e-07,3973.0
13883.0,5,2674.48,2011-03-31 17:17:00,2011-11-29 10:45:00,242,534.9,7.541322314049587,2674.5,High Value,0,0,3.5024797663918514e-05,0.009544759407824495,3.343032670098356e-07,3825.0
13884.0,5,787.6,2011-03-01 13:40:00,2011-12-02 16:30:00,276,157.52,6.61231884057971,787.6,Medium Value,6,0,7.862499456606561e-05,0.002810788001347008,2.2099819133227092e-07,4003.0
13885.0,2,506.8,2011-05-23 08:52:00,2011-06-03 15:07:00,11,253.4,66.36363636363636,506.7999999999999,Medium Value,188,1,0.9999697528196353,0.0018086685615574698,0.0018086138544332684,476.0
13886.0,1,243.56,2011-09-29 13:17:00,2011-09-29 13:17:00,1,243.56,365.0,243.55999999999997,Low Value,70,0,0.07037783889337575,0.0008692172747690162,6.117363332703294e-05,1880.0
13887.0,1,349.55,2011-05-19 17:22:00,2011-05-19 17:22:00,1,349.55,365.0,349.55,Low Value,203,1,0.999992223492838,0.0012474745376724818,0.0012474648366778052,703.0
13888.0,2,605.63,2011-05-05 14:41:00,2011-08-12 10:13:00,98,302.82,7.448979591836734,605.64,Medium Value,119,1,0.9480180962663496,0.0021614088942811093,0.0020490547452095328,412.0
13889.0,1,416.90000000000003,2011-09-08 09:13:00,2011-09-08 09:13:00,1,416.9,365.0,416.9,Medium Value,92,1,0.42972219758398245,0.001487833313562173,0.0006393550011425954,1147.0
13890.0,10,1883.8100000000002,2010-12-16 09:31:00,2011-12-08 15:36:00,357,188.38,10.224089635854343,1883.8,High Value,0,0,3.385796522260844e-05,0.006722908122063856,2.2762398939162988e-07,3990.0
13892.0,4,632.97,2011-04-07 12:04:00,2011-11-13 11:50:00,219,158.24,6.666666666666666,632.96,Medium Value,26,0,0.0007287872451309494,0.002258908549178012,1.6462637385581932e-06,2934.0
13893.0,1,821.1,2011-02-15 11:30:00,2011-02-15 11:30:00,1,821.1,365.0,821.1,Medium Value,297,1,0.9999999996280537,0.002930342849042697,0.002930342847952767,251.0
13894.0,3,564.62,2011-02-02 12:54:00,2011-11-16 09:44:00,286,188.21,3.8286713286713288,564.63,Medium Value,21,0,0.0004102343687417405,0.0020150523478930436,8.266437279194647e-07,3306.0
13895.0,4,2593.07,2011-06-28 10:17:00,2011-11-11 16:57:00,136,648.27,10.735294117647058,2593.08,High Value,20,0,0.0003172515571665296,0.009254187595902614,2.9359054251112872e-06,2691.0
13897.0,1,311.16,2011-10-20 14:30:00,2011-10-20 14:30:00,1,311.16,365.0,311.16,Low Value,49,0,0.00749097393354162,0.0011104682510146458,8.318488722376264e-06,2342.0
13898.0,1,155.93,2011-01-18 10:28:00,2011-01-18 10:28:00,1,155.93,365.0,155.93,Low Value,325,1,0.9999999999869629,0.000556483206005636,0.0005564832059983811,1238.0
13899.0,2,388.52,2011-03-10 09:30:00,2011-11-23 13:40:00,258,194.26,2.8294573643410854,388.52,Low Value,15,0,0.00022329121851327906,0.0013865507291560939,3.0960460184373977e-07,3864.0
13900.0,3,740.95,2011-03-22 10:13:00,2011-06-09 19:26:00,79,246.98,13.860759493670887,740.94,Medium Value,182,1,0.9999407247017846,0.0026442677269147437,0.0026441109871566696,286.0
13901.0,5,2867.2,2011-01-25 09:01:00,2011-09-28 14:48:00,246,573.44,7.41869918699187,2867.2000000000007,High Value,71,0,0.06943847562680926,0.010232467442181491,0.0007105269410860387,1085.0
13904.0,2,332.64,2011-02-18 11:18:00,2011-11-02 13:41:00,257,166.32,2.840466926070039,332.64000000000004,Low Value,36,0,0.002194534220846585,0.001187126105596837,2.6051888631925954e-06,2736.0
13908.0,4,2369.55,2011-03-08 12:04:00,2011-09-21 11:49:00,196,592.39,7.448979591836734,2369.56,High Value,79,0,0.1570361006557373,0.008456489101665587,0.0013279740737633028,654.0
13911.0,9,2580.91,2011-02-04 14:46:00,2011-10-13 15:43:00,251,286.77,13.08764940239044,2580.9300000000003,High Value,56,0,0.0149917515247614,0.009210826658604029,0.0001380864246034399,1723.0
13914.0,2,626.45,2011-11-03 16:28:00,2011-11-28 10:35:00,24,313.23,30.416666666666664,626.46,Medium Value,3,0,6.595638113321878e-05,0.0022357113399236244,1.4745942923986183e-07,4147.0
13917.0,2,272.04,2011-06-01 12:46:00,2011-10-21 09:56:00,141,136.02,5.177304964539007,272.04,Low Value,49,0,0.009750138167764709,0.0009708567393174709,9.465987349450866e-06,2310.0
13918.0,2,1212.8400000000001,2011-03-31 18:05:00,2011-10-21 12:25:00,203,606.42,3.5960591133004924,1212.84,High Value,49,0,0.007479737662942136,0.004328385118783272,3.237518519268151e-05,2011.0
13919.0,2,384.81,2011-08-10 10:15:00,2011-10-11 14:24:00,62,192.4,11.774193548387096,384.8,Low Value,52,0,0.013725020813426948,0.0013732747878597367,1.8848225045929364e-05,2136.0
13922.0,1,172.25,2010-12-23 10:38:00,2010-12-23 10:38:00,1,172.25,365.0,172.25,Low Value,351,1,0.9999999999992124,0.0006147260452412672,0.000614726045240783,1180.0
13923.0,1,351.13,2011-10-17 12:33:00,2011-10-17 12:33:00,1,351.13,365.0,351.13,Low Value,53,0,0.011286432840830717,0.0012531132439220097,1.4143178469481283e-05,2203.0
13924.0,6,1838.8500000000001,2011-09-28 15:07:00,2011-12-08 09:39:00,70,306.48,31.285714285714285,1838.88,High Value,1,0,4.688465066556126e-05,0.006562597562108921,3.076850941581407e-07,3867.0
13925.0,4,678.25,2011-07-28 12:09:00,2011-09-08 12:47:00,42,169.56,34.76190476190476,678.2399999999999,Medium Value,35,0,0.002113208023949869,0.002420503877645498,5.115028216242239e-06,2493.0
13926.0,1,223.85000000000002,2011-11-16 13:16:00,2011-11-16 13:16:00,1,223.85,365.0,223.85,Low Value,22,0,0.0004232714175562857,0.0007988761987068661,3.381414610786322e-07,3816.0
13927.0,1,348.99,2011-09-26 12:00:00,2011-09-26 12:00:00,1,348.99,365.0,348.99,Low Value,74,0,0.09986981242660445,0.0012454760088751807,0.00012438545538820023,1745.0
13928.0,4,464.57,2011-07-29 15:59:00,2011-11-29 10:33:00,122,116.14,11.967213114754099,464.56,Medium Value,10,0,0.0001400610059925951,0.0016579223894181894,2.322102777195586e-07,3978.0
13929.0,2,842.65,2011-01-17 15:11:00,2011-06-23 15:26:00,157,421.32,4.649681528662421,842.6400000000001,Medium Value,168,1,0.9997003043853682,0.0030072148317103137,0.0030063135826129943,243.0
13930.0,2,337.34,2011-07-26 11:00:00,2011-10-13 09:45:00,78,168.67,9.35897435897436,337.34000000000003,Low Value,57,0,0.023408437998036623,0.001203899472288471,2.8181406152933683e-05,2044.0
13931.0,2,1237.53,2011-03-04 08:43:00,2011-09-05 10:12:00,185,618.76,3.945945945945946,1237.5200000000002,High Value,85,0,0.2718496674697788,0.00441646313792147,0.0012006140354364873,726.0
13932.0,1,307.4,2011-02-18 12:02:00,2011-02-18 12:02:00,1,307.4,365.0,307.4,Low Value,294,1,0.9999999995980882,0.0010970495576613384,0.0010970495572204212,824.0
13933.0,2,608.7900000000001,2011-07-14 13:35:00,2011-08-22 14:03:00,39,304.4,18.71794871794872,608.8,Medium Value,108,1,0.8510502361767505,0.0021726863067801656,0.0018490651945232517,461.0
13934.0,1,922.1,2011-03-21 08:39:00,2011-03-21 08:39:00,1,922.1,365.0,922.1,Medium Value,263,1,0.9999999845151002,0.0032907917928416404,0.0032907917418840593,217.0
13936.0,1,376.58,2011-06-13 08:47:00,2011-06-13 08:47:00,1,376.58,365.0,376.5799999999999,Low Value,170,1,0.9997196999063648,0.0013439392401564958,0.0013435625338616398,648.0
13937.0,1,158.85,2011-06-23 16:35:00,2011-06-23 16:35:00,1,158.85,365.0,158.85,Low Value,168,1,0.9996865877883174,0.0005669041061629916,0.0005667264314932672,1225.0
13938.0,1,71.66,2011-11-04 14:37:00,2011-11-04 14:37:00,1,71.66,365.0,71.66,Low Value,34,0,0.0016672535844471355,0.0002557403100260622,4.2638394857857386e-07,3678.0
13939.0,3,568.55,2011-02-01 11:30:00,2011-11-16 13:33:00,288,189.52,3.802083333333333,568.56,Medium Value,22,0,0.00045620991542437217,0.0020290777374883883,9.25685383009054e-07,3228.0
13940.0,4,839.14,2011-07-18 16:05:00,2011-11-22 15:15:00,126,209.78,11.587301587301587,839.12,Medium Value,16,0,0.00025568343051656477,0.0029946526506987067,7.656830629361693e-07,3338.0
13941.0,5,5112.96,2010-12-02 10:17:00,2011-11-18 09:43:00,350,1022.59,5.214285714285714,5112.95,High Value,21,0,0.00025025817937183255,0.018247103239572352,4.5664868355452444e-06,2533.0
13946.0,3,561.5699999999999,2011-03-17 10:02:00,2011-09-21 13:33:00,188,187.19,5.824468085106383,561.5699999999999,Medium Value,78,0,0.17323723727549564,0.0020041318155363625,0.0003471902588594427,1490.0
13947.0,1,90.6,2011-10-05 14:42:00,2011-10-05 14:42:00,1,90.6,365.0,90.6,Low Value,64,0,0.04082663518863811,0.0003233334089919234,1.3200615133211978e-05,2224.0
13948.0,1,102.0,2010-12-14 10:18:00,2010-12-14 10:18:00,1,102.0,365.0,102.0,Low Value,360,1,0.9999999999997125,0.0003640177452226953,0.0003640177452225906,1466.0
13949.0,6,2427.32,2011-09-06 11:55:00,2011-12-07 09:35:00,91,404.55,24.065934065934066,2427.3,High Value,2,0,4.9424456360207605e-05,0.008662551695873023,4.2814190826071865e-07,3673.0
13950.0,4,745.06,2011-04-07 11:29:00,2011-11-28 14:44:00,235,186.26,6.212765957446809,745.04,Medium Value,10,0,0.00012597428803199715,0.002658899812752126,3.3495301085985965e-07,3823.0
13951.0,3,674.45,2011-02-18 15:21:00,2011-06-16 16:43:00,118,224.82,9.279661016949154,674.46,Medium Value,175,1,0.9998720130110127,0.0024070138082637163,0.0024067057418139456,319.0
13952.0,2,3251.071,2011-04-15 09:27:00,2011-05-06 09:00:00,20,1625.54,36.5,3251.08,High Value,210,1,0.9999946896799545,0.011602458932731374,0.011602397319961127,21.0
13953.0,7,3515.68,2010-12-22 10:29:00,2011-12-02 16:04:00,345,502.24,7.4057971014492745,3515.6799999999994,High Value,6,0,6.052594383958143e-05,0.012546763789456128,7.594047204891154e-07,3343.0
13954.0,2,439.92,2011-09-30 10:52:00,2011-12-08 12:50:00,69,219.96,10.579710144927537,439.9200000000001,Medium Value,1,0,5.477927128499687e-05,0.0015699871223369426,8.600275048844695e-08,4240.0
13955.0,2,322.96,2011-02-07 12:24:00,2011-07-08 17:19:00,151,161.48,4.8344370860927155,322.96,Low Value,153,1,0.9986654153942349,0.0011525801078149183,0.0011510418921461174,770.0
13956.0,5,1026.42,2011-03-13 12:51:00,2011-12-04 13:20:00,266,205.28,6.860902255639098,1026.4,Medium Value,4,0,6.229283001222829e-05,0.0036630177813389655,2.281797439847178e-07,3988.0
13959.0,3,598.2,2010-12-12 13:56:00,2011-09-21 15:06:00,283,199.4,3.8692579505300357,598.2,Medium Value,78,0,0.16357046301026157,0.0021348570116883955,0.0003491995498625742,1486.0
13960.0,2,230.22,2011-09-29 12:39:00,2011-11-18 15:27:00,50,115.11,14.6,230.22,Low Value,20,0,0.00045467764583014133,0.0008216094637761657,3.7356745678151184e-07,3758.0
13962.0,2,169.55,2011-04-08 11:21:00,2011-11-18 08:47:00,223,84.78,3.273542600896861,169.56000000000003,Low Value,21,0,0.0004612278804376131,0.0006051259694113747,2.791009682693643e-07,3903.0
13963.0,4,664.54,2010-12-07 09:21:00,2011-02-04 14:43:00,59,166.14,24.74576271186441,664.5600000000001,Medium Value,307,1,0.9999999999226803,0.0023716826741685725,0.002371682673985195,324.0
13967.0,1,80.7,2011-07-17 12:02:00,2011-07-17 12:02:00,1,80.7,365.0,80.7,Low Value,145,1,0.9963729589377034,0.00028800227489677953,0.0002869576788196941,1544.0
13969.0,18,9053.94,2010-12-09 19:32:00,2011-12-02 15:11:00,357,503.0,18.403361344537817,9054.000000000002,High Value,6,0,4.5667542700887e-05,0.03231192809064984,1.4756063558277415e-06,2985.0
13971.0,8,2758.26,2011-02-27 12:27:00,2011-11-21 12:06:00,266,344.78,10.977443609022556,2758.24,High Value,8,0,8.328142754471935e-05,0.00984361083904948,8.197899628707133e-07,3310.0
13972.0,2,190.25,2011-05-22 11:34:00,2011-09-30 11:54:00,131,95.12,5.572519083969466,190.24,Low Value,70,0,0.08936617693775574,0.0006789287828545642,6.067326973671613e-05,1884.0
13973.0,1,264.7,2011-02-25 15:21:00,2011-02-25 15:21:00,1,264.7,365.0,264.7,Low Value,286,1,0.9999999990639916,0.0009446617368671317,0.0009446617359829204,926.0
13974.0,1,413.59000000000003,2011-10-21 14:41:00,2011-10-21 14:41:00,1,413.59,365.0,413.5899999999999,Medium Value,48,0,0.0064060858680070705,0.001476020580849554,9.455514583867916e-06,2312.0
13975.0,6,2526.28,2011-03-08 12:19:00,2011-11-08 13:19:00,245,421.05,8.938775510204081,2526.3,High Value,30,0,0.0009252269299249136,0.009015863036824463,8.341719278184606e-06,2341.0
13976.0,1,357.98,2011-05-17 09:13:00,2011-05-17 09:13:00,1,357.98,365.0,357.98,Low Value,206,1,0.9999943568747068,0.0012775595336747105,0.0012775523242461926,681.0
13978.0,2,196.79000000000002,2011-10-25 15:04:00,2011-11-25 11:36:00,30,98.4,24.333333333333332,196.8,Low Value,14,0,0.0002407806752860785,0.0007023401201943768,1.6910992842090757e-07,4098.0
13979.0,1,869.87,2011-09-27 13:32:00,2011-09-27 13:32:00,1,869.87,365.0,869.87,Medium Value,72,0,0.06501823985150143,0.003104393294479078,0.0002018421878138334,1640.0
13980.0,1,200.14,2011-10-10 13:34:00,2011-10-10 13:34:00,1,200.14,365.0,200.14,Low Value,59,0,0.022962249596142535,0.0007142599169497081,1.6401014489519235e-05,2168.0
13982.0,4,1871.81,2010-12-09 13:57:00,2011-10-31 16:24:00,326,467.95,4.478527607361963,1871.8,High Value,38,0,0.002140216889747541,0.0066800825049788334,1.4296825402062762e-05,2199.0
13983.0,12,2603.43,2010-12-08 10:38:00,2011-11-10 11:06:00,337,216.95,12.997032640949556,2603.4,High Value,29,0,0.0007425508605325068,0.009291017626595734,6.899053133851352e-06,2403.0
13984.0,5,920.51,2010-12-08 15:58:00,2011-11-13 12:38:00,339,184.1,5.383480825958702,920.5,Medium Value,26,0,0.0006482261129245934,0.0032850817105636375,2.129475747878341e-06,2821.0
13985.0,15,7060.13,2011-03-20 13:48:00,2011-12-05 17:06:00,260,470.68,21.05769230769231,7060.200000000002,High Value,3,0,3.840365366473361e-05,0.02519645181197327,9.676358089671712e-07,3203.0
13986.0,1,320.46,2011-11-22 15:00:00,2011-11-22 15:00:00,1,320.46,365.0,320.46,Low Value,16,0,0.0002110868384691883,0.0011436581042555385,2.41411173516967e-07,3962.0
13988.0,6,4147.96,2011-03-30 11:48:00,2011-11-20 10:15:00,234,691.33,9.35897435897436,4147.9800000000005,High Value,19,0,0.0002489143024020369,0.014803316929694468,3.6847573067911607e-06,2614.0
13989.0,2,1266.08,2011-04-14 15:39:00,2011-10-05 09:47:00,173,633.04,4.219653179190751,1266.0799999999997,High Value,65,0,0.04112938633495377,0.004518388106583823,0.00018583853004694635,1652.0
13990.0,1,311.3,2011-05-10 15:19:00,2011-05-10 15:19:00,1,311.3,365.0,311.3,Low Value,212,1,0.9999971179091502,0.001110967883213971,0.0011109646813036004,804.0
13991.0,6,855.97,2011-07-19 12:58:00,2011-11-27 16:18:00,131,142.66,16.717557251908396,855.9599999999999,Medium Value,11,0,0.00014539404338830494,0.0030547512666746885,4.441426382073791e-07,3655.0
13992.0,1,76.8,2011-11-09 15:23:00,2011-11-09 15:23:00,1,76.8,365.0,76.8,Low Value,29,0,0.0009686893441349607,0.000274083949344147,2.6550220112810154e-07,3927.0
13993.0,9,3466.36,2011-01-13 10:43:00,2011-10-28 09:06:00,287,385.15,11.445993031358885,3466.35,High Value,31,0,0.0009465341975215708,0.012370714815222448,1.1709304620394787e-05,2254.0
13994.0,6,2313.14,2011-07-14 18:28:00,2011-12-06 11:05:00,144,385.52,15.208333333333332,2313.12,High Value,3,0,5.400633593453282e-05,0.008255065949309028,4.4582586482010645e-07,3653.0
13995.0,5,1393.69,2011-04-08 08:20:00,2011-11-24 14:22:00,230,278.74,7.934782608695652,1393.7000000000003,High Value,14,0,0.00018171826949600777,0.004973838544283044,9.038373330196572e-07,3251.0
13999.0,12,3901.81,2010-12-13 11:23:00,2011-11-29 13:40:00,351,325.15,12.47863247863248,3901.8,High Value,9,0,8.021435514737993e-05,0.01392474939519522,1.1169647933244534e-06,3119.0
14000.0,1,635.66,2011-05-12 16:50:00,2011-05-12 16:50:00,1,635.66,365.0,635.66,Medium Value,205,1,0.9999928126122557,0.002268544313022142,0.002268528008114549,342.0
14001.0,3,2043.0800000000002,2010-12-01 12:58:00,2011-10-25 10:31:00,327,681.03,3.3486238532110093,2043.09,High Value,45,0,0.00421323272535735,0.007291382500853299,3.072029136569303e-05,2024.0
14002.0,2,529.73,2011-07-06 14:59:00,2011-07-28 15:55:00,22,264.86,33.18181818181818,529.7199999999999,Medium Value,133,1,0.9886537879698474,0.0018904654901898638,0.001869015867902483,458.0
14004.0,7,4582.64,2011-02-24 09:28:00,2011-10-27 14:40:00,245,654.66,10.428571428571429,4582.62,High Value,42,0,0.002949076622211297,0.016354460780514,4.8230557956685355e-05,1934.0
14005.0,5,2874.72,2011-05-08 10:33:00,2011-11-30 12:41:00,206,574.94,8.859223300970873,2874.7,High Value,9,0,9.316451160169656e-05,0.010259233452859628,9.557964740434542e-07,3210.0
14006.0,3,962.19,2011-01-31 15:11:00,2011-08-16 09:39:00,196,320.73,5.586734693877551,962.1899999999999,Medium Value,115,1,0.9147139851886655,0.0034338650419198542,0.0031410043770945537,228.0
14009.0,2,695.61,2011-05-18 13:00:00,2011-05-25 15:47:00,7,347.8,104.28571428571428,695.6,Medium Value,197,1,0.9999876991295781,0.0024824582703618318,0.00248242773396432,308.0
14012.0,1,328.8,2011-03-07 12:26:00,2011-03-07 12:26:00,1,328.8,365.0,328.8,Low Value,277,1,0.9999999974428151,0.0011734219081296295,0.0011734219051289727,751.0
14013.0,3,473.02,2011-03-09 08:59:00,2011-08-21 15:01:00,165,157.67,6.636363636363636,473.01,Medium Value,109,1,0.8607930451091319,0.001688078761448893,0.0014530864574516446,601.0
14014.0,1,505.18,2011-09-23 13:18:00,2011-09-23 13:18:00,1,505.18,365.0,505.18,Medium Value,76,0,0.11331071370705215,0.0018028871032509922,0.00020428642440260974,1637.0
14015.0,1,917.34,2011-10-18 10:02:00,2011-10-18 10:02:00,1,917.34,365.0,917.3400000000001,Medium Value,52,0,0.007740141165865496,0.0032738042980645816,2.533970741643706e-05,2073.0
14016.0,4,4341.21,2010-12-17 14:21:00,2011-07-01 11:29:00,195,1085.3,7.487179487179487,4341.2,High Value,153,1,0.9977463290961255,0.01549288074079181,0.01545796488624909,12.0
14019.0,3,1421.61,2011-07-24 15:39:00,2011-10-24 10:13:00,91,473.87,12.032967032967033,1421.6100000000001,High Value,46,0,0.0060379290493673835,0.0050734437920199596,3.0633093652169925e-05,2026.0
14020.0,2,642.8,2011-09-12 15:32:00,2011-11-23 09:22:00,71,321.4,10.28169014084507,642.8,Medium Value,16,0,0.0002642268153753601,0.0022940255551877303,6.061430668369464e-07,3467.0
14021.0,3,631.9,2011-03-28 15:10:00,2011-07-07 15:46:00,101,210.63,10.841584158415841,631.89,Medium Value,154,1,0.9987797414976937,0.0022550899316545973,0.00225233813899203,348.0
14022.0,1,440.0,2011-04-28 14:39:00,2011-04-28 14:39:00,1,440.0,365.0,440.0,Medium Value,224,1,0.9999991634368222,0.0015702726264508423,0.0015702713128185838,554.0
14023.0,2,584.07,2011-04-03 15:50:00,2011-12-02 13:58:00,242,292.04,3.0165289256198347,584.08,Medium Value,6,0,8.129854740323629e-05,0.0020844655355850184,1.6946402015517094e-07,4096.0
14024.0,2,327.7,2011-08-07 13:31:00,2011-08-10 11:30:00,2,163.85,365.0,327.7,Low Value,121,1,0.9504134132132661,0.0011694962265635022,0.0011115049004282534,802.0
14027.0,1,104.82,2011-10-10 09:01:00,2011-10-10 09:01:00,1,104.82,365.0,104.82,Low Value,60,0,0.026686381589748974,0.00037408176523767565,9.982888732899506e-06,2296.0
14029.0,2,467.66,2011-07-18 16:57:00,2011-10-07 14:46:00,80,233.83,9.125,467.65999999999997,Medium Value,62,0,0.0383355629999161,0.0016689856738318202,6.398150544513717e-05,1866.0
14030.0,8,2360.09,2010-12-08 16:11:00,2011-11-21 16:48:00,348,295.01,8.39080459770115,2360.0800000000004,High Value,17,0,0.00021410478361077922,0.00842265686416842,1.8033311253306237e-06,2890.0
14031.0,19,17286.86,2010-12-02 16:34:00,2011-12-02 17:13:00,365,909.83,19.0,17286.77,High Value,6,0,3.6438904723845577e-05,0.06169304938807189,2.248027148775451e-06,2799.0
14032.0,11,2975.59,2010-12-08 10:53:00,2011-12-07 15:23:00,364,270.51,11.030219780219781,2975.6099999999997,High Value,1,0,3.521393619638735e-05,0.010619361204530433,3.739495079027258e-07,3757.0
14034.0,3,651.8199999999999,2011-07-05 13:06:00,2011-11-17 14:02:00,135,217.27,8.11111111111111,651.81,Medium Value,21,0,0.00044680534227396393,0.0023261804560157353,1.0393498548411162e-06,3160.0
14035.0,5,1428.02,2011-02-15 12:48:00,2011-11-11 10:03:00,268,285.6,6.809701492537313,1428.0,High Value,28,0,0.0008034823709632138,0.005096248433117734,4.094745774059e-06,2571.0
14036.0,1,626.65,2011-02-28 09:26:00,2011-02-28 09:26:00,1,626.65,365.0,626.65,Medium Value,284,1,0.9999999986165742,0.002236389412194137,0.002236389409100258,352.0
14037.0,2,147.20000000000002,2010-12-10 11:39:00,2011-06-16 13:57:00,188,73.6,3.882978723404255,147.2,Low Value,175,1,0.9998786849610037,0.0005253275695762818,0.0005252638394416928,1273.0
14038.0,3,1560.38,2011-05-16 14:05:00,2011-09-22 13:37:00,128,520.13,8.5546875,1560.3899999999999,High Value,77,0,0.14274191161652408,0.00556872205360825,0.0007948900311931373,1014.0
14039.0,1,152.2,2011-11-06 13:48:00,2011-11-06 13:48:00,1,152.2,365.0,152.2,Low Value,32,0,0.001292144634678413,0.0005431715766950414,7.018562385363118e-07,3393.0
14040.0,12,3614.92,2011-01-12 14:57:00,2011-10-30 12:42:00,290,301.24,15.10344827586207,3614.8800000000006,High Value,40,0,0.0024134639089076317,0.012900788890692324,3.113558838412244e-05,2021.0
14041.0,1,141.41,2011-03-18 13:25:00,2011-03-18 13:25:00,1,141.41,365.0,141.41,Low Value,265,1,0.9999999914354581,0.0005046642093327582,0.0005046642050105405,1296.0
14044.0,4,652.82,2011-02-03 11:39:00,2011-11-13 12:05:00,283,163.21,5.159010600706714,652.8400000000001,Medium Value,26,0,0.0006968897262308951,0.0023298563214822,1.6236529340350508e-06,2940.0
14045.0,4,1659.75,2010-12-01 11:32:00,2011-08-22 15:27:00,264,414.94,5.53030303030303,1659.76,High Value,108,1,0.8174587911842295,0.0059233538510864775,0.004842097678865603,118.0
14046.0,1,154.99,2011-02-28 14:48:00,2011-02-28 14:48:00,1,154.99,365.0,154.99,Low Value,283,1,0.9999999987714998,0.0005531285326673093,0.0005531285319877908,1246.0
14047.0,5,1308.6100000000001,2010-12-02 10:09:00,2011-12-01 11:43:00,364,261.72,5.013736263736264,1308.6000000000001,High Value,8,0,8.756009231758601e-05,0.004670133543121756,4.08917324171196e-07,3706.0
14048.0,1,409.93,2011-02-07 14:53:00,2011-02-07 14:53:00,1,409.93,365.0,409.93,Medium Value,276,1,0.9999999970370124,0.0014629587676386223,0.0014629587633038935,596.0
14049.0,4,5681.72,2011-01-26 11:27:00,2011-11-23 12:20:00,301,1420.43,4.850498338870432,5681.720000000001,High Value,16,0,0.00012743967363792333,0.020276930425359732,2.584085395786722e-06,2742.0
14050.0,2,746.36,2011-08-25 13:46:00,2011-11-08 10:00:00,74,373.18,9.864864864864865,746.36,Medium Value,31,0,0.0013034790116824896,0.002663610630631479,3.4719605523224934e-06,2633.0
14051.0,23,15610.390000000001,2010-12-08 12:49:00,2011-12-09 10:20:00,365,678.71,23.0,15610.33,High Value,0,0,1.9261500280944215e-05,0.05571016792923723,1.0730614152204522e-06,3142.0
14052.0,1,225.36,2011-11-20 12:30:00,2011-11-20 12:30:00,1,225.36,365.0,225.36,Low Value,19,0,0.00030572184329770343,0.0008042650888567315,2.458814054652712e-07,3953.0
14053.0,2,260.25,2011-07-03 12:21:00,2011-08-07 14:27:00,35,130.12,20.857142857142858,260.24,Low Value,123,1,0.9692706644742254,0.0009287448825171982,0.0009002051694044811,947.0
14054.0,1,92.46,2011-10-05 15:49:00,2011-10-05 15:49:00,1,92.46,365.0,92.45999999999998,Low Value,64,0,0.040791592760891636,0.00032997137964010194,1.3460058141028607e-05,2215.0
14055.0,1,725.6400000000001,2011-08-25 15:04:00,2011-08-25 15:04:00,1,725.64,365.0,725.64,Medium Value,105,1,0.7262294502598744,0.0025896650651313392,0.0018806910366075344,451.0
14056.0,23,8214.65,2011-02-28 15:19:00,2011-12-08 13:36:00,282,357.16,29.769503546099294,8214.68,High Value,0,0,2.366079356819246e-05,0.029316561679666377,6.936531140317677e-07,3399.0
14057.0,17,6217.96,2010-12-14 12:11:00,2011-11-16 10:32:00,336,365.76,18.467261904761905,6217.919999999999,High Value,23,0,0.00031911909029246576,0.0221905217487755,7.0814191135844145e-06,2394.0
14059.0,1,183.6,2011-03-18 10:06:00,2011-03-18 10:06:00,1,183.6,365.0,183.6,Low Value,266,1,0.9999999921564314,0.0006552319414008515,0.0006552319362614948,1137.0
14060.0,19,6140.42,2010-12-02 12:11:00,2011-12-05 12:29:00,368,323.18,18.845108695652176,6140.420000000001,High Value,4,0,3.8845362909181484e-05,0.021913939638434736,8.512549380248946e-07,3289.0
14062.0,12,10464.85,2010-12-10 15:56:00,2011-11-30 10:04:00,354,872.07,12.372881355932204,10464.84,High Value,9,0,6.153023936345056e-05,0.03734693589133599,2.297965904885346e-06,2790.0
14064.0,5,1353.74,2011-03-10 12:59:00,2011-11-10 13:14:00,245,270.75,7.448979591836734,1353.7499999999998,High Value,28,0,0.0008215875120475394,0.0048312649274041535,3.969306931748515e-06,2586.0
14066.0,1,152.55,2011-03-18 12:21:00,2011-03-18 12:21:00,1,152.55,365.0,152.55,Low Value,266,1,0.9999999922727779,0.0005444206571933546,0.0005444206529864953,1257.0
14067.0,2,374.7,2011-09-04 12:00:00,2011-10-07 10:21:00,32,187.35,22.8125,374.7,Low Value,63,0,0.04434555799687483,0.0013372298934798423,5.93002057964651e-05,1890.0
14068.0,1,265.85,2011-01-23 16:02:00,2011-01-23 16:02:00,1,265.85,365.0,265.85,Low Value,319,1,0.9999999999736844,0.0009487658585044465,0.0009487658584794792,923.0
14071.0,8,1438.82,2011-03-20 11:33:00,2011-12-06 12:27:00,261,179.85,11.187739463601533,1438.8,High Value,3,0,5.2649547820955066e-05,0.005134791488494254,2.703444500241113e-07,3919.0
14073.0,1,151.04,2011-11-07 15:49:00,2011-11-07 15:49:00,1,151.04,365.0,151.04,Low Value,20,0,0.00035306131057859377,0.0005390317670434891,1.9031126211586951e-07,4058.0
14075.0,3,942.26,2011-03-23 16:35:00,2011-12-05 08:38:00,256,314.09,4.27734375,942.27,Medium Value,4,0,6.25801739065179e-05,0.0033627745175587166,2.1044301411723132e-07,4022.0
14076.0,1,122.47,2011-08-02 15:19:00,2011-08-02 15:19:00,1,122.47,365.0,122.47000000000001,Low Value,128,1,0.9771451249052586,0.000437071110366897,0.00042708190473194165,1382.0
14077.0,5,499.41999999999996,2011-03-10 15:52:00,2011-10-30 12:35:00,233,99.88,7.832618025751073,499.4,Medium Value,40,0,0.0032871877398109196,0.001782259431021706,5.858621350816937e-06,2455.0
14078.0,6,1049.37,2010-12-01 12:54:00,2011-08-30 12:16:00,271,174.9,8.081180811808117,1049.4,Medium Value,101,1,0.6904356511667262,0.0037451002140852594,0.002585750704996602,293.0
14079.0,1,375.1,2011-08-07 12:10:00,2011-08-07 12:10:00,1,375.1,365.0,375.1,Low Value,124,1,0.9608684074644156,0.0013386574140493432,0.0012862736175780253,678.0
14080.0,1,45.599999999999994,2011-11-07 11:09:00,2011-11-07 11:09:00,1,45.6,365.0,45.6,Low Value,32,0,0.0013600783103676333,0.0001627373449230873,2.2133553311670734e-07,4002.0
14081.0,2,934.52,2010-12-05 15:47:00,2011-02-10 16:17:00,67,467.26,10.895522388059701,934.52,Medium Value,266,1,0.9999999928367649,0.003335116306524639,0.0033351162826344167,209.0
14082.0,1,182.25,2010-12-10 11:02:00,2010-12-10 11:02:00,1,182.25,365.0,182.25,Low Value,364,1,0.9999999999998062,0.0006504140594787865,0.0006504140594786604,1140.0
14083.0,9,1018.43,2010-12-03 12:24:00,2011-12-05 13:14:00,367,113.16,8.950953678474114,1018.4399999999999,Medium Value,3,0,4.946820734049585e-05,0.0036346101220058997,1.7979764711725276e-07,4081.0
14085.0,18,4448.54,2010-12-06 12:39:00,2011-12-07 13:46:00,366,247.14,17.950819672131146,4448.5199999999995,High Value,1,0,2.9891520040544084e-05,0.015875884509588864,4.745543199797389e-07,3624.0
14087.0,1,194.42,2011-12-07 12:41:00,2011-12-07 12:41:00,1,194.42,365.0,194.41999999999996,Low Value,2,0,4.928865890187314e-05,0.0006938463728058471,3.4198757199529304e-08,4318.0
14088.0,13,50491.81,2011-01-21 13:07:00,2011-11-29 16:16:00,312,3883.99,15.208333333333332,50491.869999999995,High Value,9,0,1.4471913134177061e-05,0.18019545754389657,2.6077730087485617e-06,2735.0
14089.0,1,161.0,2011-10-14 10:38:00,2011-10-14 10:38:00,1,161.0,365.0,161.0,Low Value,56,0,0.017013900531464843,0.0005745770292240582,9.775796422882694e-06,2303.0
14090.0,1,76.32000000000001,2011-01-19 10:51:00,2011-01-19 10:51:00,1,76.32,365.0,76.32,Low Value,324,1,0.9999999999860187,0.0002723709246607461,0.000272370924656938,1559.0
14092.0,14,4076.91,2010-12-16 15:47:00,2011-12-02 12:13:00,350,291.21,14.6,4076.939999999999,High Value,7,0,6.252001492335604e-05,0.014549789276551128,9.096530427016622e-07,3241.0
14093.0,1,442.85,2011-11-27 16:27:00,2011-11-27 16:27:00,1,442.85,365.0,442.85,Medium Value,11,0,0.00011584389038994569,0.0015804437105085354,1.8308474796762983e-07,4073.0
14096.0,17,65164.79,2011-08-30 10:49:00,2011-12-05 17:17:00,97,3833.22,63.96907216494845,65164.73999999999,High Value,3,0,7.823041367289825e-06,0.2325600168904233,1.819326632511402e-06,2882.0
14098.0,1,147.35,2011-11-03 10:13:00,2011-11-03 10:13:00,1,147.35,365.0,147.35,Low Value,36,0,0.0019955203087589648,0.0005258628897898445,1.049370076198312e-06,3155.0
14099.0,11,3104.17,2010-12-20 11:14:00,2011-11-23 13:53:00,338,282.2,11.878698224852071,3104.2,High Value,15,0,0.00016208401676557342,0.011078273379610693,1.7956110481944253e-06,2894.0
14100.0,1,194.9,2011-07-25 11:01:00,2011-07-25 11:01:00,1,194.9,365.0,194.9,Low Value,137,1,0.9909401019229424,0.0006955593974892481,0.0006892577002414559,1106.0
14101.0,6,5976.79,2011-01-17 13:09:00,2011-09-27 12:28:00,252,996.13,8.69047619047619,5976.779999999999,High Value,73,0,0.06840480112293508,0.021329940973451963,0.0014590703702529258,599.0
14102.0,5,1360.28,2011-10-26 12:46:00,2011-12-04 15:38:00,39,272.06,46.79487179487179,1360.2999999999997,High Value,4,0,6.81103395907278e-05,0.0048546405767297286,3.3065121827198846e-07,3835.0
14104.0,2,216.20999999999998,2011-06-27 12:49:00,2011-07-08 12:50:00,11,108.1,66.36363636363636,216.19999999999996,Low Value,154,1,0.9988827324724535,0.0007715748678151638,0.0007707128122702829,1031.0
14105.0,1,1266.23,2011-04-14 17:58:00,2011-04-14 17:58:00,1,1266.23,365.0,1266.23,High Value,84,0,0.17397497781231452,0.004518923426797387,0.0007861796029126237,1017.0
14107.0,7,2703.23,2010-12-10 13:29:00,2011-10-19 12:12:00,312,386.18,8.189102564102564,2703.26,High Value,51,0,0.008461497328919782,0.0096473981367716,8.163143356531858e-05,1825.0
14108.0,2,597.91,2011-08-30 11:32:00,2011-11-09 10:41:00,70,298.96,10.428571428571429,597.92,Medium Value,30,0,0.0012151427722091445,0.0021338577472897447,2.5929418185416205e-06,2739.0
14109.0,1,144.2,2011-09-28 10:18:00,2011-09-28 10:18:00,1,144.2,365.0,144.2,Low Value,22,0,0.0004398056426983085,0.000514621165305026,2.2633329235312943e-07,3992.0
14110.0,12,5683.15,2011-03-18 09:59:00,2011-12-06 12:26:00,263,473.6,16.653992395437264,5683.200000000002,High Value,3,0,4.1279575169517986e-05,0.020282212251466886,8.37241105238546e-07,3296.0
14111.0,4,692.85,2011-04-12 11:36:00,2011-11-25 13:44:00,227,173.21,6.431718061674009,692.84,Medium Value,13,0,0.00017632185443676527,0.0024726083784322767,4.359748945810621e-07,3663.0
14112.0,7,2915.15,2011-03-09 11:28:00,2011-11-17 12:30:00,253,416.45,10.098814229249012,2915.15,High Value,22,0,0.00037858247700155927,0.010403591470450394,3.938617428595405e-06,2592.0
14113.0,4,1840.42,2010-12-20 12:14:00,2011-12-06 12:18:00,351,460.1,4.15954415954416,1840.4,High Value,3,0,4.790628948820716e-05,0.006568022140273024,3.146495700168735e-07,3855.0
14114.0,2,386.53,2011-01-13 11:05:00,2011-03-11 09:42:00,56,193.26,13.035714285714285,386.52,Low Value,273,1,0.9999999970738973,0.00137941312630859,0.0013794131222722855,630.0
14116.0,5,1382.74,2011-08-10 12:44:00,2011-11-20 10:29:00,101,276.55,18.06930693069307,1382.7500000000002,High Value,19,0,0.0003383510929532349,0.0049347601686929605,1.6696814965393532e-06,2930.0
14117.0,1,90.0,2011-07-19 09:49:00,2011-07-19 09:49:00,1,90.0,365.0,90.0,Low Value,143,1,0.9954801325385659,0.00032119212813767233,0.0003197403822888341,1514.0
14121.0,4,2780.15,2011-10-11 10:39:00,2011-12-06 12:19:00,56,695.04,26.07142857142857,2780.16,High Value,3,0,5.1370244139608016e-05,0.009921838966258123,5.096872900105557e-07,3576.0
14124.0,1,419.58000000000004,2011-09-16 13:32:00,2011-09-16 13:32:00,1,419.58,365.0,419.5799999999999,Medium Value,83,0,0.2212389602782381,0.0014973977013778281,0.00033128271057585436,1505.0
14125.0,3,2740.43,2011-09-22 15:40:00,2011-11-29 12:47:00,67,913.48,16.34328358208955,2740.4399999999996,High Value,10,0,0.0001011095943142755,0.009780086173706695,9.888605453821388e-07,3186.0
14126.0,3,706.1300000000001,2011-11-29 12:21:00,2011-12-02 11:45:00,2,235.38,547.5,706.14,Medium Value,7,0,6.788454292302537e-05,0.0025200734373681767,1.710740334281961e-07,4093.0
14127.0,3,709.71,2011-02-02 12:26:00,2011-08-09 10:49:00,187,236.57,5.855614973262033,709.7100000000002,Medium Value,122,1,0.9599488284150728,0.002532814058450972,0.0024313718880032364,315.0
14128.0,2,637.5,2011-03-29 10:49:00,2011-10-10 12:00:00,195,318.75,3.7435897435897436,637.5,Medium Value,60,0,0.027825365562304298,0.0022751109076418457,6.330579269992029e-05,1868.0
14129.0,5,1123.8600000000001,2011-03-24 08:44:00,2011-12-08 11:02:00,259,224.77,7.046332046332046,1123.8500000000001,Medium Value,1,0,4.480743860875964e-05,0.00401079748008359,1.7971356186101334e-07,4082.0
14130.0,1,483.86,2011-01-24 16:05:00,2011-01-24 16:05:00,1,483.86,365.0,483.85999999999996,Medium Value,318,1,0.9999999999674318,0.0017268002568966011,0.0017268002568403625,501.0
14132.0,11,3586.0299999999997,2011-06-09 12:04:00,2011-12-07 13:35:00,181,326.0,22.18232044198895,3586.0,High Value,1,0,3.848347780254174e-05,0.012797721905574365,4.925008468762732e-07,3594.0
14133.0,3,605.64,2011-01-28 11:27:00,2011-08-02 11:34:00,186,201.88,5.887096774193548,605.64,Medium Value,129,1,0.9811419026778272,0.0021614088942811093,0.002120648834999746,390.0
14135.0,15,4690.31,2010-12-02 10:27:00,2011-12-08 11:38:00,371,312.69,14.757412398921831,4690.35,High Value,1,0,3.1101958735206614e-05,0.016738927757894793,5.206134403976484e-07,3562.0
14138.0,2,982.3800000000001,2011-10-07 09:38:00,2011-12-08 12:44:00,62,491.19,11.774193548387096,982.38,Medium Value,1,0,4.825743379650633e-05,0.0035059191426654057,1.6918666092308004e-07,4097.0
14139.0,1,415.82,2011-10-24 13:34:00,2011-10-24 13:34:00,1,415.82,365.0,415.82,Medium Value,45,0,0.004633113918498301,0.001483979008024521,6.875443796837711e-06,2404.0
14140.0,2,935.05,2011-11-08 11:20:00,2011-12-06 09:05:00,27,467.52,27.037037037037035,935.04,Medium Value,3,0,6.128403053618468e-05,0.00333697208326499,2.0450309904920746e-07,4028.0
14141.0,4,915.13,2011-08-26 14:40:00,2011-12-07 09:53:00,102,228.78,14.313725490196079,915.1200000000001,Medium Value,2,0,5.646852837462985e-05,0.0032658815589038524,1.8441952547714256e-07,4071.0
14142.0,1,311.81,2010-12-01 16:33:00,2010-12-01 16:33:00,1,311.81,365.0,311.81,Low Value,372,1,0.9999999999999132,0.0011127879719400845,0.0011127879719399878,799.0
14143.0,1,115.8,2011-07-29 09:48:00,2011-07-29 09:48:00,1,115.8,365.0,115.8,Low Value,133,1,0.9866117037661591,0.0004132672048704717,0.0004077342611079344,1401.0
14145.0,4,3742.2,2011-05-06 13:01:00,2011-10-24 12:10:00,170,935.55,8.588235294117647,3742.1999999999994,High Value,46,0,0.004492483769436539,0.013355168687964412,5.99978785687672e-05,1888.0
14146.0,5,4191.0,2010-12-17 15:52:00,2011-12-01 10:18:00,348,838.2,5.244252873563219,4191.000000000001,High Value,8,0,6.706116239986688e-05,0.014956846766944277,1.003023530027974e-06,3178.0
14147.0,2,483.4,2011-02-27 11:42:00,2011-09-22 18:10:00,207,241.7,3.5265700483091784,483.3999999999999,Medium Value,48,0,0.00797511631634075,0.0017251586082416752,1.3758340564863883e-05,2209.0
14148.0,1,157.2,2011-04-20 12:02:00,2011-04-20 12:02:00,1,157.2,365.0,157.2,Low Value,233,1,0.9999997243853587,0.0005610155838138009,0.000561015429189692,1233.0
14149.0,1,446.62,2011-05-03 09:44:00,2011-05-03 09:44:00,1,446.62,365.0,446.61999999999995,Medium Value,212,1,0.9999969239514906,0.00159389809187608,0.0015938931889682303,548.0
14150.0,2,658.64,2010-12-15 10:04:00,2011-11-04 10:05:00,324,329.32,2.253086419753086,658.64,Medium Value,35,0,0.001741101393827853,0.002350555369739961,4.092555230523791e-06,2572.0
14152.0,2,621.29,2011-04-19 15:46:00,2011-09-25 12:54:00,158,310.64,4.620253164556962,621.28,Medium Value,74,0,0.11818010708485403,0.0022172249485485893,0.00026203188185068224,1573.0
14154.0,2,1345.62,2011-04-14 15:58:00,2011-04-14 16:26:00,1,672.81,730.0,1345.62,High Value,238,1,0.9999997141865624,0.004802250571829051,0.004802249199281307,120.0
14155.0,1,118.75,2011-03-18 14:13:00,2011-03-18 14:13:00,1,118.75,365.0,118.75,Low Value,265,1,0.9999999915283585,0.0004237951690705398,0.0004237951654802991,1387.0
14156.0,55,117379.63,2010-12-03 11:48:00,2011-11-30 10:54:00,361,2134.18,55.609418282548475,117379.89999999998,High Value,9,0,1.146593257567713e-05,0.41890555423985726,4.8031428404908626e-06,2514.0
14157.0,2,432.88,2011-02-27 13:04:00,2011-11-20 11:32:00,265,216.44,2.7547169811320753,432.87999999999994,Medium Value,19,0,0.00033898137070829015,0.0015448627603137286,5.236796960473405e-07,3557.0
14158.0,1,507.66,2011-10-30 15:08:00,2011-10-30 15:08:00,1,507.66,365.0,507.6600000000001,Medium Value,39,0,0.0023207471462241103,0.0018117377307818971,4.204585168418633e-06,2565.0
14159.0,11,4693.01,2010-12-12 11:17:00,2011-11-20 12:36:00,343,426.64,11.705539358600584,4693.04,High Value,19,0,0.000232346783254873,0.016748527833724686,3.891466566420637e-06,2597.0
14161.0,3,1110.52,2010-12-05 13:18:00,2011-05-08 11:41:00,153,370.17,7.1568627450980395,1110.5100000000002,Medium Value,215,1,0.9999981514647629,0.003963189669090739,0.003963182342994985,158.0
14162.0,2,289.36,2011-02-20 12:32:00,2011-06-19 11:36:00,118,144.68,6.186440677966102,289.36,Low Value,173,1,0.9998511053956187,0.001032668379976854,0.0010325146212269603,883.0
14163.0,4,2445.91,2011-04-14 17:33:00,2011-09-13 15:18:00,151,611.48,9.668874172185431,2445.92,High Value,86,0,0.28841431114788324,0.008729002778383283,0.0025175693233353735,303.0
14164.0,2,1631.77,2011-09-20 12:18:00,2011-09-30 12:24:00,10,815.88,73.0,1631.76,High Value,70,0,0.06647253528603396,0.005823427411221424,0.0003870979840780735,1440.0
14165.0,1,122.53999999999999,2011-03-09 12:39:00,2011-03-09 12:39:00,1,122.54,365.0,122.54000000000002,Low Value,275,1,0.9999999971248086,0.00043732092646655966,0.0004373209252091783,1372.0
14167.0,4,574.84,2011-01-12 15:44:00,2011-10-31 14:29:00,291,143.71,5.017182130584192,574.84,Medium Value,38,0,0.0025598995469206264,0.002051489810429551,5.251607836230889e-06,2483.0
14171.0,1,363.79,2011-09-02 16:43:00,2011-09-02 16:43:00,1,363.79,365.0,363.79,Low Value,97,1,0.5704756310058965,0.001298294269946709,0.0007406452428791886,1051.0
14173.0,4,450.84,2011-05-04 14:03:00,2011-11-29 11:54:00,208,112.71,7.01923076923077,450.84000000000003,Medium Value,10,0,0.00013284903556308073,0.0016089584338843132,2.137485762026158e-07,4015.0
14174.0,1,134.46,2011-11-06 13:17:00,2011-11-06 13:17:00,1,134.46,365.0,134.46,Low Value,32,0,0.001303210180721042,0.00047986103943768244,6.253597919265693e-07,3455.0
14175.0,3,3222.3,2011-01-14 12:22:00,2011-10-11 11:55:00,269,1074.1,4.070631970260223,3222.3,High Value,50,0,0.006216482259485726,0.011499748827755795,7.148798457628567e-05,1846.0
14176.0,4,576.9000000000001,2010-12-07 11:45:00,2011-02-15 13:12:00,70,144.23,20.857142857142858,576.92,Medium Value,296,1,0.999999999747269,0.0020589129173909544,0.0020589129168706033,409.0
14177.0,4,559.41,2011-06-13 11:10:00,2011-09-14 15:11:00,93,139.85,15.698924731182798,559.4,Medium Value,84,0,0.2977430413867447,0.0019963875164468207,0.0005944104909334062,1198.0
14178.0,7,1620.93,2011-06-10 12:51:00,2011-12-01 12:01:00,173,231.56,14.76878612716763,1620.9199999999998,High Value,8,0,9.567593923754849e-05,0.005784741603787953,5.53460586188935e-07,3523.0
14179.0,2,719.78,2011-10-18 14:00:00,2011-10-30 12:07:00,11,359.89,66.36363636363636,719.7799999999999,Medium Value,40,0,0.0034527375284583344,0.0025687518887881526,8.869226047717084e-06,2323.0
14180.0,25,4748.52,2010-12-02 13:08:00,2011-11-29 10:56:00,361,189.94,25.277008310249307,4748.499999999999,High Value,10,0,6.861889984526842e-05,0.016946453560685963,1.1628469996132025e-06,3102.0
14184.0,1,452.89,2011-10-04 12:43:00,2011-10-04 12:43:00,1,452.89,365.0,452.89000000000004,Medium Value,66,0,0.042508094131828156,0.0016162744768030046,6.870474760281342e-05,1855.0
14185.0,1,197.65,2011-01-12 13:52:00,2011-01-12 13:52:00,1,197.65,365.0,197.65,Low Value,330,1,0.999999999992258,0.0007053736014045659,0.0007053736013991049,1090.0
14188.0,6,2054.36,2011-02-02 13:46:00,2011-11-09 12:45:00,279,342.39,7.849462365591399,2054.34,High Value,8,0,8.693076548312755e-05,0.007331531516870509,6.373356469252286e-07,3447.0
14189.0,15,4654.08,2010-12-06 11:42:00,2011-12-07 15:55:00,366,310.27,14.959016393442623,4654.05,High Value,1,0,3.123931372695409e-05,0.016609380266212597,5.188656409464955e-07,3568.0
14191.0,13,4684.76,2011-05-03 10:30:00,2011-12-08 09:23:00,218,360.37,21.76605504587156,4684.81,High Value,1,0,3.5191667657945954e-05,0.01671915659800721,5.88375002518224e-07,3485.0
14193.0,2,853.39,2011-03-15 11:38:00,2011-10-03 09:34:00,201,426.7,3.6318407960199006,853.4,Medium Value,67,0,0.054586132209748464,0.0030456151350298838,0.00016624835042075215,1673.0
14194.0,21,11349.52,2011-02-04 14:51:00,2011-12-05 10:38:00,303,540.45,25.2970297029703,11349.450000000003,High Value,4,0,3.4673289836710654e-05,0.04050393331880117,1.4044046194895948e-06,3009.0
14195.0,2,1012.0,2011-04-01 16:50:00,2011-05-22 10:29:00,50,506.0,14.6,1012.0,Medium Value,201,1,0.9999917753377658,0.0036116270408369376,0.003611597336424411,193.0
14196.0,1,335.52,2011-08-25 10:25:00,2011-08-25 10:25:00,1,335.52,365.0,335.52,Low Value,106,1,0.7810139062887131,0.0011974042536972423,0.0009351893735868045,932.0
14198.0,4,701.4,2011-04-14 14:54:00,2011-11-21 16:35:00,221,175.35,6.60633484162896,701.4,Medium Value,3,0,5.9914281388750506e-05,0.0025031573186195927,1.4997487194808448e-07,4145.0
14199.0,1,185.39999999999998,2011-05-05 13:44:00,2011-05-05 13:44:00,1,185.4,365.0,185.4,Low Value,217,1,0.9999984211344287,0.000661655783963605,0.0006616547392980677,1130.0
14201.0,7,747.44,2010-12-15 13:25:00,2011-10-10 13:27:00,299,106.78,8.54515050167224,747.4599999999999,Medium Value,59,0,0.022871147813824533,0.0026675363121976057,6.100961729501583e-05,1882.0
14204.0,1,161.03,2011-12-07 13:38:00,2011-12-07 13:38:00,1,161.03,365.0,161.03,Low Value,1,0,4.494889398031395e-05,0.0005746840932667708,2.5831414380420934e-08,4328.0
14205.0,2,466.7,2011-03-20 15:07:00,2011-11-23 10:55:00,247,233.35,2.9554655870445345,466.7,Medium Value,10,0,0.00012850152939829253,0.0016655596244650184,2.1402695904780063e-07,4014.0
14206.0,1,328.15999999999997,2011-04-14 16:38:00,2011-04-14 16:38:00,1,328.16,365.0,328.16,Low Value,238,1,0.9999998258228636,0.0011711378752184284,0.001171137671232987,754.0
14208.0,1,151.74,2011-09-06 12:48:00,2011-09-06 12:48:00,1,151.74,365.0,151.74,Low Value,94,1,0.5152761504358709,0.0005415299280401156,0.00027903745666632497,1550.0
14209.0,6,2073.43,2011-01-11 12:56:00,2011-11-29 10:18:00,321,345.57,6.822429906542055,2073.4199999999996,High Value,10,0,0.00010482156314973029,0.007399624248035693,7.756401803997489e-07,3331.0
14210.0,6,1905.8400000000001,2010-12-03 12:43:00,2011-08-26 12:36:00,265,317.64,8.264150943396226,1905.8399999999997,High Value,90,0,0.3885819218449732,0.006801564505443347,0.0026429650070777305,287.0
14211.0,9,2241.1,2011-02-17 15:50:00,2011-10-17 13:23:00,241,249.01,13.630705394190871,2241.09,High Value,52,0,0.010015249497756043,0.007998005182756179,8.010201738964905e-05,1828.0
14212.0,1,1070.48,2011-09-11 12:45:00,2011-09-11 12:45:00,1,1070.48,365.0,1070.48,Medium Value,89,0,0.2844927822518475,0.0038203305480979497,0.0010868564667501112,840.0
14214.0,5,1004.38,2011-03-07 12:26:00,2011-11-09 10:31:00,246,200.88,7.41869918699187,1004.4,Medium Value,30,0,0.0010541219668003317,0.003584504150016423,3.778504564619263e-06,2607.0
14215.0,6,1789.72,2010-12-06 15:34:00,2011-11-28 12:19:00,356,298.29,6.151685393258427,1789.7400000000002,High Value,11,0,0.00011673815147667886,0.0063872266601457525,7.456330333679765e-07,3349.0
14216.0,4,1839.3,2011-11-02 10:51:00,2011-12-06 14:56:00,34,459.82,42.94117647058823,1839.28,High Value,2,0,5.167221174075156e-05,0.006564025082678422,3.391776939437637e-07,3815.0
14217.0,17,2004.98,2010-12-08 13:28:00,2011-12-08 11:53:00,364,117.94,17.046703296703296,2004.9799999999998,High Value,1,0,3.2650896719952545e-05,0.0071553754785941125,2.336294257440574e-07,3977.0
14218.0,1,169.48000000000002,2011-10-28 10:00:00,2011-10-28 10:00:00,1,169.48,365.0,169.48,Low Value,42,0,0.0037732181877502516,0.0006048404652974744,2.2821950443477555e-06,2792.0
14219.0,1,89.94,2011-12-05 16:23:00,2011-12-05 16:23:00,1,89.94,365.0,89.94,Low Value,3,0,5.775529660769641e-05,0.0003209780000522472,1.853817959756273e-08,4335.0
14220.0,2,632.4,2010-12-16 18:18:00,2011-04-06 13:23:00,110,316.2,6.636363636363636,632.3999999999999,Medium Value,246,1,0.9999999404460789,0.00225691002038071,0.002256909885972869,345.0
14221.0,9,3432.8,2011-01-04 15:33:00,2011-10-28 13:42:00,296,381.42,11.097972972972974,3432.7799999999997,High Value,41,0,0.002777618408685687,0.012250910151427097,3.4028353559758266e-05,2002.0
14222.0,1,683.17,2011-06-15 16:42:00,2011-06-15 16:42:00,1,683.17,365.0,683.17,Medium Value,176,1,0.9998302924384684,0.0024380980686645954,0.0024376843049865875,314.0
14223.0,3,991.13,2011-03-20 16:02:00,2011-09-08 13:38:00,171,330.38,6.4035087719298245,991.1400000000001,Medium Value,91,1,0.44682582437803214,0.003537181843137473,0.0015805041930349085,552.0
14224.0,4,1050.12,2011-01-23 13:58:00,2011-08-21 13:24:00,209,262.53,6.985645933014354,1050.12,Medium Value,109,1,0.847757772259973,0.00374766975111036,0.0031771161593674062,224.0
14226.0,5,2232.19,2011-03-15 15:36:00,2011-11-11 11:34:00,240,446.44,7.604166666666666,2232.2,High Value,28,0,0.0007574997103330665,0.007966278538099022,6.034453685042534e-06,2444.0
14227.0,10,3350.96,2011-02-28 12:27:00,2011-11-13 15:48:00,258,335.1,14.147286821705427,3351.0,High Value,25,0,0.000503411834644313,0.011959053570992665,6.0203290987830405e-06,2446.0
14229.0,3,1547.2,2011-01-10 12:03:00,2011-10-19 10:04:00,281,515.73,3.8967971530249113,1547.1900000000003,High Value,51,0,0.008965487629951363,0.005521613874814726,4.9503960892019236e-05,1931.0
14231.0,3,925.71,2011-02-24 11:55:00,2011-06-09 11:05:00,104,308.57,10.528846153846155,925.71,Medium Value,178,1,0.9999045085271583,0.0033036751659813847,0.0033033596931739944,214.0
14232.0,5,2048.07,2011-03-20 12:44:00,2011-10-28 11:09:00,221,409.61,8.257918552036198,2048.05,High Value,31,0,0.001079840975325439,0.007309083755915109,7.892648131722694e-06,2360.0
14233.0,4,1462.72,2011-01-26 12:43:00,2011-10-21 15:54:00,268,365.68,5.447761194029851,1462.7199999999998,High Value,43,0,0.004007724718922726,0.0052201572185504,2.092095312144734e-05,2111.0
14234.0,4,775.46,2011-10-13 13:58:00,2011-11-17 17:53:00,35,193.86,41.714285714285715,775.44,Medium Value,21,0,0.00045919728283435105,0.002767391376034185,1.2707786004141134e-06,3050.0
14235.0,5,3144.86,2011-03-24 13:23:00,2011-09-25 14:37:00,185,628.97,9.864864864864865,3144.850000000001,High Value,9,0,9.200531976260248e-05,0.01122334515748621,1.0326074600205749e-06,3164.0
14236.0,2,490.86,2010-12-02 18:49:00,2011-09-20 09:13:00,291,245.43,2.508591065292096,490.85999999999996,Medium Value,80,0,0.19499251640244947,0.0017517818668628647,0.0003415843544077707,1496.0
14237.0,1,161.0,2010-12-01 13:20:00,2010-12-01 13:20:00,1,161.0,365.0,161.0,Low Value,372,1,0.9999999999999194,0.0005745770292240582,0.0005745770292240119,1217.0
14238.0,1,146.85,2011-01-17 14:40:00,2011-01-17 14:40:00,1,146.85,365.0,146.85,Low Value,325,1,0.9999999999870197,0.0005240784890779686,0.0005240784890711659,1275.0
14239.0,11,2380.85,2011-01-27 14:45:00,2011-10-27 14:40:00,272,216.44,14.761029411764707,2380.84,High Value,42,0,0.003235227233651737,0.008496745181725508,2.748890140931754e-05,2054.0
14240.0,2,890.34,2011-04-28 11:40:00,2011-11-09 13:45:00,195,445.17,3.7435897435897436,890.3400000000001,Medium Value,29,0,0.000938804175047028,0.00317744665962328,2.983000190043568e-06,2685.0
14241.0,1,213.70000000000002,2011-06-09 11:46:00,2011-06-09 11:46:00,1,213.7,365.0,213.7,Low Value,183,1,0.9999365326911471,0.0007626528642557841,0.0007626044607309009,1039.0
14242.0,2,280.55,2011-01-18 08:53:00,2011-04-19 11:46:00,91,140.28,8.021978021978022,280.56,Low Value,234,1,0.9999998017903879,0.0010012629274478372,0.0010012627289879008,898.0
14243.0,10,2588.77,2010-12-09 08:34:00,2011-12-01 11:12:00,357,258.88,10.224089635854343,2588.8,High Value,8,0,7.780002983406395e-05,0.009238913125808957,7.187877168222619e-07,3375.0
14245.0,2,1693.45,2011-03-21 10:41:00,2011-05-04 08:40:00,43,846.72,16.97674418604651,1693.4399999999998,High Value,175,1,0.9998388229088421,0.006043551083038442,0.006042577001054613,75.0
14246.0,3,1474.06,2011-04-08 08:25:00,2011-08-21 11:50:00,135,491.35,8.11111111111111,1474.05,High Value,110,1,0.856775644853378,0.005260591738681509,0.004507146879219203,135.0
14247.0,1,136.76999999999998,2011-03-06 15:21:00,2011-03-06 15:21:00,1,136.77,365.0,136.77,Low Value,277,1,0.9999999976685687,0.0004881049707265494,0.0004881049695885662,1311.0
14248.0,1,302.58,2011-01-25 14:45:00,2011-01-25 14:45:00,1,302.58,365.0,302.58,Low Value,317,1,0.999999999966741,0.0010798479347988543,0.0010798479347629397,846.0
14250.0,3,1904.05,2011-09-11 13:44:00,2011-12-02 14:30:00,82,634.68,13.353658536585366,1904.04,High Value,6,0,7.441942291524985e-05,0.006795140662880595,5.056904467595222e-07,3579.0
14251.0,5,2879.7000000000003,2011-10-13 12:46:00,2011-12-08 08:32:00,55,575.94,33.18181818181818,2879.7000000000007,High Value,1,0,4.254843898827639e-05,0.010277077459978391,4.3727360328368107e-07,3660.0
14256.0,2,969.0600000000001,2010-12-10 11:44:00,2011-03-24 13:17:00,104,484.53,7.01923076923077,969.0600000000001,Medium Value,253,1,0.9999999698426965,0.0034583827077010305,0.0034583826034055333,203.0
14257.0,5,3099.7200000000003,2011-01-25 10:49:00,2011-10-06 16:54:00,254,619.94,7.18503937007874,3099.7000000000007,High Value,50,0,0.007420279925495085,0.011062213773203811,8.208472279283948e-05,1822.0
14258.0,9,12669.98,2011-01-06 12:18:00,2011-11-30 15:27:00,328,1407.78,10.015243902439025,12670.019999999999,High Value,8,0,4.676591691738679e-05,0.045216785414965224,2.1146044299875705e-06,2824.0
14259.0,1,120.0,2011-07-21 10:44:00,2011-07-21 10:44:00,1,120.0,365.0,120.0,Low Value,141,1,0.9943127080224694,0.00042825617085022976,0.0004258205529654253,1384.0
14261.0,2,1163.45,2011-09-22 10:47:00,2011-10-20 10:04:00,27,581.72,27.037037037037035,1163.4399999999998,Medium Value,50,0,0.009308479039837489,0.004152086328449927,3.864960855997194e-05,1979.0
14262.0,8,2618.23,2011-04-13 12:23:00,2011-12-01 14:17:00,232,327.28,12.586206896551724,2618.24,High Value,7,0,7.703484781919379e-05,0.009343978639724212,7.198119725369521e-07,3374.0
14264.0,2,333.97,2011-04-08 12:20:00,2011-07-08 10:20:00,90,166.98,8.11111111111111,333.96,Low Value,154,1,0.9988447279544332,0.0011918369234761893,0.001190460027595623,736.0
14265.0,2,530.18,2011-07-14 09:10:00,2011-08-22 13:32:00,39,265.09,18.71794871794872,530.1800000000001,Medium Value,108,1,0.8534327161101865,0.0018921071388447903,0.0016147861346757831,541.0
14267.0,3,1516.24,2011-03-24 11:38:00,2011-06-30 10:09:00,97,505.41,11.288659793814434,1516.2300000000002,High Value,150,1,0.9978389024791109,0.005411123782735366,0.005399429816543273,98.0
14270.0,1,492.65000000000003,2011-01-12 09:33:00,2011-01-12 09:33:00,1,492.65,365.0,492.65,Medium Value,331,1,0.9999999999919922,0.0017581700214113806,0.0017581700213973016,489.0
14271.0,1,112.32,2011-04-28 12:47:00,2011-04-28 12:47:00,1,112.32,365.0,112.32,Low Value,225,1,0.9999993587972099,0.000400847775915815,0.0004008475188911027,1418.0
14272.0,2,437.96,2011-03-30 13:57:00,2011-09-27 10:08:00,180,218.98,4.055555555555555,437.96,Medium Value,73,0,0.11022558433090016,0.0015629922715463885,0.00017228173643588164,1666.0
14273.0,4,559.97,2011-04-11 13:24:00,2011-10-19 13:20:00,190,139.99,7.684210526315789,559.96,Medium Value,50,0,0.00997295327749632,0.0019983860452441222,1.992981065962028e-05,2119.0
14276.0,3,1119.74,2011-02-23 09:38:00,2011-09-02 09:45:00,191,373.25,5.732984293193717,1119.75,Medium Value,87,0,0.3362187447952494,0.003996165394246206,0.0013435857128476724,647.0
14277.0,3,4216.2,2011-05-11 13:20:00,2011-11-24 15:01:00,197,1405.4,5.558375634517767,4216.200000000001,High Value,14,0,0.00011360742120144147,0.015046780562822824,1.709425937126275e-06,2915.0
14280.0,1,134.04,2011-05-27 10:37:00,2011-05-27 10:37:00,1,134.04,365.0,134.04,Low Value,196,1,0.9999850445641378,0.0004783621428397066,0.0004783549887253605,1329.0
14282.0,15,3729.34,2010-12-07 12:21:00,2011-12-06 17:04:00,364,248.62,15.04120879120879,3729.3,High Value,2,0,3.590524752005505e-05,0.013309131149598015,4.778676482031915e-07,3618.0
14284.0,2,595.25,2011-09-14 13:04:00,2011-11-09 08:11:00,55,297.62,13.272727272727272,595.2399999999999,Medium Value,30,0,0.0012254992979184507,0.002124293359474089,2.6033200206083233e-06,2737.0
14285.0,4,1910.01,2011-06-16 12:36:00,2011-11-18 14:50:00,155,477.5,9.419354838709678,1910.0,High Value,20,0,0.00034036030479399435,0.006816410719366157,2.3200356300445155e-06,2787.0
14286.0,3,4628.75,2011-04-11 08:16:00,2011-11-16 10:34:00,219,1542.92,5.0,4628.76,High Value,23,0,0.0002775615581625583,0.016519125278205912,4.585074151701337e-06,2529.0
14287.0,3,176.63,2011-05-25 11:41:00,2011-12-01 13:25:00,190,58.88,5.7631578947368425,176.64000000000004,Low Value,7,0,0.00010228347010199787,0.0006303930834915384,6.4478792107813e-08,4269.0
14288.0,1,426.6,2011-05-10 13:22:00,2011-05-10 13:22:00,1,426.6,365.0,426.6,Medium Value,211,1,0.9999966051732517,0.001522450687372567,0.0015224455189162506,571.0
14289.0,6,911.26,2011-02-23 12:33:00,2011-12-01 11:44:00,280,151.88,7.821428571428571,911.2799999999999,Medium Value,8,0,9.521506615617432e-05,0.0032521773614366443,3.096562826208025e-07,3863.0
14290.0,5,2314.65,2010-12-13 10:24:00,2011-11-28 14:02:00,350,462.93,5.214285714285714,2314.6500000000005,High Value,10,0,9.961751133634621e-05,0.008260526215487372,8.228930639154983e-07,3308.0
14291.0,11,3883.25,2011-03-09 15:20:00,2011-12-08 10:26:00,273,353.02,14.706959706959708,3883.2200000000003,High Value,1,0,3.589959033392686e-05,0.01385844106474191,4.975123568911038e-07,3587.0
14292.0,9,4871.93,2011-03-02 08:26:00,2011-12-02 11:50:00,275,541.33,11.945454545454547,4871.970000000001,High Value,7,0,6.592090631733182e-05,0.01738709347247662,1.1461729599298228e-06,3107.0
14293.0,4,1046.56,2010-12-06 10:18:00,2011-12-06 15:17:00,365,261.64,4.0,1046.56,Medium Value,2,0,4.685736410005686e-05,0.0037349648180418035,1.7501060637988743e-07,4089.0
14295.0,1,166.20000000000002,2011-10-30 15:50:00,2011-10-30 15:50:00,1,166.2,365.0,166.2,Low Value,39,0,0.0027341500970461423,0.0005931347966275681,1.6217195617607093e-06,2941.0
14297.0,4,1305.33,2011-03-10 08:31:00,2011-11-22 09:06:00,257,326.33,5.680933852140078,1305.32,High Value,17,0,0.000247566374382132,0.004658427874451849,1.153270099198706e-06,3106.0
14298.0,44,51527.3,2010-12-14 12:59:00,2011-12-01 13:12:00,352,1171.08,45.625,51527.51999999999,High Value,2,0,1.128712514356928e-05,0.18389148673840522,2.0756062236533905e-06,2830.0
14299.0,9,3965.62,2010-12-09 10:30:00,2011-12-01 16:05:00,357,440.62,9.201680672268909,3965.5800000000004,High Value,7,0,6.558123243739468e-05,0.01415236755000212,9.281297058361309e-07,3226.0
14300.0,1,43.2,2011-11-21 08:57:00,2011-11-21 08:57:00,1,43.2,365.0,43.2,Low Value,18,0,0.0002994996458134442,0.0001541722215060827,4.617452573534364e-08,4305.0
14301.0,1,640.14,2011-08-14 15:33:00,2011-08-14 15:33:00,1,640.14,365.0,640.14,Medium Value,107,1,0.7743804232694738,0.0022845325434005504,0.0017690972779314056,487.0
14304.0,1,383.45,2011-05-01 11:50:00,2011-05-01 11:50:00,1,383.45,365.0,383.45,Low Value,222,1,0.9999989891265897,0.0013684569059376716,0.0013684555226009722,637.0
14305.0,3,1858.96,2011-07-27 14:14:00,2011-09-29 15:29:00,64,619.65,17.109375,1858.95,High Value,70,0,0.07163758830339825,0.0066342234066836215,0.00047525976512076954,1336.0
14306.0,2,2093.32,2011-09-15 10:31:00,2011-10-19 13:23:00,34,1046.66,21.470588235294116,2093.32,High Value,50,0,0.0074551120084616835,0.007470643396368358,5.569448329520072e-05,1895.0
14307.0,6,2995.72,2010-12-01 11:41:00,2011-09-12 09:38:00,284,499.29,7.711267605633803,2995.7400000000002,High Value,88,0,0.316546307362344,0.010691201177190562,0.0033842602539076176,206.0
14309.0,9,2352.53,2010-12-16 13:05:00,2011-12-01 13:33:00,350,261.39,9.385714285714286,2352.51,High Value,7,0,7.182037772343456e-05,0.008395641037390617,6.029781105357621e-07,3471.0
14311.0,1,310.26,2011-04-11 10:14:00,2011-04-11 10:14:00,1,310.26,365.0,310.26,Low Value,224,1,0.9999992140778255,0.001107256329733269,0.0011072554595159666,810.0
14312.0,6,1611.59,2011-01-06 16:35:00,2011-10-24 09:46:00,290,268.6,7.551724137931035,1611.6000000000004,High Value,46,0,0.005438387557066107,0.005751480374518587,3.1278779303491795e-05,2017.0
14314.0,1,120.0,2011-08-25 10:39:00,2011-08-25 10:39:00,1,120.0,365.0,120.0,Low Value,106,1,0.7982375575182963,0.00042825617085022976,0.0003418501598116256,1495.0
14315.0,6,2481.13,2011-03-18 12:59:00,2011-10-26 12:06:00,221,413.52,9.90950226244344,2481.12,High Value,20,0,0.00031970500515769577,0.00885462458849935,2.8308677997356444e-06,2703.0
14317.0,1,508.58000000000004,2011-10-06 10:44:00,2011-10-06 10:44:00,1,508.58,365.0,508.5799999999999,Medium Value,64,0,0.033637015927704926,0.0018150210280917483,6.10518912310415e-05,1881.0
14320.0,2,477.79,2011-01-11 09:12:00,2011-05-17 09:24:00,126,238.9,5.7936507936507935,477.8,Medium Value,206,1,0.9999955989482641,0.0017051733202686648,0.0017051658157126637,507.0
14321.0,5,1530.75,2011-01-10 11:35:00,2011-11-29 09:47:00,322,306.15,5.667701863354037,1530.75,High Value,10,0,0.00010945428810158298,0.005462942779408243,5.979425128598123e-07,3476.0
14323.0,2,605.0600000000001,2011-04-15 11:44:00,2011-08-17 11:37:00,123,302.53,5.9349593495934965,605.06,Medium Value,114,1,0.9126649180848844,0.002159338989455333,0.0019707529419287486,433.0
14326.0,1,183.85,2011-04-11 15:04:00,2011-04-11 15:04:00,1,183.85,365.0,183.85,Low Value,234,1,0.9999997494677874,0.0006561241417567895,0.0006561239773765565,1135.0
14327.0,1,311.65,2011-06-29 13:58:00,2011-06-29 13:58:00,1,311.65,365.0,311.65,Low Value,162,1,0.9993543951320665,0.001112216963712284,0.0011114989110263132,803.0
14329.0,7,5014.84,2011-01-14 13:42:00,2011-11-22 15:50:00,312,716.41,8.189102564102564,5014.87,High Value,8,0,6.929155976316061e-05,0.017897075195930763,1.240116255524616e-06,3069.0
14331.0,2,462.65999999999997,2011-07-27 15:14:00,2011-08-07 13:17:00,10,231.33,73.0,462.65999999999997,Medium Value,123,1,0.9669472553143034,0.0016511416667130607,0.0015965669027632782,545.0
14332.0,3,866.31,2011-07-15 10:33:00,2011-11-17 11:54:00,125,288.77,8.76,866.31,Medium Value,22,0,0.000484052708111681,0.003091688361410521,1.4965401239781282e-06,2983.0
14333.0,1,415.2,2011-10-03 10:38:00,2011-10-03 10:38:00,1,415.2,365.0,415.2,Medium Value,63,0,0.03163909862275077,0.001481766351141795,4.68817517196488e-05,1943.0
14334.0,8,2552.21,2010-12-16 17:37:00,2011-11-23 10:01:00,341,319.03,8.563049853372434,2552.24,High Value,16,0,0.00019081717103138163,0.009108437745756585,1.7380463231607265e-06,2907.0
14335.0,2,468.26,2011-09-04 13:07:00,2011-11-23 13:41:00,80,234.13,9.125,468.2599999999999,Medium Value,15,0,0.00024602058281291843,0.001671126954686071,4.1113162734624476e-07,3702.0
14336.0,4,1614.91,2011-03-08 16:48:00,2011-11-23 11:40:00,259,403.73,5.637065637065637,1614.92,High Value,16,0,0.0002137675418327189,0.005763328795245442,1.2320126293333435e-06,3073.0
14338.0,2,588.22,2011-05-27 13:30:00,2011-07-01 14:08:00,35,294.11,20.857142857142858,588.22,Medium Value,157,1,0.9991356400483633,0.0020992403734793512,0.002097425874171657,397.0
14339.0,1,309.52,2011-04-11 11:06:00,2011-04-11 11:06:00,1,309.52,365.0,309.52,Low Value,234,1,0.9999997338465809,0.0011046154166796925,0.0011046151226825225,814.0
14340.0,1,134.7,2011-05-05 09:44:00,2011-05-05 09:44:00,1,134.7,365.0,134.7,Low Value,218,1,0.9999986172672696,0.00048071755177938284,0.0004807168870754899,1325.0
14341.0,8,2182.28,2011-01-25 13:55:00,2011-10-25 15:48:00,273,272.79,10.695970695970695,2182.3199999999997,High Value,44,0,0.004208855311512448,0.007788266723082277,3.277968776492049e-05,2007.0
14342.0,4,668.5600000000001,2011-05-13 13:50:00,2011-11-18 13:21:00,188,167.14,7.76595744680851,668.56,Medium Value,20,0,0.0003869164791616219,0.0023859578798635797,9.231664223047443e-07,3230.0
14344.0,8,889.9300000000001,2010-12-06 11:58:00,2011-08-04 13:51:00,241,111.24,12.116182572614107,889.9199999999998,Medium Value,126,1,0.9709136086397082,0.0031759477630253032,0.003083570903450106,234.0
14345.0,1,108.97999999999999,2011-11-01 09:51:00,2011-11-01 09:51:00,1,108.98,365.0,108.98000000000002,Low Value,38,0,0.002522700388197112,0.0003889279791604837,9.811487640088706e-07,3195.0
14346.0,2,1021.58,2011-02-15 13:52:00,2011-08-11 09:47:00,176,510.79,4.1477272727272725,1021.58,Medium Value,120,1,0.9458937531251141,0.003645816158476481,0.0034485547293455045,204.0
14348.0,1,409.57,2011-03-24 16:23:00,2011-03-24 16:23:00,1,409.57,365.0,409.57,Medium Value,259,1,0.9999999813442481,0.0014616739991260715,0.001461673971857444,597.0
14349.0,1,133.5,2011-11-29 15:39:00,2011-11-29 15:39:00,1,133.5,365.0,133.5,Low Value,9,0,0.00010827307308636081,0.0004764349900708806,5.1585080500844044e-08,4292.0
14350.0,1,282.93,2011-03-10 14:14:00,2011-03-10 14:14:00,1,282.93,365.0,282.93,Low Value,270,1,0.9999999946637128,0.0010097209868221292,0.001009720981433968,894.0
14351.0,1,51.0,2011-06-28 11:56:00,2011-06-28 11:56:00,1,51.0,365.0,51.0,Low Value,164,1,0.9995412813617176,0.00018200887261134765,0.00018192538174914807,1658.0
14352.0,4,1078.96,2011-03-11 14:58:00,2011-07-05 15:41:00,116,269.74,12.586206896551724,1078.96,Medium Value,156,1,0.998951997610115,0.0038505939841713657,0.0038465585524734775,168.0
14353.0,1,90.6,2011-05-08 16:06:00,2011-05-08 16:06:00,1,90.6,365.0,90.6,Low Value,214,1,0.9999979128337624,0.0003233334089919234,0.0003233327341413487,1511.0
14354.0,2,163.62,2011-11-09 15:36:00,2011-12-04 11:32:00,24,81.81,30.416666666666664,163.61999999999998,Low Value,5,0,9.154559468972721e-05,0.0005839272889542882,5.345597092288049e-08,4289.0
14355.0,1,174.4,2010-12-09 12:16:00,2010-12-09 12:16:00,1,174.4,365.0,174.4,Low Value,365,1,0.9999999999998268,0.000622398968302334,0.0006223989683022262,1172.0
14356.0,2,701.23,2011-09-19 14:43:00,2011-09-21 09:18:00,1,350.62,730.0,701.24,Medium Value,59,0,0.015481824710426775,0.002502586310391793,3.874460258019943e-05,1978.0
14357.0,1,225.77,2011-10-27 16:23:00,2011-10-27 16:23:00,1,225.77,365.0,225.77,Low Value,42,0,0.003672734759025886,0.0008057282974404697,2.959226324340361e-06,2688.0
14359.0,3,912.18,2011-09-13 09:03:00,2011-11-20 13:17:00,68,304.06,16.10294117647059,912.1800000000001,Medium Value,18,0,0.00032206789128699234,0.0032553892827180218,1.0484563616032679e-06,3157.0
14360.0,4,2128.23,2011-09-06 11:58:00,2011-11-08 09:12:00,62,532.06,23.548387096774192,2128.24,High Value,31,0,0.0011473673830253335,0.0075952659420857735,8.714560407352398e-06,2329.0
14362.0,1,161.2,2011-11-17 15:08:00,2011-11-17 15:08:00,1,161.2,365.0,161.2,Low Value,21,0,0.0003914885086691007,0.0005752907895088086,2.25219733235873e-07,3994.0
14364.0,8,3717.35,2011-05-12 12:56:00,2011-08-23 11:01:00,102,464.67,28.627450980392158,3717.3600000000006,High Value,108,1,0.8131315271031714,0.013266519660598419,0.010787425390966639,25.0
14367.0,16,9261.52,2011-03-08 14:12:00,2011-12-01 13:19:00,267,578.84,21.872659176029963,9261.440000000002,High Value,7,0,5.457623136925246e-05,0.033052240257992936,1.8038667115923431e-06,2889.0
14368.0,1,155.0,2011-01-24 09:52:00,2011-01-24 09:52:00,1,155.0,365.0,155.0,Low Value,319,1,0.9999999999750515,0.0005531642206815468,0.0005531642206677462,1245.0
14371.0,1,100.5,2011-02-17 16:35:00,2011-02-17 16:35:00,1,100.5,365.0,100.5,Low Value,294,1,0.999999999636183,0.0003586645430870674,0.0003586645429565792,1479.0
14373.0,1,76.55,2010-12-16 15:40:00,2010-12-16 15:40:00,1,76.55,365.0,76.55,Low Value,357,1,0.9999999999996072,0.00027319174898820907,0.0002731917489881018,1555.0
14375.0,1,257.68,2011-06-07 13:44:00,2011-06-07 13:44:00,1,257.68,365.0,257.68,Low Value,184,1,0.9999418250382102,0.0009196087508723934,0.0009195552526684498,937.0
14377.0,2,617.05,2011-03-22 13:38:00,2011-06-01 13:32:00,70,308.52,10.428571428571429,617.04,Medium Value,190,1,0.9999751490189641,0.0022020932305118813,0.0022020385063347705,365.0
14379.0,2,348.1,2011-02-17 15:03:00,2011-10-26 16:43:00,251,174.05,2.908366533864542,348.1,Low Value,43,0,0.004671593075068688,0.0012422997756080414,5.803519028889912e-06,2458.0
14381.0,1,202.68,2011-10-18 17:10:00,2011-10-18 17:10:00,1,202.68,365.0,202.67999999999998,Low Value,51,0,0.009777560066567454,0.0007233246725660379,7.072350433644672e-06,2395.0
14382.0,1,626.0699999999999,2011-11-13 16:18:00,2011-11-13 16:18:00,1,626.07,365.0,626.07,Medium Value,25,0,0.0004825541625067103,0.002234319507368361,1.078180178650545e-06,3138.0
14383.0,3,1247.69,2011-06-29 10:18:00,2011-11-01 15:53:00,125,415.9,8.76,1247.6999999999998,High Value,37,0,0.0023049771638596595,0.004452793536415263,1.0263587416819076e-05,2288.0
14385.0,3,202.11,2011-11-16 11:55:00,2011-11-30 15:36:00,14,67.37,78.21428571428571,202.11,Low Value,8,0,0.00012046045992779108,0.0007212904557544995,8.688698004171306e-08,4238.0
14386.0,1,142.4,2011-02-16 09:45:00,2011-02-16 09:45:00,1,142.4,365.0,142.4,Low Value,296,1,0.9999999997010334,0.0005081973227422726,0.0005081973225903386,1293.0
14387.0,3,1770.56,2011-08-22 14:13:00,2011-11-07 12:29:00,76,590.19,14.407894736842104,1770.5700000000002,High Value,32,0,0.001270873275448974,0.006318812736852428,8.030410239832342e-06,2354.0
14388.0,8,3212.84,2010-12-02 11:02:00,2011-11-29 13:32:00,362,401.6,8.066298342541437,3212.8000000000006,High Value,8,0,7.608391747668921e-05,0.011465845214230153,8.723664210799789e-07,3277.0
14389.0,2,1043.46,2011-06-02 12:04:00,2011-10-05 15:17:00,125,521.73,5.84,1043.46,Medium Value,8,0,9.766010823942445e-05,0.003723901533628173,3.6367662684708607e-07,3775.0
14390.0,9,4652.82,2010-12-02 11:57:00,2011-11-29 13:49:00,362,516.98,9.074585635359115,4652.82,High Value,9,0,7.823414076634886e-05,0.016604990640461382,1.299077175189761e-06,3042.0
14393.0,1,67.95,2011-05-05 18:16:00,2011-05-05 18:16:00,1,67.95,365.0,67.95,Low Value,217,1,0.9999985079103578,0.0002425000567439426,0.0002424996949121197,1596.0
14395.0,9,3507.71,2010-12-02 18:15:00,2011-12-07 14:34:00,369,389.75,8.902439024390244,3507.75,High Value,1,0,3.4827648922299885e-05,0.012518463194165778,4.3598864117313853e-07,3662.0
14396.0,2,487.99,2010-12-03 15:19:00,2011-10-05 16:09:00,306,244.0,2.3856209150326797,488.0,Medium Value,64,0,0.04072960146125967,0.0017415750947909342,7.093365952569028e-05,1847.0
14397.0,19,2612.96,2011-05-10 12:25:00,2011-12-07 09:22:00,210,137.52,33.023809523809526,2612.8800000000006,High Value,0,0,3.032270690321365e-05,0.009324849864092905,2.8275468934536077e-07,3897.0
14400.0,1,574.7,2011-07-13 15:50:00,2011-07-13 15:50:00,1,574.7,365.0,574.7,Medium Value,140,1,0.9921294519850163,0.0020509901782302256,0.002034847761554205,418.0
14401.0,13,4051.48,2010-12-15 09:07:00,2011-12-05 13:30:00,355,311.65,13.366197183098592,4051.45,High Value,3,0,4.103049249961432e-05,0.014458820528259694,5.932525272380289e-07,3481.0
14403.0,4,1475.81,2011-04-06 14:23:00,2011-08-01 12:57:00,116,368.95,12.586206896551724,1475.8,High Value,129,1,0.9799547039686383,0.005266837141173075,0.005161261831529289,107.0
14404.0,6,1474.32,2010-12-05 16:00:00,2011-11-06 12:30:00,335,245.72,6.537313432835822,1474.3200000000002,High Value,33,0,0.0013121017989359404,0.005261555315065923,6.903696194098956e-06,2402.0
14406.0,1,156.75,2011-08-12 16:54:00,2011-08-12 16:54:00,1,156.75,365.0,156.75,Low Value,118,1,0.9344130863401959,0.0005594096231731126,0.0005227196725175941,1276.0
14407.0,6,2157.73,2011-03-08 11:59:00,2011-08-24 14:02:00,169,359.62,12.958579881656805,2157.72,High Value,106,1,0.7891751863593623,0.00770047420805798,0.00607702316819962,70.0
14408.0,7,2606.53,2011-03-20 14:41:00,2011-11-29 11:41:00,253,372.36,10.098814229249012,2606.52,High Value,10,0,0.00010553183670949442,0.00930215228703784,9.816732162025274e-07,3193.0
14409.0,6,2059.4500000000003,2010-12-06 15:03:00,2011-09-29 18:18:00,297,343.24,7.373737373737375,2059.44,High Value,70,0,0.06589417127789655,0.007349732404131643,0.00048430452588455695,1320.0
14410.0,9,1105.07,2011-02-07 09:36:00,2011-09-08 15:08:00,213,122.79,15.422535211267606,1105.1100000000001,Medium Value,15,0,0.0001993561268039056,0.0039439181414024785,7.862442451016562e-07,3326.0
14411.0,1,1063.0,2011-02-02 10:56:00,2011-02-02 10:56:00,1,1063.0,365.0,1063.0,Medium Value,310,1,0.9999999998976887,0.003793635913448285,0.003793635913060153,171.0
14412.0,2,770.03,2011-09-28 08:48:00,2011-10-28 10:45:00,30,385.02,24.333333333333332,770.04,Medium Value,34,0,0.0018247678568769365,0.002748119848345924,5.0146807661071636e-06,2502.0
14413.0,1,122.7,2010-12-12 13:37:00,2010-12-12 13:37:00,1,122.7,365.0,122.7,Low Value,361,1,0.9999999999997395,0.00043789193469435993,0.00043789193469424587,1370.0
14414.0,7,1496.98,2010-12-16 11:11:00,2011-09-09 12:09:00,267,213.85,9.56928838951311,1496.9500000000003,High Value,91,1,0.4203026995606397,0.005342317291285429,0.00224539037943675,350.0
14415.0,13,5900.28,2010-12-14 13:31:00,2011-12-08 14:38:00,359,453.87,13.217270194986073,5900.3099999999995,High Value,0,0,2.7620141558151004e-05,0.021057034728577655,5.815982799982167e-07,3491.0
14416.0,2,490.22,2011-10-28 15:10:00,2011-11-17 15:22:00,20,245.11,36.5,490.22,Medium Value,21,0,0.00047693499285387695,0.0017494978339516636,8.343967369336099e-07,3298.0
14418.0,3,1937.25,2011-08-23 17:18:00,2011-12-06 11:39:00,104,645.75,10.528846153846155,1937.25,High Value,3,0,5.282785015237847e-05,0.006913660558163396,3.652338239710652e-07,3772.0
14419.0,6,1058.06,2010-12-10 10:56:00,2011-11-29 11:22:00,354,176.34,6.186440677966102,1058.0400000000002,Medium Value,10,0,0.00011124401406146302,0.0037759346583864763,4.2005012823271076e-07,3691.0
14420.0,1,387.52,2011-09-01 18:07:00,2011-09-01 18:07:00,1,387.52,365.0,387.52,Low Value,84,0,0.24327869546004502,0.0013829819277323418,0.0003364500392235424,1499.0
14421.0,2,813.11,2011-05-12 10:49:00,2011-10-13 13:24:00,154,406.56,4.740259740259741,813.12,Medium Value,56,0,0.017956398609232725,0.002901863813681157,5.2107023348167096e-05,1919.0
14422.0,6,4263.64,2011-03-17 17:26:00,2011-12-09 11:26:00,266,710.61,8.233082706766917,4263.66,High Value,0,0,3.089349725320074e-05,0.015216155878394087,4.7008026983344194e-07,3630.0
14423.0,1,265.2,2011-05-05 15:12:00,2011-05-05 15:12:00,1,265.2,365.0,265.2,Low Value,217,1,0.9999983593138193,0.0009464461375790077,0.000946444584757909,924.0
14424.0,1,322.08,2011-11-22 11:48:00,2011-11-22 11:48:00,1,322.08,365.0,322.08,Low Value,17,0,0.00023502899007097947,0.0011494395625620166,2.701516195365792e-07,3920.0
14426.0,10,4481.67,2011-01-31 09:51:00,2011-11-16 12:25:00,289,448.17,12.62975778546713,4481.700000000001,High Value,18,0,0.00021913662067861572,0.015994297340828956,3.5049362693982273e-06,2630.0
14427.0,2,363.34000000000003,2011-10-07 09:10:00,2011-10-20 14:23:00,13,181.67,56.15384615384616,363.34000000000003,Low Value,49,0,0.009971656920468109,0.0012966883093060207,1.2930130953181473e-05,2228.0
14428.0,5,1244.83,2011-01-18 16:39:00,2011-12-02 13:17:00,317,248.97,5.757097791798107,1244.85,High Value,6,0,7.321704972543312e-05,0.00444262245235757,3.2527570900558985e-07,3845.0
14431.0,1,470.36,2011-02-10 10:40:00,2011-02-10 10:40:00,1,470.36,365.0,470.35999999999996,Medium Value,298,1,0.99999999971806,0.0016786214376759503,0.0016786214372026798,516.0
14432.0,6,2255.51,2011-09-11 14:09:00,2011-11-30 08:04:00,79,375.92,27.721518987341774,2255.52,High Value,9,0,0.00010744664855677049,0.008049502987300918,8.64892118533196e-07,3282.0
14434.0,6,1372.8,2011-09-28 15:31:00,2011-11-18 08:56:00,50,228.8,43.8,1372.8,High Value,21,0,0.0004252724103456742,0.004899250594526628,2.0835161092218167e-06,2827.0
14436.0,1,89.06,2011-09-02 10:13:00,2011-09-02 10:13:00,1,89.06,365.0,89.06,Low Value,98,1,0.6281441548607437,0.0003178374547993455,0.0001996477394280247,1643.0
14437.0,1,63.0,2010-12-09 09:27:00,2010-12-09 09:27:00,1,63.0,365.0,63.0,Low Value,142,1,0.9950307008054875,0.00022483448969637062,0.00022371721984782382,1608.0
14438.0,1,131.9,2011-02-06 14:56:00,2011-02-06 14:56:00,1,131.9,365.0,131.9,Low Value,305,1,0.9999999998877092,0.00047072490779287755,0.00047072490774001944,1337.0
14439.0,1,2661.24,2011-01-24 11:39:00,2011-01-24 11:39:00,1,2661.24,365.0,2661.24,High Value,319,1,0.999999999916648,0.009497437100945545,0.009497437100153914,34.0
14440.0,5,2357.6800000000003,2010-12-09 12:49:00,2011-12-01 15:42:00,357,471.54,5.112044817927171,2357.7000000000007,High Value,7,0,7.136475402936483e-05,0.008414163116779892,6.004746811919508e-07,3474.0
14441.0,4,1712.89,2011-03-29 12:01:00,2011-12-09 09:07:00,254,428.22,5.748031496062992,1712.8799999999999,High Value,0,0,3.751381796355492e-05,0.006112928582716179,2.2931929007622652e-07,3987.0
14442.0,2,1589.82,2011-01-27 09:33:00,2011-05-19 11:36:00,112,794.91,6.517857142857142,1589.8199999999997,High Value,1,0,4.0474326418670074e-05,0.005673751879509268,2.2964128558980094e-07,3986.0
14443.0,4,1420.2,2010-12-06 11:03:00,2011-10-17 10:10:00,314,355.05,4.649681528662421,1420.2000000000003,High Value,53,0,0.011445124708096163,0.00506841178201247,5.800860491711662e-05,1892.0
14446.0,4,1039.58,2011-04-07 12:10:00,2011-12-09 11:34:00,245,259.9,5.959183673469388,1039.6,Medium Value,0,0,4.0922555709415264e-05,0.00371012596013249,1.518278362924696e-07,4142.0
14447.0,5,1163.23,2011-03-04 10:49:00,2011-11-21 08:28:00,261,232.65,6.992337164750957,1163.25,Medium Value,18,0,0.0002806634336746981,0.004151408256179414,1.165148495764805e-06,3101.0
14448.0,2,375.35,2010-12-10 17:26:00,2011-11-30 13:50:00,354,187.68,2.062146892655367,375.35999999999996,Low Value,8,0,9.841825876576732e-05,0.0013395853024195184,1.3183965293234283e-07,4169.0
14449.0,4,907.1,2010-12-02 14:09:00,2011-11-21 12:06:00,353,226.78,4.135977337110482,907.1200000000001,Medium Value,18,0,0.00027140720919494765,0.003237331147513837,8.786350119866079e-07,3271.0
14450.0,3,483.25,2011-01-23 11:53:00,2011-06-12 10:46:00,139,161.08,7.8776978417266195,483.2400000000001,Medium Value,180,1,0.9999267965829134,0.0017245876000138757,0.0017244613543084895,503.0
14451.0,2,662.59,2011-05-29 12:35:00,2011-10-10 13:38:00,134,331.3,5.447761194029851,662.6,Medium Value,59,0,0.025889506866059234,0.002364687823378019,6.122060163943189e-05,1879.0
14452.0,2,264.44,2011-09-07 11:32:00,2011-11-29 12:06:00,83,132.22,8.795180722891567,264.44,Low Value,10,0,0.00015014112976041724,0.0009437338484969563,1.4169326620647946e-07,4153.0
14453.0,1,119.93,2011-06-02 14:15:00,2011-06-02 14:15:00,1,119.93,365.0,119.93,Low Value,189,1,0.9999683110713682,0.0004280063547505671,0.0004279927916877375,1381.0
14456.0,9,3062.4,2011-07-20 13:06:00,2011-12-04 13:59:00,137,340.27,23.978102189781023,3062.43,High Value,4,0,5.708675673652141e-05,0.010929204544140574,6.239128411350373e-07,3456.0
14457.0,1,113.64,2011-02-02 09:39:00,2011-02-02 09:39:00,1,113.64,365.0,113.64,Low Value,310,1,0.999999999935214,0.0004055585937951676,0.0004055585937688931,1406.0
14459.0,1,1837.92,2011-07-07 13:35:00,2011-07-07 13:35:00,1,1837.92,365.0,1837.92,High Value,154,1,0.9968087128274429,0.006559171512742119,0.006538239312830903,64.0
14460.0,3,434.34,2011-02-02 11:55:00,2011-08-21 14:19:00,200,144.78,5.475,434.3399999999999,Medium Value,109,1,0.8587799927711738,0.0015500732103924063,0.001331171860415581,653.0
14461.0,3,2103.06,2011-03-23 12:15:00,2011-07-14 17:11:00,113,701.02,9.690265486725664,2103.06,High Value,147,1,0.9966868012130848,0.007505403522235701,0.0074805366283905205,48.0
14462.0,11,2004.02,2011-01-04 12:45:00,2011-10-04 15:55:00,273,182.18,14.706959706959708,2003.9800000000002,High Value,63,0,0.03102451248229794,0.0071518066771703625,0.00022188131552685364,1612.0
14463.0,3,529.62,2011-05-18 14:42:00,2011-09-02 15:20:00,107,176.54,10.233644859813085,529.62,Medium Value,97,1,0.6342396476856215,0.001890108610047489,0.001198781818924079,729.0
14465.0,3,1058.6200000000001,2011-02-10 12:13:00,2011-04-07 12:38:00,56,352.87,19.553571428571427,1058.61,Medium Value,246,1,0.9999999395086966,0.003777968875198014,0.0037779686466637525,174.0
14466.0,7,2272.4,2010-12-02 13:36:00,2011-11-10 14:07:00,343,324.63,7.448979591836734,2272.41,High Value,28,0,0.0007137803762347933,0.008109780043348088,5.7886018505224166e-06,2459.0
14467.0,4,598.76,2011-01-31 12:35:00,2011-11-22 12:48:00,295,149.69,4.9491525423728815,598.76,Medium Value,17,0,0.0002627945402701485,0.002136855540485696,5.615539693856582e-07,3509.0
14470.0,2,461.19,2011-02-25 11:56:00,2011-11-28 10:31:00,275,230.6,2.6545454545454548,461.2,Medium Value,11,0,0.00014070245536102908,0.001645931216634383,2.3158656353582356e-07,3982.0
14472.0,8,1936.84,2010-12-19 14:03:00,2011-08-28 11:01:00,251,242.1,11.633466135458168,1936.8,High Value,103,1,0.7209098260631233,0.0069120545975227075,0.0049829680776389065,115.0
14473.0,2,234.34000000000003,2011-03-02 13:56:00,2011-09-26 15:10:00,208,117.17,3.509615384615385,234.34000000000006,Low Value,73,0,0.11323847374821583,0.0008363129256420238,9.470279927560789e-05,1797.0
14474.0,1,547.66,2011-10-24 13:26:00,2011-10-24 13:26:00,1,547.66,365.0,547.66,Medium Value,42,0,0.003147275036711104,0.001954489787731973,6.151316918435624e-06,2438.0
14475.0,3,925.85,2011-02-08 10:12:00,2011-09-29 10:46:00,233,308.62,4.6995708154506435,925.8599999999999,Medium Value,71,0,0.08250748855667116,0.0033042104861949473,0.00027262210887856245,1557.0
14476.0,1,215.7,2011-03-27 15:39:00,2011-03-27 15:39:00,1,215.7,365.0,215.7,Low Value,256,1,0.9999999764865414,0.0007697904671032879,0.0007697904490028516,1034.0
14477.0,4,1309.6,2011-02-15 15:44:00,2011-11-20 11:11:00,277,327.4,5.270758122743683,1309.6,High Value,19,0,0.00030317029112160644,0.004673702344545507,1.4169277004115958e-06,3002.0
14479.0,2,316.25,2010-12-09 12:59:00,2011-03-31 09:07:00,111,158.12,6.576576576576577,316.24,Low Value,253,1,0.9999999741132992,0.0011285977622473055,0.0011285977330316329,786.0
14480.0,1,279.05,2011-11-28 16:35:00,2011-11-28 16:35:00,1,279.05,365.0,279.05,Low Value,10,0,0.00011248742832692645,0.000995874037297972,1.120233093932025e-07,4201.0
14481.0,2,636.51,2011-02-25 13:53:00,2011-06-28 10:38:00,122,318.26,5.983606557377049,636.5200000000001,Medium Value,164,1,0.9995702311510317,0.002271613482246569,0.0022706372135350033,341.0
14482.0,6,2068.15,2011-04-14 16:41:00,2011-11-21 13:14:00,220,344.69,9.954545454545453,2068.1399999999994,High Value,17,0,0.00023901426065626902,0.007380780976518282,1.7641119081683723e-06,2900.0
14483.0,1,137.1,2011-03-03 10:26:00,2011-03-03 10:26:00,1,137.1,365.0,137.1,Low Value,149,1,0.9975799174976016,0.0004892826751963875,0.000488098570755418,1312.0
14484.0,1,321.92,2011-10-20 14:11:00,2011-10-20 14:11:00,1,321.92,365.0,321.92,Low Value,49,0,0.007452568134656978,0.0011488685543342163,8.562021178940609e-06,2334.0
14485.0,1,165.75,2011-11-01 12:25:00,2011-11-01 12:25:00,1,165.75,365.0,165.75,Low Value,38,0,0.0024548712273766617,0.0005915288359868798,1.4521271196277997e-06,2991.0
14487.0,6,1196.33,2010-12-06 13:22:00,2011-11-13 12:17:00,341,199.39,6.422287390029326,1196.34,Medium Value,26,0,0.0006268287200466805,0.004269499895291365,2.676245154604923e-06,2724.0
14488.0,1,1064.28,2011-10-03 09:30:00,2011-10-03 09:30:00,1,1064.28,365.0,1064.28,Medium Value,50,0,0.00581909932210546,0.0037982039792706875,2.2102126200992317e-05,2093.0
14489.0,1,463.38,2011-05-16 14:51:00,2011-05-16 14:51:00,1,463.38,365.0,463.38000000000005,Medium Value,206,1,0.9999940632185575,0.0016537112037381624,0.001653701386016177,522.0
14491.0,2,340.93,2010-12-02 12:10:00,2011-06-17 15:22:00,197,170.46,3.7055837563451774,340.91999999999996,Low Value,174,1,0.9998575170569377,0.0012166757813855025,0.0012165024258394181,720.0
14493.0,5,2383.2400000000002,2011-07-07 16:59:00,2011-12-02 16:14:00,147,476.65,12.41496598639456,2383.2500000000005,High Value,6,0,7.32761804814206e-05,0.008505345993156752,6.232392680514818e-07,3457.0
14494.0,1,139.56,2011-11-14 09:21:00,2011-11-14 09:21:00,1,139.56,365.0,139.56,Low Value,25,0,0.000609796224703613,0.0004980619266988172,3.037162825695464e-07,3874.0
14495.0,2,123.8,2011-08-10 14:13:00,2011-10-20 12:28:00,70,61.9,10.428571428571429,123.8,Low Value,50,0,0.011742581181554678,0.00044181761626048703,5.188079226379741e-06,2485.0
14496.0,2,538.8100000000001,2010-12-01 15:35:00,2011-02-01 09:01:00,61,269.41,11.967213114754099,538.82,Medium Value,311,1,0.9999999999502325,0.0019229415831460068,0.0019229415830503067,440.0
14497.0,1,475.37,2011-02-03 17:01:00,2011-02-03 17:01:00,1,475.37,365.0,475.36999999999995,Medium Value,300,1,0.9999999997723932,0.0016965011328089474,0.0016965011324228123,511.0
14498.0,5,1957.32,2010-12-13 11:29:00,2011-10-28 12:09:00,319,391.46,5.721003134796238,1957.2999999999997,High Value,42,0,0.0033508698484323385,0.006985215026709621,2.340654641781776e-05,2082.0
14499.0,3,815.32,2011-03-06 11:55:00,2011-11-13 13:01:00,252,271.77,4.345238095238095,815.31,Medium Value,25,0,0.0006214349838037571,0.002909679488799173,1.8081766259960385e-06,2887.0
14500.0,3,356.85,2011-06-03 10:08:00,2011-09-12 16:45:00,101,118.95,10.841584158415841,356.84999999999997,Low Value,87,0,0.3773812721805792,0.0012735267880658707,0.00048060515943634515,1326.0
14501.0,2,251.21,2011-01-24 10:43:00,2011-06-09 12:02:00,136,125.6,5.367647058823529,251.2,Low Value,63,0,0.043230825001896206,0.0008964829176464809,3.8755696129964346e-05,1977.0
14502.0,11,2470.67,2011-01-30 15:52:00,2011-11-20 11:50:00,293,224.61,13.70307167235495,2470.7100000000005,High Value,19,0,0.00026450799793067276,0.008817473365678095,2.3322922267625436e-06,2783.0
14503.0,6,3543.26,2011-06-14 10:00:00,2011-12-06 13:30:00,175,590.54,12.514285714285714,3543.24,High Value,2,0,4.309042183112905e-05,0.012645119956694734,5.448835530392044e-07,3532.0
14504.0,4,673.26,2011-03-06 14:38:00,2011-10-23 16:00:00,231,168.32,6.32034632034632,673.28,Medium Value,46,0,0.006235208808231803,0.002402802622583689,1.4981976076776295e-05,2188.0
14505.0,8,5905.64,2010-12-12 16:14:00,2011-11-22 15:45:00,344,738.2,8.488372093023255,5905.6,High Value,16,0,0.00015565142087478148,0.021075913688109307,3.28049591178847e-06,2657.0
14506.0,5,2012.17,2010-12-05 14:25:00,2011-11-22 13:02:00,351,402.43,5.1994301994302,2012.1500000000003,High Value,16,0,0.00019620265311384914,0.007180963784802416,1.4089241464927016e-06,3003.0
14507.0,6,1383.18,2011-03-08 17:23:00,2011-11-16 12:21:00,252,230.53,8.69047619047619,1383.1799999999998,High Value,23,0,0.00047339094309012495,0.0049362947533051725,2.336797228637971e-06,2781.0
14508.0,2,276.42,2011-09-11 11:29:00,2011-11-17 19:48:00,67,138.21,10.895522388059701,276.42,Low Value,21,0,0.0004967936489665906,0.0009864880895535044,4.900810176713662e-07,3598.0
14511.0,5,1314.81,2011-07-29 12:13:00,2011-11-28 17:05:00,122,262.96,14.959016393442623,1314.7999999999997,High Value,10,0,0.00012709409856488318,0.004692260111949016,5.963585691601181e-07,3478.0
14512.0,2,275.28,2011-04-21 19:05:00,2011-06-05 12:39:00,44,137.64,16.59090909090909,275.28,Low Value,187,1,0.9999687257480022,0.000982419655930427,0.0009823889314905397,905.0
14513.0,3,455.59000000000003,2011-02-24 09:36:00,2011-08-31 11:25:00,188,151.86,5.824468085106383,455.58000000000004,Medium Value,100,1,0.6975151253021261,0.0016258745526328974,0.0011340720923052737,779.0
14514.0,3,1055.35,2011-01-12 15:22:00,2011-10-09 16:05:00,270,351.78,4.055555555555555,1055.34,Medium Value,60,0,0.025458924658395134,0.003766298894542345,9.588591979715044e-05,1791.0
14515.0,6,2102.09,2011-05-05 12:13:00,2011-11-22 11:37:00,200,350.35,10.95,2102.1,High Value,17,0,0.00024143643138571855,0.007501977472868899,1.8112506693855184e-06,2886.0
14517.0,2,330.45,2011-07-21 11:42:00,2011-11-06 14:20:00,108,165.22,6.759259259259259,330.43999999999994,Low Value,32,0,0.0015722515502053606,0.0011792747424645823,1.854116541957967e-06,2874.0
14518.0,1,174.37,2011-10-06 14:43:00,2011-10-06 14:43:00,1,174.37,365.0,174.37,Low Value,63,0,0.0353898537770548,0.0006222919042596214,2.2022819498392987e-05,2094.0
14520.0,2,270.6,2011-02-22 09:15:00,2011-12-08 09:46:00,289,135.3,2.5259515570934257,270.6,Low Value,1,0,4.943880043014043e-05,0.0009657176652672682,4.774392292500963e-08,4301.0
14522.0,4,974.54,2011-05-25 16:01:00,2011-11-15 13:24:00,173,243.64,8.439306358381502,974.56,Medium Value,23,0,0.0005209490707498676,0.0034780111155316654,1.8118666586939315e-06,2885.0
14523.0,1,241.09,2011-08-23 13:13:00,2011-08-23 13:13:00,1,241.09,365.0,241.09,Low Value,107,1,0.8061643730686114,0.0008604023352523491,0.0006936257091854792,1101.0
14524.0,9,1867.68,2010-12-14 11:01:00,2011-11-08 12:29:00,329,207.52,9.984802431610943,1867.6800000000003,High Value,31,0,0.0010030672263039108,0.006665379043112977,6.685823269039549e-06,2415.0
14525.0,9,4332.2,2010-12-13 17:40:00,2011-11-20 11:37:00,341,481.36,9.633431085043988,4332.24,High Value,8,0,7.241910066017944e-05,0.015460904280034993,1.1196647833532533e-06,3115.0
14527.0,55,8508.82,2010-12-05 13:17:00,2011-12-07 12:19:00,366,154.71,54.849726775956285,8509.05,High Value,2,0,1.3896378898005633e-05,0.030367109754776224,4.2199286318969334e-07,3689.0
14528.0,1,364.21999999999997,2011-11-02 17:09:00,2011-11-02 17:09:00,1,364.22,365.0,364.22,Low Value,36,0,0.00179808522291095,0.0012998288545589224,2.3372030556956648e-06,2780.0
14529.0,3,620.04,2011-08-21 14:10:00,2011-10-10 15:27:00,50,206.68,21.9,620.04,Medium Value,59,0,0.02797231528309598,0.0022127996347831367,6.189712904247353e-05,1876.0
14530.0,6,2925.91,2011-02-16 10:47:00,2011-11-14 10:38:00,270,487.65,8.11111111111111,2925.899999999999,High Value,25,0,0.0005132798685166434,0.010441956085755724,5.359645846753263e-06,2475.0
14532.0,4,932.85,2010-12-22 13:48:00,2011-04-17 13:05:00,115,233.21,12.695652173913043,932.8399999999999,Medium Value,235,1,0.9999998008454115,0.0033291207201327356,0.0033291200571230685,210.0
14533.0,7,1949.72,2010-12-22 11:07:00,2011-11-15 12:05:00,328,278.53,7.789634146341464,1949.7099999999998,High Value,24,0,0.0004781738211474491,0.006958127823903345,3.327194569588247e-06,2651.0
14534.0,18,4447.05,2011-01-25 12:33:00,2011-12-07 12:19:00,315,247.06,20.857142857142858,4447.08,High Value,2,0,3.4405223065140374e-05,0.015870745435538663,5.460365369197661e-07,3530.0
14535.0,3,2864.19,2011-04-05 12:50:00,2011-10-10 15:39:00,188,954.73,5.824468085106383,2864.19,High Value,58,0,0.01634852462621644,0.010221725349895997,0.00016711012860519555,1670.0
14536.0,1,171.8,2011-03-25 12:21:00,2011-03-25 12:21:00,1,171.8,365.0,171.8,Low Value,259,1,0.9999999833615716,0.0006131200846005789,0.0006131200743992243,1182.0
14537.0,1,355.56,2011-10-13 10:54:00,2011-10-13 10:54:00,1,355.56,365.0,355.56,Low Value,57,0,0.017259815404483514,0.0012689230342292307,2.1901377333293638e-05,2097.0
14538.0,2,388.25,2011-03-28 14:57:00,2011-10-06 10:31:00,191,194.12,3.821989528795812,388.2400000000001,Low Value,64,0,0.04487471738184331,0.0013855514647574437,6.217623039898931e-05,1874.0
14539.0,2,537.48,2011-10-26 12:03:00,2011-11-24 09:50:00,28,268.74,26.07142857142857,537.48,Medium Value,15,0,0.00024716293125923204,0.001918159389238179,4.740978972665266e-07,3626.0
14540.0,3,996.26,2011-02-03 15:02:00,2011-11-30 10:15:00,299,332.09,3.6622073578595318,996.27,Medium Value,9,0,0.00010355905475859088,0.00355548979444132,3.6820316231615966e-07,3766.0
14541.0,8,1461.65,2011-01-24 14:16:00,2011-10-12 10:08:00,260,182.71,11.230769230769232,1461.6800000000003,High Value,58,0,0.01985645406281291,0.005216445665069699,0.00010358011371961602,1778.0
14542.0,1,103.25,2011-06-07 08:19:00,2011-06-07 08:19:00,1,103.25,365.0,103.25,Low Value,185,1,0.9999515324679289,0.0003684787470023852,0.0003684608877468973,1460.0
14543.0,16,3630.33,2010-12-10 11:51:00,2011-11-11 12:45:00,336,226.9,17.38095238095238,3630.4,High Value,3,0,4.0154028032561395e-05,0.012956176688788951,5.202426819564501e-07,3564.0
14544.0,2,2024.45,2010-12-13 12:50:00,2011-11-15 15:06:00,337,1012.22,2.166172106824926,2024.4399999999998,High Value,23,0,0.00033943557158978003,0.0072248243543003255,2.4523623843376946e-06,2759.0
14546.0,5,2578.09,2011-04-05 12:37:00,2011-12-04 13:00:00,243,515.62,7.510288065843621,2578.1,High Value,3,0,4.888128479478424e-05,0.009200726950574811,4.497433543900941e-07,3650.0
14547.0,8,4007.54,2011-10-16 14:35:00,2011-12-06 11:06:00,50,500.94,58.4,4007.52,High Value,3,0,5.0076148344606455e-05,0.014302043081714273,7.161912309908764e-07,3381.0
14548.0,2,652.8,2011-01-26 08:38:00,2011-07-12 12:19:00,167,326.4,4.371257485029941,652.8,Medium Value,150,1,0.9979810725817452,0.0023297135694252498,0.002325010046823257,329.0
14549.0,1,289.24,2011-02-01 13:47:00,2011-02-01 13:47:00,1,289.24,365.0,289.24,Low Value,310,1,0.9999999999295006,0.0010322401238060039,0.0010322401237332316,884.0
14550.0,2,765.62,2011-10-26 12:14:00,2011-11-29 12:12:00,33,382.81,22.12121212121212,765.62,Medium Value,10,0,0.00013617438843646545,0.002732345746052941,3.7207551096573715e-07,3759.0
14551.0,2,186.23,2011-05-19 18:21:00,2011-11-21 13:36:00,185,93.12,3.945945945945946,186.24,Low Value,17,0,0.0003056437605301145,0.0006646535771595566,2.031472187728395e-07,4030.0
14552.0,1,165.07,2011-07-11 12:49:00,2011-07-11 12:49:00,1,165.07,365.0,165.07,Low Value,151,1,0.9980237074997679,0.0005891020510187285,0.0005879378130534288,1201.0
14553.0,5,859.27,2011-01-04 15:40:00,2011-11-20 13:20:00,319,171.85,5.721003134796238,859.2499999999999,Medium Value,18,0,0.0002780838143879678,0.003066492623358832,8.5274196549619e-07,3288.0
14554.0,4,2381.04,2011-10-18 13:04:00,2011-11-29 16:44:00,42,595.26,34.76190476190476,2381.04,High Value,9,0,0.00010341681686272828,0.008497458942010259,8.787801552044278e-07,3269.0
14555.0,2,324.14,2011-02-10 17:19:00,2011-10-13 16:24:00,244,162.07,2.9918032786885247,324.14,Low Value,56,0,0.019003540737250687,0.0011567912934949455,2.198313047042811e-05,2096.0
14557.0,1,788.38,2011-09-15 15:48:00,2011-09-15 15:48:00,1,788.38,365.0,788.38,Medium Value,63,0,0.02657566752579331,0.0028135716664575345,7.477254516776767e-05,1838.0
14560.0,22,2237.77,2010-12-17 09:22:00,2011-12-02 15:22:00,350,101.72,22.942857142857143,2237.84,High Value,6,0,5.0376099276766956e-05,0.007986406578128985,4.0232401064445047e-07,3718.0
14561.0,3,1080.76,2011-06-08 13:26:00,2011-09-25 12:39:00,108,360.25,10.138888888888888,1080.7499999999998,Medium Value,75,0,0.12787061322155494,0.0038569821387198808,0.0004931946712626956,1304.0
14562.0,18,5074.77,2011-02-08 14:45:00,2011-12-06 11:05:00,300,281.93,21.9,5074.74,High Value,3,0,3.805467419851478e-05,0.01811073933717079,6.891982849702599e-07,3403.0
14565.0,4,3099.12,2010-12-13 13:25:00,2011-09-05 09:07:00,265,774.78,5.509433962264151,3099.1200000000003,High Value,95,1,0.4795637975377872,0.011060143868378034,0.005304044594833642,103.0
14566.0,1,1432.0,2011-08-21 11:05:00,2011-08-21 11:05:00,1,1432.0,365.0,1432.0,High Value,110,1,0.7643749565092043,0.005110523638812742,0.00390635628415675,162.0
14567.0,2,1530.3600000000001,2011-08-01 13:48:00,2011-10-14 10:21:00,73,765.18,10.0,1530.3599999999997,High Value,34,0,0.0014940235916055227,0.005461550946852979,8.159685961353831e-06,2348.0
14569.0,1,227.39,2011-12-08 14:58:00,2011-12-08 14:58:00,1,227.39,365.0,227.39,Low Value,0,0,3.906980074280081e-05,0.0008115097557469477,3.17055244578722e-08,4320.0
14570.0,2,218.06,2011-03-04 10:39:00,2011-03-04 10:58:00,1,109.03,730.0,218.05999999999997,Low Value,280,1,0.9999999976887524,0.0007782128384633424,0.0007782128366646998,1025.0
14572.0,7,2832.84,2011-01-19 17:23:00,2011-12-06 14:40:00,320,404.69,7.984374999999999,2832.8299999999995,High Value,2,0,4.1831066278922624e-05,0.010109807737247133,4.229040375239496e-07,3686.0
14573.0,9,1653.42,2010-12-02 19:59:00,2011-06-13 11:15:00,192,183.71,17.109375,1653.3900000000003,High Value,179,1,0.9999004959905136,0.005900620586017179,0.005900033450610412,82.0
14576.0,1,35.400000000000006,2010-12-02 17:51:00,2010-12-02 17:51:00,1,35.4,365.0,35.4,Low Value,371,1,0.9999999999999154,0.00012633557040081777,0.0001263355704008071,1739.0
14577.0,4,859.71,2010-12-12 11:26:00,2011-11-27 12:47:00,350,214.93,4.171428571428572,859.7200000000001,Medium Value,12,0,0.0001428809101156761,0.0030681699600279963,4.383829162783776e-07,3658.0
14578.0,1,168.63,2011-12-06 17:18:00,2011-12-06 17:18:00,1,168.63,365.0,168.63,Low Value,2,0,4.990425226093984e-05,0.0006018069840872854,3.00327275462873e-08,4323.0
14581.0,1,138.6,2011-11-23 12:39:00,2011-11-23 12:39:00,1,138.6,365.0,138.6,Low Value,16,0,0.0002303915283695867,0.0004946358773320153,1.1395991576495441e-07,4197.0
14582.0,1,114.11,2011-10-30 11:56:00,2011-10-30 11:56:00,1,114.11,365.0,114.11,Low Value,40,0,0.003122846179558885,0.00040723593046433095,1.2717351696296437e-06,3049.0
14583.0,5,1052.55,2011-05-18 11:28:00,2011-12-04 12:32:00,200,210.51,9.125,1052.55,Medium Value,5,0,7.229015000094755e-05,0.0037563419385700774,2.71546522194081e-07,3916.0
14584.0,4,1042.26,2011-05-25 17:31:00,2011-06-23 18:33:00,29,260.56,50.3448275862069,1042.24,Medium Value,168,1,0.9997229144109884,0.0037195475958911955,0.003718516962854731,180.0
14585.0,1,157.05,2011-10-20 14:33:00,2011-10-20 14:33:00,1,157.05,365.0,157.05,Low Value,49,0,0.008063082411507596,0.0005604802636002382,4.519198555432222e-06,2539.0
14586.0,1,237.36,2011-03-08 10:04:00,2011-03-08 10:04:00,1,237.36,365.0,237.36,Low Value,226,1,0.9999993888850505,0.0008470907059417545,0.0008470901882719605,981.0
14587.0,9,1601.14,2011-01-12 13:16:00,2011-11-21 11:34:00,312,177.9,10.528846153846155,1601.1,High Value,18,0,0.0002520956023662981,0.00571400795956919,1.4404762784934167e-06,2996.0
14589.0,1,39.75,2010-12-03 11:42:00,2010-12-03 11:42:00,1,39.75,365.0,39.75,Low Value,371,1,0.9999999999999152,0.0001418598565941386,0.00014185985659412656,1717.0
14591.0,4,1447.14,2011-05-10 14:09:00,2011-11-24 13:57:00,197,361.78,7.411167512690355,1447.12,High Value,14,0,0.0001829901113329727,0.00516448391633987,9.450494868283797e-07,3218.0
14592.0,3,570.46,2011-10-06 18:08:00,2011-11-04 16:35:00,28,190.15,39.107142857142854,570.45,Medium Value,34,0,0.0019350670646658935,0.00203582277217928,3.939453595940941e-06,2590.0
14593.0,3,617.99,2011-05-25 11:14:00,2011-11-18 12:48:00,177,206.0,6.186440677966102,618.0,Medium Value,21,0,0.0004372556370463952,0.002205519279878683,9.643757377414602e-07,3207.0
14594.0,2,379.83,2010-12-01 13:54:00,2011-12-02 13:28:00,365,189.92,2.0,379.8399999999999,Low Value,6,0,7.858892952950887e-05,0.001355573532797927,1.0653307284112366e-07,4207.0
14595.0,6,1740.6,2011-01-30 13:36:00,2011-11-20 12:12:00,293,290.1,7.474402730375426,1740.6,High Value,19,0,0.000290473398308354,0.006211855758182582,1.8043788518806115e-06,2888.0
14597.0,2,883.15,2011-06-01 12:33:00,2011-11-28 13:13:00,180,441.58,4.055555555555555,883.1599999999999,Medium Value,10,0,0.00012157213329194718,0.0031518226654007405,3.83173805190679e-07,3741.0
14598.0,1,221.97,2011-10-26 13:19:00,2011-10-26 13:19:00,1,221.97,365.0,221.97,Low Value,43,0,0.004098336519001341,0.0007921668520302124,3.246566338817751e-06,2660.0
14600.0,1,393.33000000000004,2011-02-07 09:48:00,2011-02-07 09:48:00,1,393.33,365.0,393.3299999999999,Medium Value,305,1,0.9999999998726525,0.0014037166640043402,0.0014037166638255804,619.0
14601.0,1,213.96,2011-11-29 09:48:00,2011-11-29 09:48:00,1,213.96,365.0,213.96000000000004,Low Value,10,0,0.00011606680552400031,0.0007635807526259597,8.862637871690706e-08,4234.0
14603.0,1,660.0,2011-03-10 10:27:00,2011-03-10 10:27:00,1,660.0,365.0,660.0,Medium Value,274,1,0.9999999958502688,0.0023554089396762637,0.0023554089299019495,327.0
14606.0,93,12156.65,2010-12-01 16:57:00,2011-12-08 19:28:00,372,130.72,91.25,12156.960000000001,High Value,0,0,4.394419405950495e-06,0.043385776156495075,1.9065529668432625e-07,4055.0
14607.0,14,16569.5,2011-03-23 15:22:00,2011-11-24 10:35:00,245,1183.54,20.857142857142858,16569.56,High Value,15,0,0.00010336799999286608,0.059133469318942776,6.112508456138623e-06,2439.0
14608.0,4,1785.15,2010-12-12 14:49:00,2011-12-05 16:52:00,358,446.29,4.078212290502793,1785.16,High Value,3,0,4.799931263354712e-05,0.006370881549624968,3.05797935251746e-07,3870.0
14609.0,4,601.56,2011-02-16 12:10:00,2011-09-28 12:54:00,224,150.39,6.517857142857142,601.56,Medium Value,71,0,0.08690883436810301,0.0021468481844722016,0.00018658007327775723,1651.0
14616.0,3,406.08000000000004,2011-01-26 12:42:00,2011-04-11 09:54:00,74,135.36,14.797297297297298,406.08000000000004,Medium Value,242,1,0.9999999153028744,0.0014492188821571775,0.0014492187594125037,604.0
14618.0,3,553.44,2011-01-06 11:59:00,2011-11-30 13:45:00,328,184.48,3.3384146341463414,553.44,Medium Value,8,0,9.785035755800807e-05,0.00197511745996126,1.9326594967627397e-07,4047.0
14619.0,1,394.44,2011-04-08 07:37:00,2011-04-08 07:37:00,1,394.44,365.0,394.44,Medium Value,238,1,0.9999998201768981,0.0014076780335847052,0.0014076777804516748,616.0
14620.0,2,412.78000000000003,2011-03-01 08:30:00,2011-05-18 11:58:00,78,206.39,9.35897435897436,412.78,Medium Value,203,1,0.9999941807882314,0.0014731298516963151,0.0014731212792417456,593.0
14621.0,5,1788.3600000000001,2010-12-16 13:00:00,2011-12-08 16:22:00,357,357.67,5.112044817927171,1788.3500000000004,High Value,0,0,3.53375350309684e-05,0.006382266026166737,2.2553354927662655e-07,3993.0
14622.0,1,320.58000000000004,2011-06-08 12:42:00,2011-06-08 12:42:00,1,320.58,365.0,320.58,Low Value,184,1,0.9999400370268771,0.0011440863604263887,0.001144017757606708,775.0
14623.0,5,889.25,2011-04-18 13:54:00,2011-11-07 13:56:00,203,177.85,8.990147783251231,889.25,Medium Value,31,0,0.0012212619340962773,0.00317355666607139,3.875743951970479e-06,2599.0
14624.0,2,225.85,2011-10-11 14:39:00,2011-10-13 13:44:00,1,112.92,730.0,225.84,Low Value,56,0,0.012582219862548333,0.0008059781135401324,1.014099382896389e-05,2292.0
14625.0,2,899.63,2010-12-13 15:36:00,2011-05-27 15:32:00,164,449.82,4.451219512195122,899.64,Medium Value,184,1,0.9999459747101144,0.0032106365128641724,0.0032104630572958475,221.0
14626.0,4,2791.27,2011-04-20 13:18:00,2011-11-16 10:37:00,209,697.82,6.985645933014354,2791.2799999999997,High Value,8,0,8.068157230576877e-05,0.009961524038090244,8.037114219548317e-07,3318.0
14628.0,2,671.96,2011-04-11 14:43:00,2011-09-09 14:58:00,151,335.98,4.8344370860927155,671.96,Medium Value,90,0,0.4291078925908688,0.002398091804704337,0.0010290401205561113,887.0
14629.0,2,959.01,2011-10-23 16:13:00,2011-12-05 16:55:00,43,479.5,16.97674418604651,958.9999999999999,Medium Value,3,0,6.077977593313697e-05,0.003422480565378086,2.08017601899196e-07,4025.0
14631.0,3,1006.98,2011-02-14 09:31:00,2011-10-20 11:17:00,248,335.66,4.415322580645161,1006.98,Medium Value,50,0,0.008969945986834994,0.003593711657689703,3.2235399461735885e-05,2012.0
14632.0,1,114.56,2011-03-22 08:49:00,2011-03-22 08:49:00,1,114.56,365.0,114.56,Low Value,262,1,0.9999999883017835,0.0004088418911050193,0.00040884188632229833,1399.0
14633.0,1,344.90000000000003,2011-03-18 17:07:00,2011-03-18 17:07:00,1,344.9,365.0,344.9,Low Value,265,1,0.9999999905541915,0.0012308796110520352,0.0012308795994253822,714.0
14636.0,2,609.85,2011-03-16 09:52:00,2011-11-03 16:12:00,232,304.92,3.146551724137931,609.84,Medium Value,35,0,0.001874114546438994,0.002176397860260868,4.078818888753593e-06,2575.0
14638.0,1,443.6,2011-10-20 10:10:00,2011-10-20 10:10:00,1,443.6,365.0,443.6,Medium Value,50,0,0.007829174604433014,0.0015831203115763493,1.2394525339155634e-05,2244.0
14639.0,6,2984.49,2010-12-13 13:50:00,2011-10-18 15:06:00,309,497.42,7.0873786407766985,2984.52,High Value,51,0,0.008241407774006443,0.010651159225216063,8.778054644087611e-05,1812.0
14640.0,6,2125.08,2011-04-26 12:31:00,2011-11-15 13:07:00,203,354.18,10.788177339901477,2125.08,High Value,15,0,0.0001937199824463685,0.007583988529586718,1.4691701248249992e-06,2987.0
14641.0,1,110.46,2011-11-18 10:42:00,2011-11-18 10:42:00,1,110.46,365.0,110.45999999999998,Low Value,21,0,0.00040116299915074136,0.0003942098052676364,1.5814238777579474e-07,4127.0
14642.0,1,96.12,2011-10-12 11:08:00,2011-10-12 11:08:00,1,96.12,365.0,96.12,Low Value,58,0,0.021692627047480702,0.00034303319285103405,7.441291117424005e-06,2376.0
14643.0,2,693.8100000000001,2010-12-16 17:53:00,2011-06-22 14:41:00,187,346.9,3.903743315508021,693.8,Medium Value,169,1,0.9997353044167913,0.002476034427799078,0.0024753790324221667,310.0
14644.0,2,830.76,2011-02-14 14:14:00,2011-10-03 08:30:00,230,415.38,3.1739130434782608,830.7599999999999,Medium Value,8,0,9.589839257001641e-05,0.00296481747079614,2.843212297128514e-07,3895.0
14645.0,2,597.09,2011-03-09 09:52:00,2011-07-06 09:15:00,118,298.54,6.186440677966102,597.0800000000002,Medium Value,156,1,0.9989911550967333,0.0021308599540937937,0.002128710246889531,388.0
14646.0,73,280206.02,2010-12-20 10:09:00,2011-12-08 12:12:00,353,3838.44,75.48158640226629,280206.12000000005,High Value,1,0,1.3635595843987699e-06,1.0,1.3635595843987699e-06,3014.0
14647.0,1,243.22,2011-05-22 13:40:00,2011-05-22 13:40:00,1,243.22,365.0,243.22,Low Value,200,1,0.9999897768311453,0.0008680038822849406,0.0008679950085346855,968.0
14649.0,4,1417.29,2011-05-11 14:37:00,2011-12-05 12:30:00,207,354.32,7.053140096618357,1417.28,High Value,4,0,6.181789716738037e-05,0.005057990881855113,3.126743602080669e-07,3858.0
14651.0,2,654.6,2011-05-12 16:29:00,2011-10-03 15:52:00,143,327.3,5.104895104895105,654.6,Medium Value,66,0,0.053458277111011566,0.0023361374119880035,0.00012488588113945608,1743.0
14652.0,1,114.18,2011-09-23 14:21:00,2011-09-23 14:21:00,1,114.18,365.0,114.18,Low Value,76,0,0.13363764907958406,0.00040748574656399364,5.445543720425131e-05,1904.0
14653.0,7,1947.55,2011-01-05 13:40:00,2011-12-08 13:45:00,337,278.22,7.58160237388724,1947.5400000000002,High Value,0,0,3.540210233146892e-05,0.0069503835248138045,2.4605818878841394e-07,3952.0
14655.0,4,1932.23,2011-05-01 14:59:00,2011-12-01 16:28:00,214,483.06,6.822429906542055,1932.24,High Value,3,0,5.1904996535764854e-05,0.0068957808630303995,3.5792548180698644e-07,3787.0
14656.0,2,291.05,2011-03-01 13:19:00,2011-06-23 13:51:00,114,145.52,6.4035087719298245,291.04,Low Value,168,1,0.9997447599784052,0.0010386639663687574,0.0010383988577555515,874.0
14657.0,4,848.22,2011-01-17 15:19:00,2011-11-22 12:47:00,308,212.06,4.740259740259741,848.2400000000001,Medium Value,17,0,0.0002528182254619047,0.0030272001196833243,7.653313623764036e-07,3339.0
14658.0,2,247.15,2011-08-14 15:42:00,2011-12-04 15:35:00,111,123.58,6.576576576576577,247.16000000000003,Low Value,4,0,7.740924275733854e-05,0.0008820649598945232,6.827998060821723e-08,4265.0
14659.0,9,2529.93,2011-01-28 12:43:00,2011-12-01 12:17:00,306,281.1,10.735294117647058,2529.9,High Value,8,0,8.159754537531916e-05,0.009028710721949969,7.367206328149433e-07,3359.0
14660.0,2,285.74,2011-08-31 10:40:00,2011-09-14 11:34:00,14,142.87,52.14285714285714,285.73999999999995,Low Value,86,0,0.36085611428479686,0.0010197493188228719,0.00036798277673499,1461.0
14661.0,1,107.95,2011-11-13 11:51:00,2011-11-13 11:51:00,1,107.95,365.0,107.95,Low Value,26,0,0.000689868945806277,0.0003852521136940192,2.65773469543733e-07,3926.0
14662.0,4,771.17,2011-01-27 17:41:00,2011-11-11 12:13:00,287,192.79,5.087108013937282,771.1599999999999,Medium Value,28,0,0.0008506951266916075,0.002752116905940526,2.3412124399691904e-06,2778.0
14664.0,2,637.89,2011-11-06 14:56:00,2011-11-20 10:59:00,13,318.94,56.15384615384616,637.88,Medium Value,19,0,0.00036642763295616535,0.002276467052182871,8.341604334340688e-07,3299.0
14665.0,5,1835.7,2011-02-02 09:08:00,2011-10-10 09:14:00,250,367.14,7.3,1835.7,High Value,60,0,0.024378919223010144,0.00655124877358139,0.00015971236466098498,1685.0
14666.0,1,195.25,2011-11-15 12:57:00,2011-11-15 12:57:00,1,195.25,365.0,195.25,Low Value,23,0,0.000478170279489377,0.0006968084779875614,3.331931046698796e-07,3829.0
14667.0,25,9241.2,2010-12-06 13:13:00,2011-11-29 11:30:00,357,369.65,25.560224089635856,9241.249999999998,High Value,10,0,6.30904876091804e-05,0.032980186157247376,2.0807360261022787e-06,2828.0
14669.0,3,1269.99,2011-01-11 12:30:00,2011-04-12 11:43:00,90,423.33,12.166666666666666,1269.99,High Value,241,1,0.9999998906407299,0.004532342120150694,0.004532341624497068,133.0
14670.0,2,411.53,2011-03-04 13:58:00,2011-03-04 14:13:00,1,205.76,730.0,411.52,Medium Value,279,1,0.9999999973017946,0.0014686331619023878,0.0014686331579397138,594.0
14672.0,2,765.55,2011-01-07 15:48:00,2011-04-19 10:19:00,101,382.78,7.227722772277228,765.56,Medium Value,234,1,0.9999997758763521,0.0027321316179675153,0.0027321310056322105,274.0
14673.0,5,1736.4,2010-12-07 12:49:00,2011-12-06 14:31:00,364,347.28,5.013736263736264,1736.3999999999996,High Value,2,0,4.3891958842585046e-05,0.006196866792202823,2.7199262219634835e-07,3915.0
14675.0,1,604.75,2011-11-23 12:58:00,2011-11-23 12:58:00,1,604.75,365.0,604.75,Medium Value,15,0,0.00016521419446899782,0.0021582326610139705,3.565706705661048e-07,3789.0
14676.0,6,2548.2400000000002,2011-03-01 14:26:00,2011-11-08 13:29:00,251,424.71,8.725099601593625,2548.2599999999993,High Value,30,0,0.0009199954626453714,0.009094233916090051,8.366653939038495e-06,2338.0
14680.0,16,28754.11,2010-12-03 12:05:00,2011-11-14 16:59:00,346,1797.13,16.878612716763005,28754.08,High Value,24,0,0.00018191219967193562,0.10261760164267646,1.866739363987771e-05,2142.0
14681.0,3,498.95,2011-05-12 10:45:00,2011-09-29 15:52:00,140,166.32,7.821428571428571,498.96,Medium Value,70,0,0.08411674344918316,0.0017806891583952553,0.00014978577309947557,1702.0
14682.0,2,52.0,2011-05-22 12:51:00,2011-06-05 12:12:00,13,26.0,56.15384615384616,52.00000000000001,Low Value,187,1,0.9999700053334883,0.00018557767403509957,0.00018557210769465488,1654.0
14684.0,5,1236.28,2010-12-12 12:44:00,2011-11-14 11:33:00,336,247.26,5.431547619047619,1236.3,High Value,25,0,0.000565486524613357,0.004412109200184491,2.4949882978269465e-06,2752.0
14687.0,1,628.38,2011-08-25 11:59:00,2011-08-25 11:59:00,1,628.38,365.0,628.38,Medium Value,106,1,0.7559551761806075,0.002242563438657228,0.0016952774393663138,513.0
14688.0,21,5630.87,2010-12-01 09:37:00,2011-12-02 12:26:00,366,268.14,20.942622950819672,5630.94,High Value,7,0,5.2584096547008964e-05,0.020095706689061604,1.0567145807179893e-06,3150.0
14689.0,1,112.8,2011-05-15 11:22:00,2011-05-15 11:22:00,1,112.8,365.0,112.8,Low Value,208,1,0.9999959611992687,0.00040256080059921593,0.00040255917473636007,1412.0
14690.0,2,371.7,2011-07-11 11:58:00,2011-10-26 15:39:00,107,185.85,6.822429906542055,371.7,Low Value,43,0,0.005105588099295153,0.0013265234892085866,6.772682539938843e-06,2408.0
14691.0,5,2114.33,2011-05-11 09:55:00,2011-11-09 12:30:00,182,422.87,10.027472527472527,2114.35,High Value,30,0,0.0009874825104397471,0.00754569529030986,7.451242128288557e-06,2375.0
14692.0,4,591.55,2011-01-21 13:47:00,2011-07-25 15:08:00,185,147.89,7.891891891891892,591.56,Medium Value,136,1,0.9910797440928922,0.002111160170234682,0.0020923280812552955,399.0
14693.0,1,172.9,2011-03-20 12:50:00,2011-03-20 12:50:00,1,172.9,365.0,172.9,Low Value,264,1,0.9999999903106261,0.000617045766166706,0.0006170457601879189,1178.0
14696.0,7,2078.95,2010-12-01 15:37:00,2011-12-05 13:43:00,368,296.99,6.942934782608696,2078.9300000000003,High Value,3,0,4.755287620083618e-05,0.0074192883438805686,3.528085001148595e-07,3797.0
14697.0,2,188.60999999999999,2011-05-05 15:29:00,2011-05-05 15:39:00,1,94.3,730.0,188.6,Low Value,217,1,0.9999978993545755,0.000673075948519611,0.0006730745346256995,1120.0
14698.0,5,1250.76,2011-10-19 12:54:00,2011-12-08 12:26:00,49,250.15,37.244897959183675,1250.7500000000002,High Value,1,0,4.980587830449899e-05,0.004463678380757708,2.223174222224415e-07,3999.0
14699.0,1,109.13000000000001,2011-05-09 14:54:00,2011-05-09 14:54:00,1,109.13,365.0,109.13,Low Value,213,1,0.9999976533975966,0.00038946329937404644,0.0003894623854585321,1436.0
14700.0,3,2235.3,2011-04-15 13:16:00,2011-11-07 14:40:00,206,745.1,5.315533980582525,2235.3,High Value,31,0,0.0009764114165493197,0.007977341822512656,7.789167629217715e-06,2366.0
14701.0,9,2549.37,2011-01-27 12:40:00,2011-11-29 12:38:00,305,283.26,10.77049180327869,2549.34,High Value,10,0,0.00010127893070646485,0.009098088221627706,9.214446465595365e-07,3232.0
14702.0,17,3292.14,2010-12-09 19:23:00,2011-12-08 19:29:00,364,193.66,17.046703296703296,3292.2199999999993,High Value,0,0,2.825271309584735e-05,0.011749279423304526,3.319490206295656e-07,3832.0
14703.0,1,318.17,2011-11-25 09:23:00,2011-11-25 09:23:00,1,318.17,365.0,318.17,Low Value,14,0,0.00017019193828224938,0.0011354855489951467,1.9325048647496806e-07,4049.0
14704.0,9,1546.91,2011-06-12 13:59:00,2011-11-28 12:51:00,168,171.88,19.553571428571427,1546.9199999999998,High Value,10,0,0.00011646294013850212,0.005520650298430311,6.429511652316932e-07,3438.0
14705.0,1,179.0,2011-05-25 12:39:00,2011-05-25 12:39:00,1,179.0,365.0,179.0,Low Value,198,1,0.9999876922265928,0.0006388154548515927,0.0006388075924557253,1150.0
14708.0,3,1126.37,2010-12-06 12:23:00,2011-12-07 08:21:00,365,375.46,2.9999999999999996,1126.3799999999999,Medium Value,2,0,4.54748489577779e-05,0.004019826547685681,1.8280100509247214e-07,4075.0
14709.0,13,4921.04,2010-12-16 13:43:00,2011-11-24 15:41:00,343,378.54,13.833819241982509,4921.02,High Value,14,0,0.00013169607714581385,0.017562143182311647,2.3128653633835435e-06,2788.0
14710.0,4,606.13,2011-10-11 13:49:00,2011-11-25 14:53:00,45,151.53,32.44444444444444,606.12,Medium Value,13,0,0.0001973752499124741,0.0021631219189645104,4.2694672934677083e-07,3677.0
14711.0,11,2868.8,2011-03-22 13:32:00,2011-11-29 14:58:00,252,260.8,15.932539682539682,2868.7999999999997,High Value,9,0,9.04050152466558e-05,0.01023817752445949,9.25582595196729e-07,3229.0
14712.0,3,917.07,2011-08-19 13:33:00,2011-11-10 12:59:00,82,305.69,13.353658536585366,917.0699999999999,Medium Value,28,0,0.0009425008180025426,0.003272840721680168,3.0846550573755903e-06,2672.0
14713.0,11,2666.36,2010-12-09 18:58:00,2011-11-30 16:26:00,355,242.4,11.309859154929578,2666.4000000000005,High Value,8,0,7.659528941877177e-05,0.009515852116292106,7.288694469136257e-07,3364.0
14714.0,1,160.19,2011-11-15 13:07:00,2011-11-15 13:07:00,1,160.19,365.0,160.19,Low Value,23,0,0.00048630367147630825,0.0005716863000708192,2.780131466571458e-07,3906.0
14715.0,4,867.38,2011-01-12 13:27:00,2011-11-15 12:10:00,306,216.84,4.771241830065359,867.3599999999999,Medium Value,24,0,0.0005386806605653174,0.00309543560290546,1.6674512953105148e-06,2931.0
14716.0,2,329.68,2011-07-14 12:42:00,2011-10-27 17:29:00,105,164.84,6.952380952380953,329.68,Low Value,42,0,0.0046363709829017365,0.0011765624533825313,5.454980018434445e-06,2470.0
14719.0,5,1602.13,2011-04-04 14:17:00,2011-12-08 12:43:00,247,320.43,7.388663967611336,1602.15,High Value,1,0,4.313062965003421e-05,0.00571775520106413,2.466103820066539e-07,3951.0
14720.0,3,663.81,2011-08-05 12:06:00,2011-12-04 12:02:00,120,221.27,9.125,663.8100000000001,Medium Value,5,0,7.968344325571198e-05,0.0023690060731007584,1.8877056099836135e-07,4062.0
14722.0,1,187.92000000000002,2011-07-15 14:58:00,2011-07-15 14:58:00,1,187.92,365.0,187.91999999999996,Low Value,146,1,0.9965719919031387,0.0006706491635514596,0.000668350172788652,1124.0
14723.0,6,1158.3,2010-12-03 14:18:00,2011-11-29 15:23:00,361,193.05,6.066481994459834,1158.3,Medium Value,9,0,9.857116583181193e-05,0.004133742689131842,4.0746783611645503e-07,3709.0
14725.0,1,718.08,2011-11-15 12:42:00,2011-11-15 12:42:00,1,718.08,365.0,718.08,Medium Value,24,0,0.0004143179913060968,0.002562684926367775,1.061766471043109e-06,3146.0
14727.0,1,268.58,2011-03-10 14:45:00,2011-03-10 14:45:00,1,268.58,365.0,268.58,Low Value,273,1,0.9999999961698858,0.0009585086863912891,0.0009585086827200913,916.0
14729.0,1,313.49,2010-12-01 12:43:00,2010-12-01 12:43:00,1,313.49,365.0,313.49,Low Value,373,1,0.9999999999999221,0.0011187835583319878,0.0011187835583319006,796.0
14730.0,8,2005.06,2011-03-08 12:49:00,2011-12-08 14:39:00,275,250.63,10.618181818181819,2005.0400000000002,High Value,0,0,3.6445034772820366e-05,0.0071555896066795395,2.607857120354678e-07,3934.0
14731.0,3,380.02,2011-05-11 13:06:00,2011-10-23 15:54:00,165,126.67,6.636363636363636,380.01,Low Value,46,0,0.006810260903091416,0.001356180229039965,9.235941191376435e-06,2316.0
14732.0,8,2702.4900000000002,2011-01-04 14:40:00,2011-12-01 14:34:00,330,337.81,8.848484848484848,2702.48,High Value,7,0,7.191422088204836e-05,0.009644614471661074,6.935849354372346e-07,3400.0
14733.0,12,9585.91,2010-12-07 11:30:00,2011-11-23 15:39:00,351,798.83,12.47863247863248,9585.960000000003,High Value,8,0,5.731134578332024e-05,0.03421038769602891,1.960643358628557e-06,2857.0
14735.0,32,6065.69,2010-12-16 16:05:00,2011-12-06 12:09:00,354,189.55,32.994350282485875,6065.6,High Value,3,0,2.7151946653714017e-05,0.021646921915909615,5.877560690778907e-07,3486.0
14737.0,3,1164.55,2010-12-21 13:49:00,2011-12-06 10:16:00,349,388.18,3.1375358166189113,1164.54,Medium Value,3,0,5.0910725439622075e-05,0.0041560120100160546,2.1158558636569923e-07,4020.0
14738.0,7,1314.45,2011-01-27 14:10:00,2011-10-28 08:56:00,273,187.78,9.35897435897436,1314.46,High Value,38,0,0.0023528437056446255,0.0046910467194649415,1.1037299746777957e-05,2272.0
14739.0,7,3902.28,2010-12-07 14:58:00,2011-12-05 16:54:00,363,557.47,7.038567493112948,3902.290000000001,High Value,1,0,3.3897143400304595e-05,0.013926498107892862,4.72068503427315e-07,3628.0
14740.0,3,1448.21,2011-03-01 08:35:00,2011-05-26 18:17:00,86,482.74,12.732558139534884,1448.22,High Value,190,1,0.9999719613598415,0.005168409597905998,0.00516826468272909,106.0
14741.0,6,1400.34,2010-12-02 08:43:00,2011-11-28 08:48:00,361,233.39,6.066481994459834,1400.34,High Value,11,0,0.00012004028216291643,0.004997535385736756,5.999055578229996e-07,3475.0
14744.0,7,1099.98,2010-12-08 10:21:00,2011-11-23 12:51:00,350,157.14,7.3,1099.9799999999998,Medium Value,15,0,0.00018865236945826423,0.00392561019009863,7.405756639316136e-07,3356.0
14745.0,5,1220.26,2011-02-27 15:25:00,2011-08-19 10:05:00,172,244.05,10.61046511627907,1220.25,High Value,112,1,0.8858420837280467,0.004354829937333274,0.0038576916259685863,164.0
14747.0,1,328.2,2011-04-04 14:09:00,2011-04-04 14:09:00,1,328.2,365.0,328.2,Low Value,247,1,0.9999999342469627,0.0011712806272753784,0.0011712805502601196,753.0
14748.0,5,1415.75,2010-12-06 10:19:00,2011-11-10 18:33:00,339,283.15,5.383480825958702,1415.75,High Value,28,0,0.000767342389811302,0.005052530615676773,3.877020917228184e-06,2598.0
14752.0,1,389.64,2011-10-27 11:55:00,2011-10-27 11:55:00,1,389.64,365.0,389.64000000000004,Medium Value,43,0,0.0037817951064605805,0.001390547786750696,5.258766815233374e-06,2482.0
14753.0,1,563.15,2011-09-13 14:50:00,2011-09-13 14:50:00,1,563.15,365.0,563.15,Medium Value,86,0,0.26838481521887825,0.0020097705217858907,0.0005393918901218548,1265.0
14754.0,2,638.05,2011-02-17 12:21:00,2011-10-26 12:01:00,250,319.02,2.92,638.04,Medium Value,44,0,0.0048571625176195895,0.0022770380604106716,1.1059943918219924e-05,2271.0
14755.0,11,5010.28,2011-01-09 14:02:00,2011-11-30 11:24:00,324,455.48,12.391975308641975,5010.28,High Value,9,0,7.860700224736525e-05,0.01788069439739574,1.405547784680538e-06,3006.0
14756.0,1,738.96,2011-11-24 18:13:00,2011-11-24 18:13:00,1,738.96,365.0,738.96,Medium Value,14,0,0.0001389939398292974,0.002637201500095715,3.665550266220367e-07,3769.0
14757.0,1,420.5,2011-09-25 14:36:00,2011-09-25 14:36:00,1,420.5,365.0,420.5,Medium Value,74,0,0.09681810459049846,0.00150068099868768,0.00014529308988791748,1713.0
14758.0,4,1484.06,2011-03-25 12:10:00,2011-07-18 08:21:00,114,371.02,12.807017543859649,1484.08,High Value,144,1,0.995983576227795,0.0052963868169617415,0.005275114283043303,104.0
14759.0,3,1625.97,2011-04-21 10:55:00,2011-12-05 12:03:00,228,541.99,4.802631578947368,1625.9699999999998,High Value,4,0,5.713545517277304e-05,0.0058027640509779,3.315435653128267e-07,3834.0
14760.0,1,89.2,2011-02-15 16:27:00,2011-02-15 16:27:00,1,89.2,365.0,89.2,Low Value,293,1,0.999999999596791,0.00031833708699867077,0.0003183370868703144,1516.0
14761.0,2,255.9,2011-01-09 12:03:00,2011-10-12 12:10:00,276,127.95,2.6449275362318843,255.90000000000003,Low Value,58,0,0.023371857199194157,0.000913256284338115,2.134449546381708e-05,2106.0
14762.0,1,300.52,2011-03-21 08:20:00,2011-03-21 08:20:00,1,300.52,365.0,300.52,Low Value,263,1,0.9999999885189633,0.0010724962038659253,0.001072496191552557,852.0
14764.0,1,278.3,2011-10-24 11:54:00,2011-10-24 11:54:00,1,278.3,365.0,278.3,Low Value,43,0,0.003989153138612703,0.0009931974362301578,3.962016669999625e-06,2587.0
14765.0,3,254.11,2011-06-16 19:49:00,2011-11-10 19:53:00,147,84.7,7.448979591836734,254.09999999999997,Low Value,28,0,0.0010077113859325846,0.0009068324417753614,9.138253767100792e-07,3238.0
14766.0,6,2473.37,2010-12-08 15:33:00,2011-12-01 16:05:00,358,412.23,6.11731843575419,2473.38,High Value,7,0,7.158114191057919e-05,0.008827002065479511,6.318468874940644e-07,3448.0
14768.0,2,192.60000000000002,2011-08-04 13:25:00,2011-11-22 12:54:00,109,96.3,6.697247706422019,192.6,Low Value,16,0,0.0002877822417667543,0.0006873511542146187,1.9780745604084902e-07,4040.0
14769.0,8,10674.75,2010-12-17 11:40:00,2011-12-07 10:24:00,354,1334.34,8.248587570621469,10674.72,High Value,2,0,2.550318546652417e-05,0.038095955934153033,9.715682297132369e-07,3201.0
14770.0,2,876.42,2011-01-20 15:00:00,2011-04-21 14:21:00,90,438.21,8.11111111111111,876.4199999999998,Medium Value,231,1,0.9999996836525981,0.0031277689438046524,0.0031277679543430734,229.0
14772.0,1,139.26,2011-08-19 15:04:00,2011-08-19 15:04:00,1,139.26,365.0,139.26,Low Value,111,1,0.8707110068240733,0.0004969912862716916,0.00043273578325241584,1375.0
14775.0,3,1011.9,2010-12-02 16:38:00,2011-10-12 15:27:00,313,337.3,3.498402555910543,1011.9,Medium Value,57,0,0.018136514987502718,0.003611270160694562,6.549585539335827e-05,1864.0
14776.0,11,2538.3,2011-01-31 13:17:00,2011-10-19 15:34:00,261,230.75,15.383141762452109,2538.25,High Value,50,0,0.007657544728456852,0.009058510213838297,6.936594713564999e-05,1852.0
14778.0,2,730.86,2011-02-04 11:43:00,2011-08-04 15:23:00,181,365.43,4.033149171270718,730.86,Medium Value,126,1,0.9728085751468623,0.0026082942085633243,0.0025373709725963,298.0
14779.0,3,386.15,2011-01-20 12:04:00,2011-03-04 12:42:00,43,128.72,25.46511627906977,386.15999999999997,Low Value,280,1,0.9999999986359822,0.0013781283577960393,0.0013781283559162476,631.0
14780.0,2,447.68,2011-09-21 15:15:00,2011-10-16 12:46:00,24,223.84,30.416666666666664,447.67999999999995,Medium Value,54,0,0.01690596580754528,0.001597681021385257,2.7010340718903172e-05,2060.0
14782.0,1,200.10000000000002,2011-01-24 11:12:00,2011-01-24 11:12:00,1,200.1,365.0,200.1,Low Value,319,1,0.9999999999745042,0.0007141171648927581,0.0007141171648745511,1082.0
14784.0,2,289.99,2011-01-20 09:25:00,2011-11-13 13:30:00,297,145.0,2.4579124579124576,289.99999999999994,Low Value,25,0,0.0006571347286493963,0.001034952412888055,6.801031730082299e-07,3418.0
14785.0,2,77.4,2011-11-24 13:40:00,2011-11-29 13:21:00,4,38.7,182.5,77.4,Low Value,9,0,0.00012862707338194977,0.0002762252301983982,3.553004295467533e-08,4316.0
14788.0,2,679.4399999999999,2011-11-13 15:52:00,2011-12-02 17:06:00,19,339.72,38.421052631578945,679.44,Medium Value,6,0,8.98069423591618e-05,0.002424786439354001,2.1776265599234196e-07,4007.0
14789.0,1,197.64,2011-11-11 08:59:00,2011-11-11 08:59:00,1,197.64,365.0,197.64,Low Value,28,0,0.0008203153427550717,0.0007053379133903283,5.785995121809343e-07,3494.0
14790.0,4,745.06,2011-03-31 11:49:00,2011-11-23 09:28:00,236,186.26,6.186440677966102,745.04,Medium Value,16,0,0.00024099115229564866,0.002658899812752126,6.407713297138194e-07,3440.0
14792.0,1,6.2,2011-10-07 09:19:00,2011-10-07 09:19:00,1,6.2,365.0,6.2,Low Value,63,0,0.03825930577679963,2.2126568827261872e-05,8.465471625536147e-07,3292.0
14793.0,1,228.99,2011-11-18 14:50:00,2011-11-18 14:50:00,1,228.99,365.0,228.99,Low Value,3,0,5.4016715366021776e-05,0.000817219838024951,4.4143531382060194e-08,4307.0
14794.0,7,1319.91,2011-01-09 16:11:00,2011-12-07 10:11:00,331,188.56,7.719033232628399,1319.92,High Value,2,0,4.607994420418218e-05,0.004710532375238627,2.170610690229897e-07,4009.0
14795.0,1,131.45000000000002,2011-06-26 13:04:00,2011-06-26 13:04:00,1,131.45,365.0,131.45,Low Value,165,1,0.9995720759230114,0.0004691189471521891,0.00046891819985973117,1340.0
14796.0,17,8022.49,2010-12-08 10:40:00,2011-12-08 15:31:00,365,471.91,17.0,8022.470000000001,High Value,0,0,2.469565432961502e-05,0.028630602358007025,7.070514590820022e-07,3386.0
14798.0,3,173.74,2011-02-02 15:26:00,2011-10-18 10:58:00,257,57.91,4.260700389105058,173.73,Low Value,52,0,0.012608355328602541,0.0006200078713484201,7.81727954849137e-06,2363.0
14799.0,1,157.7,2011-10-19 16:16:00,2011-10-19 16:16:00,1,157.7,365.0,157.7,Low Value,50,0,0.008973784246769026,0.0005627999845256769,5.050445635218371e-06,2500.0
14800.0,12,4339.74,2010-12-05 11:10:00,2011-10-23 12:46:00,322,361.64,13.60248447204969,4339.68,High Value,47,0,0.004887288847243825,0.01548745616262771,7.569167177578805e-05,1836.0
14801.0,1,193.14,2011-10-09 15:24:00,2011-10-09 15:24:00,1,193.14,365.0,193.14,Low Value,60,0,0.025604187233520995,0.0006892783069834447,1.764841082800848e-05,2153.0
14803.0,3,845.55,2011-02-20 13:21:00,2011-06-30 13:58:00,130,281.85,8.423076923076923,845.5500000000002,Medium Value,161,1,0.9993970875715872,0.003017600043853432,0.0030157806952830135,242.0
14804.0,1,353.27,2011-12-01 11:20:00,2011-12-01 11:20:00,1,353.27,365.0,353.27,Low Value,8,0,8.74142531985171e-05,0.0012607504789688387,1.1020756158873377e-07,4203.0
14805.0,4,554.65,2011-01-30 10:43:00,2011-11-24 16:20:00,298,138.66,4.899328859060403,554.64,Medium Value,14,0,0.00019057009472555285,0.001979400021669762,3.772144496293679e-07,3751.0
14806.0,1,193.39000000000001,2011-09-25 15:32:00,2011-09-25 15:32:00,1,193.39,365.0,193.39,Low Value,74,0,0.10680681904144756,0.0006901705073393827,7.37149164851415e-05,1841.0
14808.0,8,2741.17,2011-06-20 12:53:00,2011-10-31 12:21:00,132,342.65,22.12121212121212,2741.2,High Value,39,0,0.0025872602749854442,0.009782798462788747,2.5310645840961995e-05,2074.0
14810.0,11,2087.88,2010-12-05 12:08:00,2011-10-30 11:19:00,328,189.81,12.240853658536587,2087.9100000000003,High Value,40,0,0.0025472899286255787,0.007451336180665861,1.8980713607813535e-05,2135.0
14813.0,2,155.43,2010-12-05 11:54:00,2010-12-05 11:57:00,1,77.72,730.0,155.44,Low Value,369,1,0.999999999999851,0.0005547344933079976,0.000554734493307915,1241.0
14815.0,2,778.5,2011-10-03 11:36:00,2011-11-03 11:36:00,31,389.25,23.548387096774192,778.5,Medium Value,36,0,0.002260172281908861,0.0027783119083908655,6.279463565842344e-06,2431.0
14816.0,1,271.85,2011-05-26 13:16:00,2011-05-26 13:16:00,1,271.85,365.0,271.85,Low Value,196,1,0.999984018972263,0.0009701786670469581,0.0009701631625947701,908.0
14817.0,2,1110.34,2011-03-07 13:51:00,2011-05-23 13:35:00,76,555.17,9.605263157894736,1110.3399999999997,Medium Value,199,1,0.9999894001209156,0.003962582972848699,0.003962540969948325,159.0
14818.0,3,657.8,2011-03-31 12:28:00,2011-09-27 11:01:00,179,219.27,6.11731843575419,657.8100000000001,Medium Value,73,0,0.10778039134176631,0.002347593264558247,0.0002530245207653826,1582.0
14819.0,2,272.07,2011-05-31 13:50:00,2011-10-06 13:41:00,127,136.04,5.748031496062992,272.08,Low Value,63,0,0.04326376290995938,0.0009709994913744208,4.2009091780514094e-05,1964.0
14820.0,4,507.29,2011-06-19 14:56:00,2011-11-18 15:41:00,152,126.82,9.605263157894736,507.27999999999986,Medium Value,20,0,0.0004036772964092427,0.0018103815862408707,7.308099442027909e-07,3362.0
14821.0,1,48.800000000000004,2010-12-08 08:43:00,2010-12-08 08:43:00,1,48.8,365.0,48.8,Low Value,366,1,0.9999999999998537,0.00017415750947909341,0.00017415750947906794,1664.0
14823.0,3,321.43,2011-05-29 12:48:00,2011-06-12 13:12:00,14,107.14,78.21428571428571,321.42,Low Value,179,1,0.999922590972368,0.0011470841536223404,0.0011469953589533963,772.0
14824.0,4,1127.71,2011-09-09 14:12:00,2011-11-29 14:20:00,81,281.93,18.02469135802469,1127.72,Medium Value,9,0,0.00011874282828841639,0.0040246087415935095,4.778934247310977e-07,3617.0
14825.0,12,2226.91,2010-12-06 12:30:00,2011-12-06 11:38:00,364,185.58,12.032967032967033,2226.9600000000005,High Value,3,0,4.4432071844957756e-05,0.007947578018638565,3.5312735751755575e-07,3795.0
14828.0,3,2139.76,2011-01-07 09:50:00,2011-05-27 10:16:00,140,713.25,7.821428571428571,2139.75,High Value,196,1,0.999983091641849,0.007636342846473159,0.0076362137284533465,47.0
14829.0,4,697.55,2010-12-02 16:12:00,2011-11-10 16:16:00,343,174.39,4.256559766763848,697.56,Medium Value,28,0,0.0008266900094075192,0.0024894531211523854,2.0580060241450437e-06,2838.0
14830.0,1,197.13,2011-10-17 14:29:00,2011-10-17 14:29:00,1,197.13,365.0,197.13,Low Value,52,0,0.01091194310537071,0.0007035178246642149,7.67674647635008e-06,2368.0
14834.0,6,1720.3,2011-04-13 15:00:00,2011-11-22 10:30:00,222,286.72,9.864864864864865,1720.3200000000002,High Value,17,0,0.0002454587049302593,0.006139480465308894,1.5069889239593469e-06,2976.0
14836.0,3,102.44999999999999,2011-11-09 13:26:00,2011-11-29 16:45:00,20,34.15,54.75,102.45,Low Value,9,0,0.00013852832323564532,0.00036562370586338367,5.0649238908457324e-08,4294.0
14837.0,4,1649.5,2011-05-22 12:49:00,2011-09-11 10:58:00,111,412.38,13.153153153153154,1649.5200000000002,High Value,89,0,0.3874196126584806,0.0058868093245072585,0.0022806653882949343,339.0
14840.0,1,62.85,2011-03-17 12:00:00,2011-03-17 12:00:00,1,62.85,365.0,62.85,Low Value,267,1,0.9999999933585282,0.00022429916948280782,0.00022429916799313122,1606.0
14841.0,6,3295.76,2010-12-16 10:28:00,2011-10-17 15:03:00,305,549.29,7.180327868852459,3295.74,High Value,52,0,0.00897425924162829,0.011761841604316134,0.00010555381571610218,1775.0
14842.0,4,2824.69,2011-02-04 15:32:00,2011-10-27 12:37:00,264,706.17,5.53030303030303,2824.68,High Value,34,0,0.001291160661674836,0.010080722005643557,1.3015831694966814e-05,2227.0
14844.0,4,3189.81,2011-04-12 13:10:00,2011-10-07 10:41:00,177,797.45,8.248587570621469,3189.8,High Value,63,0,0.029348104569852485,0.011383762781483857,0.000334091860509383,1503.0
14847.0,1,309.4,2011-07-14 10:52:00,2011-07-14 10:52:00,1,309.4,365.0,309.4,Low Value,148,1,0.9970715787585548,0.0011041871605088423,0.0011009536353734771,816.0
14849.0,25,7930.54,2010-12-01 12:22:00,2011-11-18 10:58:00,351,317.22,25.997150997150996,7930.500000000001,High Value,21,0,0.00021358898781762494,0.028302379691064562,6.045076631044584e-06,2443.0
14850.0,1,325.75,2011-02-01 11:21:00,2011-02-01 11:21:00,1,325.75,365.0,325.75,Low Value,311,1,0.9999999999356115,0.0011625370637871862,0.0011625370637123322,762.0
14851.0,2,511.35,2011-03-28 14:59:00,2011-11-16 14:20:00,232,255.68,3.146551724137931,511.35999999999996,Medium Value,22,0,0.0004705198863834025,0.0018249422960497788,8.586716417936077e-07,3285.0
14852.0,6,2836.69,2011-04-01 13:22:00,2011-10-12 13:20:00,193,472.78,11.347150259067357,2836.68,High Value,57,0,0.017066409191206867,0.01012354762272858,0.0001727726061961555,1665.0
14853.0,2,475.8,2011-05-12 15:17:00,2011-11-15 16:56:00,187,237.9,3.903743315508021,475.8,Medium Value,8,0,0.00010749239169184344,0.001698035717421161,1.825259204437758e-07,4077.0
14854.0,7,2759.83,2011-03-10 12:22:00,2011-09-22 17:00:00,196,394.26,13.035714285714285,2759.8199999999997,High Value,77,0,0.1325919325646395,0.009849249545299008,0.0013059310315225922,665.0
14855.0,2,645.65,2011-07-28 12:06:00,2011-08-12 14:02:00,15,322.82,48.666666666666664,645.64,Medium Value,118,1,0.9430925948835507,0.0023041609512311862,0.00217303713052597,373.0
14856.0,3,1311.3799999999999,2011-10-14 09:35:00,2011-11-03 14:53:00,20,437.13,54.75,1311.3899999999999,High Value,35,0,0.0019001188058822892,0.004680090499094023,8.892727970559581e-06,2322.0
14857.0,2,1173.12,2011-07-14 15:03:00,2011-10-11 09:23:00,88,586.56,8.295454545454545,1173.12,Medium Value,59,0,0.02362481093298692,0.004186632326231845,9.890839715315857e-05,1786.0
14859.0,4,1353.74,2011-05-19 14:42:00,2011-11-27 11:18:00,191,338.44,7.643979057591624,1353.7600000000002,High Value,12,0,0.00014962186671431288,0.004831300615418393,7.228682167369085e-07,3370.0
14860.0,1,170.32,2011-11-20 14:17:00,2011-11-20 14:17:00,1,170.32,365.0,170.32,Low Value,8,0,9.545975894618486e-05,0.0006078382584934261,5.802409363405126e-08,4284.0
14861.0,1,125.79,2011-10-18 12:54:00,2011-10-18 12:54:00,1,125.79,365.0,125.79000000000002,Low Value,51,0,0.010142442503016385,0.0004489195310937534,4.55314053259947e-06,2535.0
14862.0,2,841.1999999999999,2011-07-14 11:20:00,2011-11-14 10:01:00,122,420.6,5.983606557377049,841.2000000000002,Medium Value,25,0,0.0006465652887691519,0.003002075757660111,1.9410379791583803e-06,2862.0
14863.0,1,266.76,2011-11-10 15:04:00,2011-11-10 15:04:00,1,266.76,365.0,266.76,Low Value,28,0,0.0007934955811918739,0.0009520134678000607,7.554184799345004e-07,3345.0
14865.0,2,52.2,2010-12-02 18:23:00,2011-12-02 16:25:00,364,26.1,2.0054945054945055,52.2,Low Value,6,0,8.509336045953515e-05,0.00018629143431984994,1.5852164171102807e-08,4336.0
14866.0,12,14389.9,2010-12-08 14:58:00,2011-11-29 11:45:00,355,1199.16,12.338028169014084,14389.920000000002,High Value,10,0,5.8538937197973335e-05,0.05135476698367616,3.006253479273973e-06,2680.0
14867.0,3,710.28,2011-01-07 16:34:00,2011-06-07 11:39:00,150,236.76,7.3,710.28,Medium Value,185,1,0.999955499462882,0.0025348482752625095,0.0025347354731527477,300.0
14868.0,8,2953.59,2011-04-20 13:36:00,2011-12-06 14:49:00,230,369.2,12.695652173913043,2953.6,High Value,2,0,4.399925698627548e-05,0.010540811885193655,4.637878909806225e-07,3634.0
14869.0,2,725.7,2011-08-28 16:09:00,2011-12-01 12:36:00,94,362.85,7.76595744680851,725.7,Medium Value,3,0,6.257198012240341e-05,0.0025898791932167644,1.6205386939738556e-07,4117.0
14870.0,1,327.25,2011-03-23 10:51:00,2011-03-23 10:51:00,1,327.25,365.0,327.25,Low Value,261,1,0.9999999855593411,0.001167890265922814,0.001167890249057709,757.0
14871.0,4,522.38,2010-12-14 12:18:00,2011-12-06 13:42:00,357,130.6,4.089635854341736,522.3999999999999,Medium Value,2,0,5.0177005910359866e-05,0.0018643418637679997,9.354709271721825e-08,4225.0
14873.0,1,519.68,2011-05-13 13:52:00,2011-05-13 13:52:00,1,519.68,365.0,519.68,Medium Value,209,1,0.9999955914876681,0.0018546347238953948,0.0018546265477153434,459.0
14875.0,2,1465.3200000000002,2011-03-22 11:53:00,2011-08-24 12:20:00,155,732.66,4.709677419354839,1465.3199999999997,High Value,8,0,8.652773076828209e-05,0.005229436102252154,4.524912391256089e-07,3645.0
14878.0,9,1485.54,2010-12-16 12:11:00,2011-11-27 11:15:00,345,165.06,9.521739130434781,1485.54,High Value,12,0,0.00012966909533403814,0.005301597267040419,6.874533214425402e-07,3406.0
14880.0,3,706.19,2011-02-24 12:27:00,2011-09-23 13:42:00,211,235.4,5.18957345971564,706.2,Medium Value,76,0,0.13970972878626392,0.0025202875654536023,0.0003521086922329162,1483.0
14881.0,1,255.4,2011-11-20 11:06:00,2011-11-20 11:06:00,1,255.4,365.0,255.4,Low Value,19,0,0.00030133473092371223,0.000911471883626239,2.7465813479704186e-07,3910.0
14882.0,2,589.7,2011-11-06 10:15:00,2011-11-13 12:47:00,7,294.85,104.28571428571428,589.7,Medium Value,26,0,0.0007624381422110105,0.002104522199586504,1.6045679960945636e-06,2948.0
14883.0,6,761.59,2011-05-12 09:49:00,2011-11-21 10:23:00,193,126.93,11.347150259067357,761.58,Medium Value,18,0,0.00030089611620658677,0.0027179277883009833,8.17813915629724e-07,3312.0
14885.0,1,765.3199999999999,2011-07-31 12:05:00,2011-07-31 12:05:00,1,765.32,365.0,765.3200000000002,Medium Value,131,1,0.9774848311331932,0.002731275105625816,0.002669779985400945,282.0
14886.0,1,364.8,2011-04-01 08:56:00,2011-04-01 08:56:00,1,364.8,365.0,364.8,Low Value,252,1,0.9999999610489008,0.0013018987593846985,0.0013018987086743108,669.0
14887.0,1,1862.0,2011-09-21 15:32:00,2011-09-21 15:32:00,1,1862.0,365.0,1862.0,High Value,78,0,0.07628569955901215,0.006645108251026065,0.0005069267315748871,1294.0
14888.0,1,369.2,2011-05-16 14:58:00,2011-05-16 14:58:00,1,369.2,365.0,369.2,Low Value,206,1,0.9999943263182977,0.0013176014856492069,0.0013175940099977668,662.0
14889.0,1,135.9,2011-01-07 15:19:00,2011-01-07 15:19:00,1,135.9,365.0,135.9,Low Value,335,1,0.9999999999956257,0.0004850001134878852,0.00048500011348576367,1315.0
14890.0,1,125.65,2011-03-31 11:57:00,2011-03-31 11:57:00,1,125.65,365.0,125.65,Low Value,253,1,0.999999968845449,0.00044841989889442805,0.00044841988492410744,1361.0
14891.0,2,554.38,2011-06-05 10:58:00,2011-07-14 18:08:00,39,277.19,18.71794871794872,554.38,Medium Value,147,1,0.9974710837336758,0.0019784721332995864,0.0019734687429392157,431.0
14893.0,2,1237.8500000000001,2011-11-28 10:49:00,2011-11-30 12:31:00,2,618.93,365.0,1237.86,High Value,9,0,8.362685603822315e-05,0.004417676530405545,3.694363992316616e-07,3765.0
14894.0,1,655.75,2011-09-15 13:51:00,2011-09-15 13:51:00,1,655.75,365.0,655.75,Medium Value,84,0,0.2203054245432662,0.002340241533625318,0.00051556790459911,1285.0
14895.0,20,11138.710000000001,2011-02-22 13:08:00,2011-12-02 09:23:00,282,556.94,25.886524822695037,11138.800000000001,High Value,7,0,4.943078770279297e-05,0.03975216529888783,1.964980843615658e-06,2856.0
14896.0,2,468.77000000000004,2010-12-09 12:24:00,2011-05-19 10:20:00,160,234.39,4.5625,468.78,Medium Value,204,1,0.9999944248475425,0.0016729827314264224,0.001672973404292636,517.0
14897.0,4,1366.38,2011-02-16 08:37:00,2011-12-02 10:32:00,289,341.6,5.051903114186851,1366.4,High Value,7,0,8.151315451825857e-05,0.004876410265414616,3.974915834591639e-07,3719.0
14898.0,6,1303.52,2010-12-03 15:25:00,2011-11-16 14:54:00,347,217.25,6.311239193083574,1303.5000000000002,High Value,22,0,0.00040154962426236745,0.004651932655860621,1.8679818100546694e-06,2869.0
14901.0,9,1421.29,2010-12-02 11:20:00,2011-11-28 17:09:00,361,157.92,9.09972299168975,1421.28,High Value,10,0,0.00010368957103016135,0.0050722660875501206,5.259410947689069e-07,3553.0
14902.0,1,332.66,2011-11-14 10:34:00,2011-11-14 10:34:00,1,332.66,365.0,332.66,Low Value,20,0,0.000323518703819733,0.001187197481625312,3.840805904334722e-07,3739.0
14903.0,5,2810.63,2011-03-06 11:50:00,2011-11-18 16:07:00,257,562.13,7.101167315175098,2810.6500000000005,High Value,20,0,0.00029817545303785,0.01003065172166832,2.9908941213733414e-06,2684.0
14904.0,2,1025.44,2011-11-14 09:13:00,2011-12-07 12:55:00,23,512.72,31.73913043478261,1025.44,Medium Value,1,0,4.823504846736805e-05,0.0036595917319721632,1.765205845624567e-07,4086.0
14905.0,2,616.15,2011-04-20 10:48:00,2011-07-05 12:41:00,76,308.08,9.605263157894736,616.1599999999999,Medium Value,153,1,0.9986338726516802,0.002198952685258979,0.0021959486358579857,367.0
14907.0,7,3501.1,2010-12-07 10:14:00,2011-12-06 14:14:00,364,500.16,7.01923076923077,3501.120000000001,High Value,2,0,3.8802563841467445e-05,0.012494802040726305,4.848303538717802e-07,3609.0
14908.0,1,277.8,2011-09-26 12:56:00,2011-09-26 12:56:00,1,277.8,365.0,277.8,Low Value,73,0,0.09341347514730575,0.000991413035518282,9.261133695410197e-05,1802.0
14910.0,4,434.35,2011-10-16 11:06:00,2011-12-07 10:06:00,51,108.59,28.627450980392158,434.36000000000007,Medium Value,2,0,6.121172943489104e-05,0.0015501445864208817,9.488703100895608e-08,4224.0
14911.0,201,143825.06,2010-12-01 14:05:00,2011-12-08 15:54:00,372,715.55,197.21774193548387,143825.55,High Value,0,0,2.2734737560397127e-07,0.5132848276119021,1.1669395849490275e-07,4190.0
14912.0,2,867.85,2011-04-07 11:06:00,2011-11-23 09:20:00,229,433.92,3.187772925764192,867.8399999999999,Medium Value,16,0,0.0002260711028950334,0.003097148627588861,7.001758060688529e-07,3395.0
14913.0,4,1227.43,2010-12-15 14:35:00,2011-11-04 08:29:00,323,306.86,4.520123839009289,1227.4400000000003,High Value,35,0,0.0016756290385394593,0.004380489619570051,7.340075609572246e-06,2383.0
14915.0,2,307.48,2011-03-07 09:39:00,2011-09-09 13:34:00,186,153.74,3.9247311827956994,307.48,Low Value,85,0,0.31818900866603056,0.0010973350617752386,0.00034915995548074057,1487.0
14916.0,4,1268.98,2011-01-19 15:30:00,2011-09-30 09:20:00,253,317.24,5.770750988142292,1268.9599999999998,High Value,70,0,0.0717787958693439,0.004528666254684228,0.00032506221065536537,1510.0
14918.0,2,1610.15,2011-07-08 12:50:00,2011-08-16 11:50:00,38,805.08,19.210526315789473,1610.16,High Value,115,1,0.9054970915797297,0.005746341300468383,0.005203295334798602,105.0
14920.0,2,977.77,2011-05-11 10:31:00,2011-05-11 10:32:00,1,488.88,730.0,977.7600000000001,Medium Value,212,1,0.9999956360843358,0.003489431280087672,0.0034894160525038498,201.0
14921.0,2,1316.07,2011-05-22 12:51:00,2011-11-09 13:17:00,171,658.04,4.269005847953216,1316.08,High Value,29,0,0.0008610572633185167,0.004696828177771419,4.0442380170291535e-06,2578.0
14923.0,1,749.1,2011-10-20 11:51:00,2011-10-20 11:51:00,1,749.1,365.0,749.1,Medium Value,50,0,0.006765864101977057,0.002673389146532559,1.8087787657139722e-05,2149.0
14924.0,1,310.05,2011-04-08 09:25:00,2011-04-08 09:25:00,1,310.05,365.0,310.05,Low Value,245,1,0.9999999190642171,0.0011065068814342812,0.0011065067918782806,811.0
14929.0,1,223.88,2011-11-07 17:21:00,2011-11-07 17:21:00,1,223.88,365.0,223.88,Low Value,31,0,0.0011204523468562083,0.0007989832627495786,8.952226718465959e-07,3259.0
14930.0,3,2372.86,2011-03-10 14:42:00,2011-08-23 10:31:00,165,790.95,6.636363636363636,2372.85,High Value,108,1,0.8035844271942454,0.00846823045834973,0.00680493812222183,58.0
14931.0,5,1257.68,2011-04-13 09:32:00,2011-12-05 10:19:00,236,251.54,7.733050847457627,1257.7,High Value,4,0,6.213536997657191e-05,0.004488481550652783,2.7889346178282784e-07,3904.0
14932.0,1,363.53,2010-12-09 11:48:00,2010-12-09 11:48:00,1,363.53,365.0,363.53,Low Value,365,1,0.9999999999998102,0.0012973663815765335,0.0012973663815762872,674.0
14934.0,2,1890.94,2011-03-02 11:48:00,2011-09-19 10:10:00,200,945.47,3.65,1890.9399999999998,High Value,72,0,0.0717810437449346,0.006748389364229445,0.0004844064321616052,1318.0
14935.0,1,1784.71,2011-02-15 14:44:00,2011-02-15 14:44:00,1,1784.71,365.0,1784.71,High Value,296,1,0.9999999993409618,0.0063692755889842795,0.006369275584786684,67.0
14936.0,8,8137.02,2011-03-09 11:53:00,2011-11-06 10:30:00,241,1017.13,12.116182572614107,8137.039999999999,High Value,8,0,6.123650556767583e-05,0.029039479937126276,1.7782762748522436e-06,2895.0
14937.0,3,1621.88,2011-08-01 14:16:00,2011-10-14 12:29:00,73,540.63,15.0,1621.8899999999999,High Value,56,0,0.01723301864204405,0.005788203341168992,9.97482160823069e-05,1784.0
14944.0,12,5900.25,2011-02-16 12:47:00,2011-11-10 09:10:00,266,491.69,16.466165413533833,5900.279999999999,High Value,29,0,0.0006809221165664058,0.02105692766453494,1.4338127753720835e-05,2196.0
14946.0,1,100.9,2011-11-25 13:33:00,2011-11-25 13:33:00,1,100.9,365.0,100.9,Low Value,13,0,0.0001695685671370521,0.0003600920636565682,6.106029527166842e-08,4278.0
14947.0,2,290.82,2011-08-01 09:31:00,2011-09-28 15:48:00,58,145.41,12.586206896551724,290.82,Low Value,71,0,0.10034170360407055,0.0010378788300555318,0.00010414252994237168,1776.0
14948.0,6,1101.97,2011-05-04 14:52:00,2011-11-16 17:16:00,196,183.66,11.173469387755102,1101.9599999999998,Medium Value,22,0,0.00045051063724388596,0.003932676416917659,1.7717125586595767e-06,2897.0
14950.0,1,371.2,2011-11-20 13:48:00,2011-11-20 13:48:00,1,371.2,365.0,371.2,Low Value,8,0,8.66631988288358e-05,0.0013247390884967107,1.1480612702272114e-07,4195.0
14951.0,1,311.69,2011-09-21 15:15:00,2011-09-21 15:15:00,1,311.69,365.0,311.69,Low Value,78,0,0.14833151265766092,0.0011123597157692343,0.00016499799925949628,1674.0
14952.0,11,8099.49,2010-12-10 12:48:00,2011-10-11 10:33:00,304,736.32,13.207236842105264,8099.520000000002,High Value,45,0,0.0034140541783987685,0.028905578507707114,9.868521108327111e-05,1787.0
14953.0,1,289.82,2011-11-14 14:59:00,2011-11-14 14:59:00,1,289.82,365.0,289.82,Low Value,24,0,0.0005091089264520907,0.0010343100286317798,5.265764682953566e-07,3552.0
14954.0,1,336.17,2011-11-27 14:30:00,2011-11-27 14:30:00,1,336.17,365.0,336.17,Low Value,11,0,0.00012194655449264585,0.0011997239746226811,1.4630220504745845e-07,4149.0
14957.0,1,58.49,2011-03-31 17:59:00,2011-03-31 17:59:00,1,58.49,365.0,58.49000000000001,Low Value,252,1,0.9999999663881425,0.00020873919527524952,0.00020873918825913744,1631.0
14958.0,3,499.68,2011-04-08 11:28:00,2011-07-15 14:20:00,98,166.56,11.173469387755102,499.67999999999995,Medium Value,146,1,0.9971696143606116,0.0017832586954203565,0.0017782113856175243,484.0
14959.0,4,695.42,2011-02-16 13:00:00,2011-10-06 18:23:00,232,173.86,6.293103448275862,695.44,Medium Value,58,0,0.022407456746497592,0.002481887262134032,5.561278147595165e-05,1896.0
14960.0,2,221.27,2011-06-21 13:38:00,2011-12-01 12:54:00,162,110.64,4.506172839506172,221.27999999999994,Low Value,7,0,0.00010426962736317538,0.0007897043790478234,8.234218133038435e-08,4247.0
14961.0,9,7044.68,2010-12-14 11:38:00,2011-11-29 09:42:00,349,782.74,9.412607449856734,7044.660000000001,High Value,10,0,7.737188591794064e-05,0.025140992637848164,1.9452060142393737e-06,2861.0
14962.0,1,126.7,2011-03-14 09:42:00,2011-03-14 09:42:00,1,126.7,365.0,126.7,Low Value,270,1,0.9999999950502549,0.00045216714038936757,0.0004521671381512555,1360.0
14963.0,5,1487.8,2011-06-09 12:30:00,2011-11-30 12:16:00,173,297.56,10.549132947976878,1487.7999999999997,High Value,9,0,0.00010873910065306031,0.0053096627582580975,5.773679531040331e-07,3496.0
14964.0,1,206.21,2011-04-06 14:13:00,2011-04-06 14:13:00,1,206.21,365.0,206.21000000000004,Low Value,246,1,0.9999999309083029,0.0007359225415918824,0.000735922490745745,1058.0
14965.0,2,599.0,2011-09-04 13:15:00,2011-09-04 13:20:00,1,299.5,730.0,599.0,Medium Value,95,1,0.44247184101879483,0.002137712052827397,0.0009458773875826055,925.0
14966.0,1,191.32,2011-11-25 12:20:00,2011-11-25 12:20:00,1,191.32,365.0,191.32000000000002,Low Value,14,0,0.00018090453999950376,0.0006827830883922164,1.235185605250344e-07,4182.0
14967.0,1,463.8,2011-10-21 11:06:00,2011-10-21 11:06:00,1,463.8,365.0,463.8,Medium Value,49,0,0.006964065254401867,0.001655210100336138,1.1526991148485926e-05,2260.0
14968.0,1,147.59,2011-11-09 13:58:00,2011-11-09 13:58:00,1,147.59,365.0,147.59,Low Value,29,0,0.0009362709748906224,0.0005267194021315451,4.931520881275075e-07,3592.0
14970.0,4,1592.06,2011-01-27 12:23:00,2011-10-02 13:44:00,248,398.02,5.887096774193548,1592.08,High Value,67,0,0.05117485884266718,0.005681817370726948,0.00029076620191676594,1538.0
14971.0,3,1116.57,2011-10-27 13:33:00,2011-11-04 17:07:00,8,372.19,136.875,1116.57,Medium Value,34,0,0.001656399366514602,0.003984816605718675,6.60044770138928e-06,2420.0
14972.0,1,114.77,2011-08-03 14:54:00,2011-08-03 14:54:00,1,114.77,365.0,114.76999999999998,Low Value,127,1,0.9746903442245782,0.0004095913394040072,0.0003992247235950978,1422.0
14973.0,3,1314.45,2011-04-28 12:22:00,2011-08-24 15:51:00,118,438.15,9.279661016949154,1314.4500000000003,High Value,106,1,0.8009138644742397,0.004691011031450705,0.0037570957734904737,176.0
14974.0,1,114.39,2011-11-02 13:01:00,2011-11-02 13:01:00,1,114.39,365.0,114.39,Low Value,36,0,0.0020273645109994878,0.0004082351948629815,8.27641546206169e-07,3304.0
14975.0,1,279.94,2011-10-13 14:08:00,2011-10-13 14:08:00,1,279.94,365.0,279.94,Low Value,56,0,0.01608249673246291,0.000999050270565111,1.6067222711929584e-05,2169.0
14976.0,7,790.86,2011-01-17 11:09:00,2011-10-13 16:37:00,269,112.98,9.498141263940521,790.86,Medium Value,56,0,0.016910111262507802,0.0028224222939884393,4.772747502112701e-05,1938.0
14978.0,5,1931.42,2011-01-13 12:03:00,2011-09-28 13:07:00,258,386.28,7.073643410852713,1931.4,High Value,71,0,0.07494053502365158,0.006892783069834448,0.0005165488510553611,1283.0
14981.0,1,102.12,2011-04-07 13:45:00,2011-04-07 13:45:00,1,102.12,365.0,102.12,Low Value,245,1,0.9999999267719459,0.00036444600139354553,0.00036444597470587403,1464.0
14984.0,2,213.27,2011-06-12 11:04:00,2011-11-20 14:28:00,161,106.64,4.534161490683229,213.28,Low Value,18,0,0.00034377817795589545,0.0007611539676578084,2.6166812414530195e-07,3932.0
14985.0,2,296.75,2010-12-16 19:51:00,2011-05-25 14:29:00,159,148.38,4.591194968553459,296.76000000000005,Low Value,197,1,0.9999885960560352,0.0010590775105126184,0.001059065432852034,865.0
14987.0,2,326.4,2010-12-09 12:13:00,2011-11-24 09:59:00,349,163.2,2.0916905444126073,326.3999999999999,Low Value,15,0,0.0002131466155143468,0.0011648567847126247,2.4828528122042004e-07,3948.0
14988.0,1,334.54,2011-05-12 12:05:00,2011-05-12 12:05:00,1,334.54,365.0,334.54,Low Value,211,1,0.9999967523096855,0.0011939068283019656,0.001193902950862323,732.0
14995.0,2,233.23000000000002,2011-03-04 13:14:00,2011-11-01 11:39:00,241,116.62,3.029045643153527,233.24,Low Value,38,0,0.0028193497438151814,0.0008323872440758966,2.346790763340404e-06,2777.0
14997.0,3,546.1999999999999,2011-06-14 16:52:00,2011-10-24 13:28:00,131,182.07,8.358778625954198,546.2099999999999,Medium Value,45,0,0.006086074389849797,0.0019493150256675328,1.1863676255464572e-05,2252.0
14998.0,2,429.87,2011-04-12 16:28:00,2011-06-22 17:30:00,71,214.94,10.28169014084507,429.87999999999994,Medium Value,169,1,0.9997692553882515,0.0015341563560424727,0.0015338023577297361,565.0
15000.0,1,490.52,2011-10-23 11:42:00,2011-10-23 11:42:00,1,490.52,365.0,490.52,Medium Value,47,0,0.005544715985226552,0.001750568474378789,9.70640500312173e-06,2304.0
15002.0,4,1641.76,2010-12-07 13:16:00,2011-08-16 10:44:00,251,410.44,5.816733067729084,1641.76,High Value,115,1,0.9061680046883307,0.005859115425458943,0.00530934293432675,102.0
15004.0,1,1246.32,2011-07-15 14:05:00,2011-07-15 14:05:00,1,1246.32,365.0,1246.32,High Value,146,1,0.9943076887789996,0.004447868590450486,0.004422549938163529,139.0
15005.0,28,6316.57,2010-12-08 14:36:00,2011-11-24 12:25:00,350,225.59,29.2,6316.5199999999995,High Value,15,0,0.00010829079478852974,0.02254240556915744,2.4411350155294387e-06,2761.0
15006.0,1,502.09,2011-10-19 15:08:00,2011-10-19 15:08:00,1,502.09,365.0,502.0899999999999,Medium Value,50,0,0.007613500085169939,0.0017918595068515985,1.364232250802721e-05,2211.0
15007.0,1,156.91,2011-07-03 16:00:00,2011-07-03 16:00:00,1,156.91,365.0,156.91,Low Value,158,1,0.9990762845157131,0.0005599806314009129,0.0005594633686207871,1236.0
15009.0,3,1261.78,2011-11-14 17:40:00,2011-11-27 13:35:00,12,420.59,91.25,1261.7699999999998,High Value,11,0,0.00013927953106456203,0.004503006572447453,6.27176643791122e-07,3454.0
15010.0,1,308.94,2011-11-04 12:42:00,2011-11-04 12:42:00,1,308.94,365.0,308.94,Low Value,35,0,0.001657361431400732,0.0011025455118539164,1.8273164077106596e-06,2881.0
15012.0,2,423.04,2010-12-01 12:49:00,2011-10-17 12:22:00,319,211.52,2.288401253918495,423.03999999999996,Medium Value,53,0,0.01283015898927798,0.0015097457543040097,1.9370278061107857e-05,2131.0
15014.0,2,260.17,2011-06-16 19:40:00,2011-10-27 20:07:00,133,130.08,5.488721804511278,260.16,Low Value,42,0,0.004631091156457826,0.0009284593784032981,4.299780016453845e-06,2556.0
15016.0,1,170.04,2011-06-20 12:06:00,2011-06-20 12:06:00,1,170.04,365.0,170.04,Low Value,172,1,0.9997956074437886,0.0006068389940947755,0.0006067149607215638,1186.0
15017.0,1,125.58,2011-11-06 10:33:00,2011-11-06 10:33:00,1,125.58,365.0,125.58,Low Value,33,0,0.001458184690291932,0.0004481700827947654,6.535147533781946e-07,3427.0
15018.0,3,496.21000000000004,2010-12-07 10:47:00,2011-11-01 12:47:00,329,165.4,3.328267477203647,496.19999999999993,Medium Value,38,0,0.002532087168787464,0.0017708392664656997,4.483919384602803e-06,2541.0
15019.0,1,266.0,2011-03-18 12:35:00,2011-03-18 12:35:00,1,266.0,365.0,266.0,Low Value,266,1,0.9999999918391093,0.0009493011787180093,0.0009493011709708661,922.0
15021.0,9,1914.82,2010-12-08 12:17:00,2011-12-01 11:53:00,357,212.76,9.201680672268909,1914.84,High Value,8,0,8.154755476883137e-05,0.006833683718257115,5.572701972874433e-07,3518.0
15022.0,4,905.04,2011-10-23 15:47:00,2011-11-28 12:35:00,35,226.26,41.714285714285715,905.04,Medium Value,11,0,0.0001532028038232365,0.0032299080405524326,4.948309679038485e-07,3589.0
15023.0,11,6802.76,2010-12-05 13:49:00,2011-12-06 17:23:00,366,618.43,10.969945355191257,6802.73,High Value,2,0,3.31458646887626e-05,0.02427759250939986,8.047017962854841e-07,3317.0
15024.0,10,1661.33,2010-12-07 13:20:00,2011-11-30 12:06:00,357,166.13,10.224089635854343,1661.3,High Value,9,0,9.065062110262777e-05,0.005928849805279055,5.3745391727274e-07,3540.0
15025.0,1,377.01,2011-11-06 15:20:00,2011-11-06 15:20:00,1,377.01,365.0,377.01,Low Value,32,0,0.0011597842758885994,0.0013454738247687093,1.5604593855864417e-06,2958.0
15026.0,3,469.0,2011-03-07 13:45:00,2011-09-20 13:52:00,197,156.33,5.558375634517767,468.9900000000001,Medium Value,79,0,0.19066787188719717,0.0016737321797254108,0.0003191269528173639,1515.0
15027.0,4,1066.1499999999999,2011-04-15 14:14:00,2011-11-09 10:16:00,207,266.54,7.053140096618357,1066.1599999999999,Medium Value,30,0,0.0010746435694483686,0.0038049133259473408,4.088925638037714e-06,2573.0
15028.0,4,627.13,2010-12-06 12:47:00,2011-12-01 14:06:00,360,156.78,4.055555555555555,627.12,Medium Value,7,0,8.495471239279792e-05,0.0022380667488633007,1.90134316965566e-07,4059.0
15030.0,2,518.28,2011-03-16 15:34:00,2011-09-29 10:50:00,196,259.14,3.724489795918367,518.28,Medium Value,71,0,0.08827423982860559,0.0018496384019021422,0.0001632754238857085,1678.0
15031.0,4,668.14,2011-03-02 14:46:00,2011-12-05 14:19:00,277,167.04,5.270758122743683,668.16,Medium Value,3,0,5.7964745801684606e-05,0.002384530359294079,1.3821869613288095e-07,4160.0
15032.0,3,4959.1,2010-12-08 12:57:00,2011-03-28 15:03:00,110,1653.03,9.954545454545453,4959.089999999999,High Value,255,1,0.9999999560572227,0.01769800745251388,0.01769800667481428,10.0
15033.0,10,2586.67,2011-01-14 13:28:00,2011-12-05 12:40:00,324,258.67,11.265432098765432,2586.7,High Value,4,0,5.156980084476937e-05,0.009231418642819077,4.7606242092487097e-07,3621.0
15034.0,8,4308.61,2010-12-21 09:47:00,2011-11-24 12:11:00,338,538.58,8.63905325443787,4308.640000000001,High Value,15,0,0.00015438073530579436,0.015376680566434453,2.3738632524084693e-06,2774.0
15035.0,1,252.73000000000002,2011-09-11 11:08:00,2011-09-11 11:08:00,1,252.73,365.0,252.73,Low Value,89,0,0.37082064944306453,0.0009019431838248214,0.0003344591571866656,1502.0
15036.0,3,465.55,2011-06-13 12:19:00,2011-09-28 15:42:00,107,155.18,10.233644859813085,465.54,Medium Value,71,0,0.09504052345060539,0.0016614198148134664,0.00015790220887107971,1689.0
15038.0,6,705.49,2010-12-05 10:54:00,2011-10-12 11:33:00,311,117.58,7.041800643086817,705.4799999999999,Medium Value,42,0,0.003747160887930329,0.0025177180284285004,9.434294522964336e-06,2314.0
15039.0,47,19914.44,2010-12-06 11:26:00,2011-11-30 11:31:00,359,423.71,47.78551532033426,19914.37,High Value,9,0,3.1896187043064855e-05,0.07107043200912241,2.266875792594392e-06,2796.0
15041.0,1,180.35,2011-06-22 16:16:00,2011-06-22 16:16:00,1,180.35,365.0,180.35,Low Value,169,1,0.9997158069882398,0.0006436333367736578,0.0006434504206772108,1145.0
15042.0,1,135.93,2011-05-24 16:25:00,2011-05-24 16:25:00,1,135.93,365.0,135.93,Low Value,198,1,0.9999879447342522,0.0004851071775305978,0.0004851013294346565,1314.0
15043.0,1,537.0,2011-11-08 14:26:00,2011-11-08 14:26:00,1,537.0,365.0,537.0,Medium Value,30,0,0.0008650564163128698,0.0019164463645547781,1.657834224177584e-06,2932.0
15044.0,17,7700.2300000000005,2010-12-12 14:27:00,2011-11-20 13:20:00,342,452.95,18.14327485380117,7700.15,High Value,18,0,0.00017745284695988212,0.027480306283103304,4.876458585266218e-06,2511.0
15045.0,2,735.66,2011-03-27 11:44:00,2011-07-11 11:33:00,105,367.83,6.952380952380953,735.6600000000001,Medium Value,151,1,0.9982239795766259,0.002625424455397334,0.0026207616479445224,289.0
15046.0,15,5213.7699999999995,2011-01-05 15:30:00,2011-11-30 15:50:00,329,347.58,16.641337386018236,5213.7,High Value,8,0,6.703504841056363e-05,0.018606659983015358,1.2472983527203315e-06,3064.0
15047.0,1,343.62,2011-03-15 10:49:00,2011-03-15 10:49:00,1,343.62,365.0,343.62,Low Value,269,1,0.9999999938774213,0.0012263115452296328,0.0012263115377214439,717.0
15048.0,4,384.05,2010-12-06 12:15:00,2011-10-05 14:55:00,303,96.01,4.818481848184819,384.04,Low Value,64,0,0.041647706019175654,0.0013705624987776853,5.708078402999983e-05,1893.0
15049.0,1,121.17000000000002,2011-03-11 12:13:00,2011-03-11 12:13:00,1,121.17,365.0,121.17,Low Value,273,1,0.9999999964322124,0.0004324316685160195,0.00043243166697319515,1376.0
15050.0,3,1782.09,2011-09-29 13:22:00,2011-11-14 16:17:00,46,594.03,23.804347826086957,1782.09,High Value,24,0,0.0005407735330017665,0.006359925329254049,3.439279289928135e-06,2637.0
15051.0,3,1391.61,2011-07-12 15:29:00,2011-11-16 15:38:00,127,463.87,8.622047244094489,1391.6100000000001,High Value,22,0,0.00044439259962656346,0.0049663797493074025,2.207022407527437e-06,2807.0
15052.0,1,215.78,2011-01-24 15:52:00,2011-01-24 15:52:00,1,215.78,365.0,215.78,Low Value,318,1,0.9999999999713742,0.0007700759712171881,0.0007700759711951441,1032.0
15053.0,3,697.79,2011-03-03 12:06:00,2011-12-05 12:08:00,277,232.6,3.9530685920577615,697.8,Medium Value,4,0,6.417508561713548e-05,0.0024903096334940858,1.5981583394266022e-07,4122.0
15054.0,2,302.1,2011-10-30 14:33:00,2011-11-27 15:02:00,28,151.05,26.07142857142857,302.1,Low Value,11,0,0.00016966030018363554,0.0010781349101154534,1.8291669248864475e-07,4074.0
15057.0,2,1489.5,2011-01-28 09:09:00,2011-03-09 15:17:00,40,744.75,18.25,1489.5,High Value,274,1,0.9999999965981776,0.005315729720678477,0.005315729702595308,101.0
15058.0,11,2124.9900000000002,2011-01-31 15:35:00,2011-11-14 14:57:00,286,193.18,14.03846153846154,2124.98,High Value,24,0,0.00046336208790940164,0.007583631649444343,3.5139673950223504e-06,2629.0
15059.0,9,1337.72,2011-01-09 11:54:00,2011-10-30 11:35:00,293,148.64,11.211604095563139,1337.7599999999998,High Value,40,0,0.00279358042989884,0.00477419979263836,1.3337111109141623e-05,2221.0
15060.0,4,303.09,2011-11-30 14:03:00,2011-12-01 13:47:00,1,75.77,1460.0,303.08,Low Value,7,0,3.337727363186916e-05,0.0010816323355107302,3.610193843141935e-08,4315.0
15061.0,48,54534.14,2010-12-02 15:19:00,2011-12-06 12:06:00,368,1136.13,47.608695652173914,54534.240000000005,High Value,3,0,1.147502340742395e-05,0.19462187335522863,2.233290552347948e-06,2803.0
15062.0,4,987.86,2010-12-15 15:37:00,2011-09-29 16:51:00,288,246.96,5.069444444444444,987.8399999999999,Medium Value,70,0,0.07248411319246699,0.003525404798439091,0.00025553584045932533,1579.0
15063.0,1,370.79999999999995,2011-05-10 13:25:00,2011-05-10 13:25:00,1,370.8,365.0,370.8,Low Value,212,1,0.9999970341801683,0.00132331156792721,0.0013233076432235182,658.0
15065.0,4,3158.13,2011-02-21 12:54:00,2011-11-02 09:45:00,253,789.53,5.770750988142292,3158.1199999999994,High Value,37,0,0.0017280843019646201,0.011270703152379394,1.9476725189729987e-05,2128.0
15066.0,1,893.59,2011-10-17 13:25:00,2011-10-17 13:25:00,1,893.59,365.0,893.5900000000001,Medium Value,31,0,0.000811969476794063,0.0031890452642504737,2.5894074146860414e-06,2740.0
15067.0,3,1744.76,2011-03-02 12:10:00,2011-09-22 13:20:00,204,581.59,5.367647058823529,1744.7699999999998,High Value,77,0,0.1333732685222475,0.006226737660119627,0.0008304803539607262,991.0
15068.0,2,553.36,2011-03-28 14:27:00,2011-10-24 14:47:00,210,276.68,3.4761904761904767,553.36,Medium Value,45,0,0.005669374703205008,0.0019748319558473594,1.1196062333561889e-05,2266.0
15069.0,1,1109.53,2011-06-13 14:16:00,2011-06-13 14:16:00,1,1109.53,365.0,1109.53,Medium Value,178,1,0.9998321952054395,0.003959692243695461,0.003959027788351986,160.0
15070.0,1,106.2,2010-12-02 11:23:00,2010-12-02 11:23:00,1,106.2,365.0,106.2,Low Value,372,1,0.9999999999999214,0.00037900671120245336,0.00037900671120242354,1448.0
15071.0,2,982.07,2011-03-09 10:19:00,2011-09-07 11:43:00,182,491.04,4.010989010989011,982.08,Medium Value,93,1,0.48604090601165834,0.0035048485022382806,0.0017034997414614977,508.0
15073.0,3,1043.41,2011-06-06 09:59:00,2011-11-30 10:44:00,177,347.8,6.186440677966102,1043.4,Medium Value,9,0,0.00011146158251378464,0.003723687405542748,4.1504809100844366e-07,3698.0
15074.0,1,748.87,2011-08-26 14:45:00,2011-08-26 14:45:00,1,748.87,365.0,748.87,Medium Value,104,1,0.7018560835285912,0.002672568322205096,0.0018757583355854467,455.0
15075.0,1,773.03,2011-09-23 12:27:00,2011-09-23 12:27:00,1,773.03,365.0,773.0300000000001,Medium Value,77,0,0.11125009182943212,0.0027587905646029426,0.00030691570365024826,1526.0
15076.0,1,880.85,2011-06-20 08:23:00,2011-06-20 08:23:00,1,880.85,365.0,880.85,Medium Value,172,1,0.9997122550669938,0.003143578734111874,0.0031426741852596273,227.0
15078.0,32,9743.11,2010-12-06 12:38:00,2011-12-02 15:41:00,361,304.47,32.35457063711911,9743.039999999999,High Value,6,0,3.539668914782327e-05,0.03477097502367185,1.2307773942796395e-06,3074.0
15079.0,4,895.61,2010-12-09 09:25:00,2011-05-11 12:45:00,153,223.9,9.542483660130719,895.6000000000001,Medium Value,212,1,0.9999975533674769,0.003196218555112215,0.0031962107351399473,222.0
15081.0,5,504.8,2010-12-07 16:20:00,2011-11-17 17:08:00,345,100.96,5.2898550724637685,504.8,Medium Value,21,0,0.0003912251661159829,0.0018015309587099664,7.048042485843925e-07,3390.0
15083.0,1,88.2,2011-03-28 12:18:00,2011-03-28 12:18:00,1,88.2,365.0,88.2,Low Value,256,1,0.9999999778860913,0.00031476828557491885,0.00031476827861416174,1521.0
15087.0,1,306.94,2011-03-03 10:34:00,2011-03-03 10:34:00,1,306.94,365.0,306.94,Low Value,281,1,0.9999999983588224,0.0010954079090064127,0.0010954079072086538,826.0
15088.0,2,1160.07,2011-10-03 14:05:00,2011-11-18 13:14:00,45,580.04,16.22222222222222,1160.08,Medium Value,20,0,0.0003642935476093915,0.0041400951556661205,1.508209951698067e-06,2975.0
15089.0,6,2420.84,2011-08-03 14:14:00,2011-11-29 16:31:00,118,403.47,18.559322033898308,2420.8200000000006,High Value,9,0,0.00010404265569410028,0.008639425862647113,8.988688104220989e-07,3256.0
15090.0,1,381.32,2011-02-04 14:03:00,2011-02-04 14:03:00,1,381.32,365.0,381.32,Low Value,307,1,0.9999999998980327,0.00136085535890508,0.0013608553587663172,641.0
15091.0,1,480.71,2011-10-03 12:47:00,2011-10-03 12:47:00,1,480.71,365.0,480.71,Medium Value,53,0,0.01061127053353151,0.0017155585324117827,1.820425570352971e-05,2148.0
15092.0,2,457.81,2011-03-01 12:24:00,2011-05-08 14:10:00,68,228.9,10.735294117647058,457.8,Medium Value,214,1,0.9999982216941103,0.0016337972917936266,0.00163379438640228,530.0
15093.0,6,4597.02,2010-12-02 18:25:00,2011-11-21 13:09:00,353,766.17,6.203966005665723,4597.02,High Value,17,0,0.00017877699985233543,0.016405851521016028,2.9329889149501193e-06,2692.0
15095.0,4,1370.6,2011-05-20 14:27:00,2011-08-28 12:01:00,99,342.65,14.74747474747475,1370.6000000000001,High Value,103,1,0.7498180167852226,0.004891399231394374,0.003667659270988892,187.0
15096.0,1,219.39000000000001,2011-10-28 10:27:00,2011-10-28 10:27:00,1,219.39,365.0,219.39,Low Value,42,0,0.0036839884084207443,0.0007829593443569325,2.884413148875645e-06,2697.0
15097.0,1,248.08,2011-12-05 14:03:00,2011-12-05 14:03:00,1,248.08,365.0,248.08000000000004,Low Value,3,0,5.3522704758366723e-05,0.0008853482572043751,4.7386233378684293e-08,4302.0
15098.0,3,39916.5,2011-06-10 15:22:00,2011-06-10 15:33:00,1,13305.5,1095.0,39916.5,High Value,181,1,0.923334227796923,0.1424540620311933,0.1315327113621068,2.0
15099.0,1,410.48,2011-09-16 13:13:00,2011-09-16 13:13:00,1,410.48,365.0,410.48,Medium Value,83,0,0.22199449799647944,0.001464921608421686,0.0003252045370657674,1509.0
15100.0,3,876.0,2010-12-01 09:09:00,2011-01-10 10:35:00,40,292.0,27.375,876.0,Medium Value,329,1,0.9999999999926668,0.003126270047206677,0.0031262700471837513,230.0
15101.0,2,317.53,2010-12-15 12:54:00,2011-12-01 10:18:00,350,158.76,2.085714285714286,317.52,Low Value,8,0,0.00010006828160864074,0.0011331658280697079,1.133939571925681e-07,4200.0
15103.0,2,703.36,2011-09-14 13:54:00,2011-11-08 14:53:00,55,351.68,13.272727272727272,703.3599999999999,Medium Value,30,0,0.001194061543235038,0.0025101521694101464,2.997276173160658e-06,2682.0
15104.0,2,1027.44,2011-03-02 14:16:00,2011-05-27 12:29:00,85,513.72,8.588235294117647,1027.4399999999998,Medium Value,166,1,0.9996283932753312,0.0036667293348196664,0.003665366753541307,188.0
15105.0,7,2298.93,2011-07-28 10:09:00,2011-11-21 16:54:00,116,328.42,22.02586206896552,2298.94,High Value,17,0,0.00024993202492638633,0.008204460345120226,2.0505573874841365e-06,2841.0
15106.0,5,1422.52,2011-03-15 12:52:00,2011-11-22 09:16:00,251,284.5,7.270916334661354,1422.5,High Value,17,0,0.00024729432589504707,0.005076620025287098,1.2554193269786698e-06,3056.0
15107.0,6,319.5,2010-12-02 13:45:00,2011-02-01 14:46:00,61,53.25,35.90163934426229,319.49999999999994,Low Value,310,1,0.9999999999438753,0.0011402320548887365,0.0011402320548247415,776.0
15108.0,4,1300.25,2011-04-26 10:54:00,2011-07-21 10:24:00,85,325.06,17.176470588235293,1300.24,High Value,141,1,0.9946583066123257,0.004640298363219189,0.004615511312135545,127.0
15109.0,1,484.95,2011-04-08 09:58:00,2011-04-08 09:58:00,1,484.95,365.0,484.95,Medium Value,240,1,0.9999998487323827,0.001730690250448491,0.0017306899886511005,499.0
15110.0,4,996.1,2011-01-25 11:41:00,2011-11-16 11:16:00,294,249.02,4.965986394557823,996.08,Medium Value,23,0,0.00047984976586788557,0.0035548117221708073,1.705775572588077e-06,2916.0
15111.0,3,1567.48,2010-12-02 11:45:00,2011-11-10 16:58:00,343,522.49,3.1924198250728866,1567.47,High Value,28,0,0.0007168620408178304,0.005593989167688413,4.010118491061952e-06,2582.0
15113.0,3,3609.33,2011-10-16 15:27:00,2011-11-30 08:23:00,44,1203.11,24.886363636363633,3609.329999999999,High Value,9,0,7.960879975310622e-05,0.012880982042790494,1.0254395200678655e-06,3168.0
15114.0,10,2760.56,2011-02-11 08:45:00,2011-11-09 15:05:00,271,276.06,13.468634686346864,2760.6,High Value,29,0,0.0007917202846634638,0.009852033210409535,7.800054537859336e-06,2365.0
15115.0,1,340.11,2011-11-21 14:59:00,2011-11-21 14:59:00,1,340.11,365.0,340.11,Low Value,17,0,0.0002329987284829521,0.0012137850522322636,2.82810373821731e-07,3896.0
15116.0,4,1352.75,2011-05-19 08:50:00,2011-11-22 12:25:00,187,338.19,7.807486631016042,1352.7599999999998,High Value,17,0,0.00025773443076730575,0.004827731813994639,1.2442727109771207e-06,3067.0
15117.0,5,1551.78,2011-05-08 12:38:00,2011-11-25 08:12:00,200,310.36,9.125,1551.8000000000004,High Value,14,0,0.00018249190348409015,0.005538066049378222,1.010652214971647e-06,3174.0
15118.0,1,244.8,2011-07-28 14:54:00,2011-07-28 14:54:00,1,244.8,365.0,244.8,Low Value,133,1,0.9857663079779359,0.0008736425885344688,0.0008612074289919103,972.0
15119.0,1,266.4,2011-04-08 09:08:00,2011-04-08 09:08:00,1,266.4,365.0,266.4,Low Value,245,1,0.9999999207468516,0.0009507286992875099,0.0009507286239392673,921.0
15120.0,1,358.82,2011-07-29 09:48:00,2011-07-29 09:48:00,1,358.82,365.0,358.82,Low Value,129,1,0.9770216774425772,0.001280557326870662,0.0012511322675605567,697.0
15121.0,2,457.72,2011-02-24 12:41:00,2011-10-20 14:51:00,238,228.86,3.0672268907563023,457.71999999999997,Medium Value,49,0,0.008751322428792844,0.0016335117876797262,1.4295388345219082e-05,2200.0
15122.0,3,1633.78,2011-02-15 09:59:00,2011-08-17 16:48:00,183,544.59,5.983606557377049,1633.7700000000002,High Value,84,0,0.2531015005721562,0.005830600702083166,0.0014757337869343167,590.0
15123.0,2,2199.31,2011-05-17 14:57:00,2011-12-02 13:12:00,198,1099.66,3.6868686868686873,2199.3200000000006,High Value,6,0,5.6763579244629914e-05,0.007848936347286064,4.455337203352285e-07,3654.0
15124.0,2,184.19,2011-06-01 09:06:00,2011-11-17 10:09:00,169,92.1,4.319526627218935,184.2,Low Value,22,0,0.0005308618855612733,0.0006573732222551026,3.4897438828383377e-07,3803.0
15125.0,15,11528.48,2011-03-14 09:59:00,2011-11-14 13:57:00,245,768.57,22.346938775510203,11528.55,High Value,24,0,0.0003259500093687324,0.04114310565379513,1.3410595673313269e-05,2216.0
15127.0,1,406.53,2011-10-05 10:30:00,2011-10-05 10:30:00,1,406.53,365.0,406.53,Medium Value,65,0,0.039144938431421694,0.0014508248427978656,5.679244914609951e-05,1894.0
15128.0,4,1471.0,2011-05-04 12:32:00,2011-10-10 13:54:00,159,367.75,9.182389937106919,1471.0,High Value,59,0,0.02381355682679951,0.005249706894339066,0.00012501419345238452,1742.0
15129.0,11,3447.4,2011-02-21 09:09:00,2011-10-20 14:40:00,241,313.4,16.659751037344396,3447.399999999999,High Value,49,0,0.0066940133373837194,0.012303086028242347,8.235702196403356e-05,1820.0
15130.0,1,330.11,2011-06-23 10:15:00,2011-06-23 10:15:00,1,330.11,365.0,330.11,Low Value,169,1,0.9996945725093194,0.0011780970379947446,0.0011777372147726516,748.0
15132.0,5,977.9300000000001,2011-03-22 12:02:00,2011-11-21 17:10:00,244,195.59,7.479508196721311,977.95,Medium Value,17,0,0.00025929340748133666,0.003490109352358185,9.049623464554349e-07,3249.0
15133.0,3,982.42,2011-02-11 10:38:00,2011-08-04 10:44:00,174,327.47,6.293103448275862,982.4100000000001,Medium Value,127,1,0.9754619874352982,0.0035060262067081187,0.003419995291595741,205.0
15134.0,8,1387.99,2011-04-13 11:05:00,2011-11-25 08:55:00,225,173.5,12.977777777777778,1388.0000000000002,High Value,14,0,0.0001777396308778529,0.004953496376167658,8.804326174548215e-07,3268.0
15135.0,1,139.05,2011-04-14 19:16:00,2011-04-14 19:16:00,1,139.05,365.0,139.05,Low Value,232,1,0.9999996955487741,0.0004962418379727037,0.0004962416868912678,1301.0
15136.0,4,1286.7,2011-09-04 16:05:00,2011-12-07 12:26:00,93,321.68,15.698924731182798,1286.7200000000003,High Value,2,0,5.426897512752981e-05,0.0045920481679700646,2.492057478119863e-07,3945.0
15139.0,2,178.96,2011-01-07 12:44:00,2011-04-14 11:39:00,96,89.48,7.604166666666666,178.96,Low Value,239,1,0.9999998870752785,0.0006386727027946426,0.0006386726306727055,1151.0
15140.0,7,2354.25,2011-03-20 14:37:00,2011-10-18 14:07:00,211,336.32,12.109004739336493,2354.24,High Value,51,0,0.009247430993517032,0.008401815063853707,7.769520502327906e-05,1834.0
15142.0,1,498.74,2011-10-24 12:51:00,2011-10-24 12:51:00,1,498.74,365.0,498.74,Medium Value,45,0,0.004452656063106293,0.00177990402208203,7.925300435670827e-06,2358.0
15143.0,1,259.45,2011-04-28 12:03:00,2011-04-28 12:03:00,1,259.45,365.0,259.45,Low Value,225,1,0.9999993117446514,0.0009259255293924342,0.0009259248921192362,933.0
15144.0,17,6580.44,2011-01-31 13:17:00,2011-12-01 15:12:00,304,387.08,20.411184210526315,6580.36,High Value,7,0,5.704724853624049e-05,0.023483998136800147,1.3396974783346464e-06,3021.0
15145.0,4,1194.73,2011-04-05 15:20:00,2011-12-05 17:21:00,244,298.68,5.983606557377049,1194.72,Medium Value,3,0,5.561162213447769e-05,0.004263718436984887,2.3711229860540937e-07,3969.0
15146.0,2,1327.16,2011-02-21 13:07:00,2011-06-28 12:09:00,126,663.58,5.7936507936507935,1327.16,High Value,164,1,0.999491257601509,0.004736370497546591,0.004733960905059527,123.0
15147.0,1,623.5,2011-04-13 15:57:00,2011-04-13 15:57:00,1,623.5,365.0,623.5,Medium Value,218,1,0.9999982505130289,0.0022251476877093185,0.0022251437948424303,356.0
15148.0,1,301.29,2011-11-29 08:21:00,2011-11-29 08:21:00,1,301.29,365.0,301.29,Low Value,10,0,0.00011128989617529678,0.0010752441809622143,1.1966381326237686e-07,4186.0
15149.0,1,520.8000000000001,2011-07-29 10:58:00,2011-07-29 10:58:00,1,520.8,365.0,520.8,Medium Value,133,1,0.9837769752572915,0.001858631781489997,0.0018284791521113004,472.0
15150.0,10,5314.47,2011-03-15 14:21:00,2011-11-22 12:52:00,251,531.45,14.541832669322709,5314.5,High Value,16,0,0.00017372835361719285,0.01896639516652955,3.295000606334263e-06,2656.0
15152.0,13,4745.69,2011-06-05 15:36:00,2011-11-30 12:32:00,177,365.05,26.807909604519775,4745.650000000001,High Value,9,0,8.547283188031067e-05,0.016936282476628275,1.4475920248023003e-06,2993.0
15153.0,1,329.25,2011-11-08 17:09:00,2011-11-08 17:09:00,1,329.25,365.0,329.25,Low Value,30,0,0.0009559394470910638,0.0011750278687703178,1.1232554911888887e-06,3112.0
15154.0,1,296.42,2011-09-25 16:05:00,2011-09-25 16:05:00,1,296.42,365.0,296.42,Low Value,73,0,0.09265727800504892,0.0010578641180285426,9.801880967573655e-05,1788.0
15156.0,3,961.49,2011-11-06 12:41:00,2011-12-08 18:22:00,32,320.5,34.21875,961.5,Medium Value,0,0,4.597751650104027e-05,0.0034314025689374658,1.577673682350343e-07,4131.0
15157.0,3,1936.07,2010-12-16 13:44:00,2011-12-06 11:28:00,354,645.36,3.093220338983051,1936.0800000000002,High Value,3,0,4.483210486689502e-05,0.006909485060497607,3.097667588084732e-07,3862.0
15158.0,1,401.40000000000003,2011-10-25 13:53:00,2011-10-25 13:53:00,1,401.4,365.0,401.4,Medium Value,44,0,0.004188627543899212,0.0014325168914940184,6.0002797088127235e-06,2448.0
15159.0,30,18641.010000000002,2010-12-13 15:44:00,2011-12-08 12:05:00,359,621.37,30.501392757660167,18641.1,High Value,1,0,1.8611885677056897e-05,0.06652638422030181,1.2381814576162193e-06,3070.0
15160.0,1,158.16,2010-12-17 14:15:00,2010-12-17 14:15:00,1,158.16,365.0,158.16,Low Value,356,1,0.9999999999995446,0.0005644416331806028,0.0005644416331803458,1228.0
15163.0,2,304.47,2011-05-31 15:22:00,2011-11-21 13:10:00,173,152.24,4.219653179190751,304.48,Low Value,17,0,0.0002994442507517961,0.001086628657503983,3.253847041917103e-07,3843.0
15164.0,3,843.05,2011-01-04 14:21:00,2011-10-02 12:05:00,270,281.02,4.055555555555555,843.06,Medium Value,68,0,0.060375331962390186,0.0030087137283082888,0.00018165209012641358,1659.0
15165.0,1,487.75,2010-12-01 14:03:00,2010-12-01 14:03:00,1,487.75,365.0,487.75,Medium Value,372,1,0.9999999999999056,0.0017406828944349962,0.0017406828944348319,494.0
15167.0,1,163.0,2011-01-23 12:41:00,2011-01-23 12:41:00,1,163.0,365.0,163.0,Low Value,320,1,0.9999999999775246,0.0005817146320715621,0.0005817146320584878,1211.0
15168.0,1,106.56,2011-11-14 11:26:00,2011-11-14 11:26:00,1,106.56,365.0,106.56,Low Value,25,0,0.0006195529054918752,0.00038029147971500404,2.3561069119123526e-07,3974.0
15171.0,1,1289.5,2011-01-12 15:36:00,2011-01-12 15:36:00,1,1289.5,365.0,1289.5,High Value,324,1,0.9999999999749309,0.004601969435928094,0.004601969435812727,128.0
15172.0,5,1624.05,2011-04-17 11:56:00,2011-12-01 11:51:00,227,324.81,8.039647577092511,1624.05,High Value,8,0,9.302550177002161e-05,0.005795911952244296,5.391676175723912e-07,3534.0
15174.0,1,135.75,2011-01-21 09:06:00,2011-01-21 09:06:00,1,135.75,365.0,135.75,Low Value,322,1,0.9999999999821354,0.0004844647932743224,0.00048446479326566766,1317.0
15175.0,1,224.14,2011-09-29 11:31:00,2011-09-29 11:31:00,1,224.14,365.0,224.14,Low Value,71,0,0.07847064958862153,0.000799911151119754,6.27695476415491e-05,1870.0
15178.0,1,40.5,2011-03-24 15:12:00,2011-03-24 15:12:00,1,40.5,365.0,40.5,Low Value,259,1,0.999999984380505,0.00014453645766195254,0.00014453645540436606,1714.0
15179.0,5,2206.95,2011-01-24 13:48:00,2011-11-21 12:53:00,300,441.39,6.083333333333333,2206.95,High Value,17,0,0.0002219966695619297,0.007876166302149287,1.7484826879930412e-06,2903.0
15180.0,1,87.5,2010-12-07 14:57:00,2010-12-07 14:57:00,1,87.5,365.0,87.5,Low Value,366,1,0.9999999999998508,0.0003122701245782925,0.0003122701245782459,1523.0
15181.0,3,689.4799999999999,2011-03-15 12:03:00,2011-10-04 13:58:00,203,229.83,5.394088669950738,689.49,Medium Value,65,0,0.047407428263947456,0.0024606528936627074,0.00011665322553878953,1757.0
15182.0,2,622.85,2011-03-16 12:42:00,2011-07-08 13:37:00,114,311.42,6.4035087719298245,622.84,Medium Value,153,1,0.998599548037256,0.0022227922787696427,0.002219679364960068,360.0
15184.0,2,406.76,2011-06-02 12:06:00,2011-11-10 13:41:00,161,203.38,4.534161490683229,406.7599999999999,Medium Value,28,0,0.0009680075592389685,0.0014516456671253284,1.4052039791138133e-06,3007.0
15185.0,1,310.62,2011-09-30 14:06:00,2011-09-30 14:06:00,1,310.62,365.0,310.62,Low Value,69,0,0.06172124199487178,0.0011085410982458197,6.842053338609117e-05,1856.0
15186.0,2,411.41,2011-06-24 14:54:00,2011-11-25 14:58:00,154,205.7,4.740259740259741,411.4,Medium Value,13,0,0.00019168600428665916,0.0014682049057315376,2.8143433185374954e-07,3899.0
15187.0,16,4777.18,2011-05-11 13:49:00,2011-12-08 11:56:00,210,298.57,27.809523809523814,4777.120000000001,High Value,1,0,3.374966464805008e-05,0.017048592657433748,5.75384284909598e-07,3499.0
15189.0,41,16225.39,2011-01-11 12:29:00,2011-12-08 13:22:00,331,395.74,45.21148036253776,16225.340000000002,High Value,0,0,1.4396766057924915e-05,0.057905016492858896,8.336449760279734e-07,3300.0
15192.0,3,1044.32,2010-12-09 14:56:00,2011-08-12 11:41:00,245,348.11,4.469387755102041,1044.33,Medium Value,119,1,0.9404703343570774,0.0037270063908668364,0.003505138946569498,199.0
15193.0,1,499.32,2011-10-10 08:23:00,2011-10-10 08:23:00,1,499.32,365.0,499.32,Medium Value,60,0,0.022173655083876576,0.001781973926907806,3.951287522371478e-05,1975.0
15194.0,15,7616.53,2010-12-06 15:00:00,2011-12-06 15:10:00,365,507.77,15.0,7616.549999999998,High Value,2,0,3.16744457456068e-05,0.02718195448407764,8.609733425654708e-07,3283.0
15195.0,1,3861.0,2011-12-07 12:20:00,2011-12-07 12:20:00,1,3861.0,365.0,3861.0,High Value,2,0,8.440123295654682e-06,0.013779142297106141,1.1629765989594631e-07,4191.0
15197.0,3,1079.6100000000001,2010-12-16 18:01:00,2011-11-29 10:00:00,347,359.87,3.155619596541787,1079.6100000000001,Medium Value,8,0,8.878566188222237e-05,0.003852913705096805,3.4208349348210555e-07,3814.0
15198.0,2,193.64,2011-08-07 15:16:00,2011-09-08 14:42:00,31,96.82,23.548387096774192,193.64,Low Value,91,1,0.5010142013027379,0.0006910627076953206,0.00034623223054607846,1491.0
15199.0,4,1268.7,2011-02-04 14:04:00,2011-10-11 15:12:00,249,317.18,5.863453815261043,1268.72,High Value,58,0,0.020715982296600592,0.004527809742342529,9.379802646474352e-05,1800.0
15201.0,5,1236.54,2011-04-06 14:02:00,2011-09-13 14:53:00,160,247.31,11.40625,1236.55,High Value,78,0,0.16446798145086697,0.0044130014005404295,0.0007257974324867333,1068.0
15203.0,6,1827.8,2011-02-01 12:29:00,2011-11-14 08:16:00,285,304.63,7.684210526315789,1827.78,High Value,25,0,0.0005550138060888707,0.0065229838663052745,3.620346102694388e-06,2620.0
15204.0,1,316.58,2010-12-17 13:49:00,2010-12-17 13:49:00,1,316.58,365.0,316.58,Low Value,356,1,0.9999999999995086,0.001129811154731381,0.001129811154730826,784.0
15205.0,2,653.24,2011-08-04 16:07:00,2011-09-15 19:36:00,42,326.62,17.38095238095238,653.2399999999999,Medium Value,84,0,0.29596427217665233,0.0023312838420517005,0.0006899767255500212,1105.0
15206.0,4,420.29999999999995,2011-03-09 08:59:00,2011-11-29 13:41:00,265,105.07,5.509433962264151,420.28,Medium Value,9,0,0.00011524351553988579,0.0014998958623744546,1.7285327212376086e-07,4091.0
15208.0,5,870.12,2010-12-21 13:03:00,2011-12-08 17:24:00,352,174.02,5.184659090909091,870.1,Medium Value,0,0,3.8732675783893296e-05,0.003105214118806541,1.2027325170330167e-07,4184.0
15210.0,1,331.18,2011-04-28 16:11:00,2011-04-28 16:11:00,1,331.18,365.0,331.18,Low Value,224,1,0.9999992061245103,0.001181915655518159,0.0011819147172242893,742.0
15211.0,2,894.4100000000001,2010-12-09 16:08:00,2011-10-10 13:31:00,304,447.21,2.401315789473684,894.42,Medium Value,59,0,0.021947995148328257,0.0031920073694321873,7.005816225772569e-05,1848.0
15212.0,1,101.8,2011-04-12 13:45:00,2011-04-12 13:45:00,1,101.8,365.0,101.8,Low Value,238,1,0.9999998438019186,0.0003633039849379449,0.0003633039281905595,1469.0
15213.0,2,328.35,2011-01-14 11:05:00,2011-01-25 12:21:00,11,164.18,66.36363636363636,328.35999999999996,Low Value,318,1,0.9999999999775695,0.0011718516355031785,0.0011718516354768933,752.0
15214.0,8,1661.44,2011-04-11 09:46:00,2011-12-08 12:07:00,241,207.68,12.116182572614107,1661.4399999999998,High Value,1,0,4.2379004537781015e-05,0.00592934943747838,2.512799267169856e-07,3942.0
15215.0,3,734.94,2011-09-04 12:24:00,2011-10-24 11:41:00,49,244.98,22.346938775510203,734.9399999999999,Medium Value,44,0,0.0055414700108951526,0.002622854918372232,1.4534471873088577e-05,2193.0
15216.0,1,96.6,2011-09-13 11:41:00,2011-09-13 11:41:00,1,96.6,365.0,96.6,Low Value,87,0,0.3384883872436921,0.0003447462175344349,0.00011669259118159393,1756.0
15218.0,11,5756.89,2011-01-25 11:20:00,2011-11-29 11:48:00,308,523.35,13.035714285714285,5756.85,High Value,10,0,8.566171170252762e-05,0.02054505447632621,1.7599245334637804e-06,2901.0
15219.0,1,305.75,2011-06-16 16:57:00,2011-06-16 16:57:00,1,305.75,365.0,305.75,Low Value,175,1,0.9998423025883629,0.001091161035312148,0.0010909889620412,833.0
15220.0,6,1778.96,2011-03-04 10:24:00,2011-10-19 12:39:00,229,296.49,9.563318777292576,1778.9399999999998,High Value,51,0,0.009554885179700974,0.00634868360476923,6.066094288582007e-05,1885.0
15221.0,1,403.25,2010-12-08 13:08:00,2010-12-08 13:08:00,1,403.25,365.0,403.25,Medium Value,365,1,0.9999999999998066,0.0014391191741279594,0.001439119174127681,610.0
15222.0,1,585.0,2011-01-25 08:03:00,2011-01-25 08:03:00,1,585.0,365.0,585.0,Medium Value,318,1,0.9999999999658074,0.00208774883289487,0.0020877488328234846,400.0
15223.0,2,755.75,2011-04-04 12:17:00,2011-04-28 11:31:00,23,377.88,31.73913043478261,755.7600000000001,Medium Value,225,1,0.9999994267464405,0.002697157364014747,0.0026971558178596877,278.0
15224.0,2,322.08,2010-12-12 12:34:00,2010-12-16 15:02:00,4,161.04,182.5,322.08,Low Value,357,1,0.9999999999996394,0.0011494395625620166,0.0011494395625616023,771.0
15225.0,1,409.40000000000003,2011-04-19 14:51:00,2011-04-19 14:51:00,1,409.4,365.0,409.4,Medium Value,233,1,0.9999996888147542,0.0014610673028840337,0.001461066848221446,598.0
15226.0,1,154.41,2011-02-02 11:41:00,2011-02-02 11:41:00,1,154.41,365.0,154.41,Low Value,310,1,0.9999999999339302,0.0005510586278415331,0.0005510586278051247,1250.0
15227.0,5,1219.4,2011-01-26 15:31:00,2011-11-03 11:59:00,280,243.88,6.517857142857142,1219.3999999999999,High Value,36,0,0.0019312215655710868,0.004351796456123084,8.404283165040731e-06,2337.0
15228.0,4,3386.71,2011-02-18 09:04:00,2011-10-04 13:56:00,228,846.68,6.4035087719298245,3386.7199999999993,High Value,65,0,0.03425083345525295,0.012086531157849082,0.0004139737657392145,1395.0
15230.0,2,429.6,2011-04-13 11:04:00,2011-04-14 14:39:00,1,214.8,730.0,429.6,Medium Value,238,1,0.9999997707306524,0.0015331570916438226,0.0015331567401378964,566.0
15232.0,2,612.06,2011-07-22 12:21:00,2011-08-18 16:27:00,27,306.03,27.037037037037035,612.0599999999998,Medium Value,112,1,0.8980986067658391,0.002184320599421596,0.001961735287070458,435.0
15234.0,1,197.0,2011-03-08 08:53:00,2011-03-08 08:53:00,1,197.0,365.0,197.0,Low Value,276,1,0.999999997325629,0.0007030538804791271,0.0007030538785989003,1091.0
15235.0,12,2247.51,2010-12-01 17:22:00,2011-05-06 09:44:00,155,187.29,28.258064516129032,2247.48,High Value,217,1,0.9999982756287776,0.008020809823853952,0.008020795993000311,41.0
15236.0,1,321.05,2011-02-14 10:52:00,2011-02-14 10:52:00,1,321.05,365.0,321.05,Low Value,298,1,0.9999999997376103,0.0011457636970955522,0.0011457636967949158,773.0
15237.0,4,1412.32,2011-04-26 15:04:00,2011-12-08 09:46:00,225,353.08,6.488888888888889,1412.32,High Value,1,0,4.418001239643207e-05,0.005040289626793304,2.2268005819333615e-07,3998.0
15238.0,3,1071.99,2011-06-08 16:00:00,2011-11-10 14:28:00,154,357.33,7.1103896103896105,1071.99,Medium Value,28,0,0.0008799416647261236,0.0038257194382478148,3.3664099312668728e-06,2645.0
15239.0,2,780.59,2011-09-22 09:53:00,2011-11-29 14:14:00,68,390.3,10.735294117647058,780.6,Medium Value,9,0,0.00012003179721091394,0.0027858063913807447,3.343853478390815e-07,3824.0
15240.0,5,1706.57,2011-02-01 08:23:00,2011-10-26 09:50:00,267,341.31,6.835205992509364,1706.55,High Value,44,0,0.004407557107485105,0.006090338069703829,2.684351284611023e-05,2061.0
15241.0,8,1756.44,2011-03-01 11:02:00,2011-10-04 09:05:00,216,219.56,13.518518518518517,1756.4799999999998,High Value,66,0,0.04640360923274695,0.006268528324791762,0.0002908823388480428,1537.0
15243.0,1,316.68,2011-09-26 14:12:00,2011-09-26 14:12:00,1,316.68,365.0,316.68,Low Value,73,0,0.09184072509200365,0.0011301680348737564,0.00010379545179861065,1777.0
15244.0,2,631.57,2011-04-05 15:12:00,2011-10-05 13:19:00,182,315.79,4.010989010989011,631.5800000000002,Medium Value,64,0,0.042674284229459514,0.0022539836032132348,9.618713693206288e-05,1789.0
15245.0,3,2515.84,2011-03-23 13:42:00,2011-07-28 18:56:00,127,838.61,8.622047244094489,2515.8300000000004,High Value,133,1,0.9839559492369919,0.008978497685917781,0.008834446213269365,37.0
15246.0,2,514.15,2010-12-16 09:46:00,2011-04-15 14:45:00,120,257.08,6.083333333333333,514.16,Medium Value,237,1,0.9999998456886665,0.0018349349400362844,0.001834934656885027,467.0
15247.0,1,356.0,2011-08-09 12:52:00,2011-08-09 12:52:00,1,356.0,365.0,356.0,Low Value,121,1,0.9471185404465112,0.0012704933068556816,0.0012033077664362147,724.0
15249.0,13,6688.46,2011-03-28 12:49:00,2011-11-08 11:45:00,224,514.5,21.183035714285715,6688.5,High Value,31,0,0.0008367345367872778,0.02386992832276468,1.9972793418294028e-05,2118.0
15251.0,11,10484.99,2011-04-12 10:38:00,2011-11-30 15:02:00,232,953.18,17.30603448275862,10484.98,High Value,8,0,5.8870299363299155e-05,0.03741881155201035,2.202856637885726e-06,2808.0
15252.0,2,740.78,2011-06-09 14:15:00,2011-11-03 13:30:00,146,370.39,5.0,740.7799999999999,Medium Value,35,0,0.001922619681731588,0.002643696718686943,5.082823343876734e-06,2498.0
15253.0,5,918.1999999999999,2011-06-23 12:19:00,2011-11-23 16:22:00,153,183.64,11.928104575163399,918.1999999999998,Medium Value,15,0,0.00022265285517977524,0.0032768734672890074,7.296052335547473e-07,3363.0
15254.0,1,300.36,2011-08-04 15:04:00,2011-08-04 15:04:00,1,300.36,365.0,300.36,Low Value,126,1,0.969331357737475,0.001071925195638125,0.0010390507052809124,873.0
15255.0,1,890.85,2011-10-04 12:43:00,2011-10-04 12:43:00,1,890.85,365.0,890.85,Medium Value,66,0,0.03470954048205882,0.0031792667483493933,0.00011035088790509678,1769.0
15256.0,1,98.45,2011-07-14 11:47:00,2011-07-14 11:47:00,1,98.45,365.0,98.45,Low Value,148,1,0.997353560267102,0.000351348500168376,0.0003504186775374363,1484.0
15257.0,1,317.15,2011-03-01 12:58:00,2011-03-01 12:58:00,1,317.15,365.0,317.15,Low Value,280,1,0.9999999981621965,0.0011318453715429195,0.0011318453694628102,782.0
15258.0,2,623.16,2011-05-06 14:16:00,2011-06-24 12:30:00,48,311.58,15.208333333333332,623.1599999999999,Medium Value,168,1,0.9997337421244435,0.0022239342952252426,0.002223342155204419,358.0
15260.0,7,1810.77,2010-12-02 12:09:00,2011-08-31 13:55:00,272,258.68,9.393382352941176,1810.7599999999998,High Value,99,1,0.627047724975828,0.006462242866073016,0.004052134687412359,154.0
15261.0,1,254.82,2011-07-27 15:20:00,2011-07-27 15:20:00,1,254.82,365.0,254.82000000000002,Low Value,134,1,0.9871468227227495,0.0009094019788004629,0.0008977132739506581,950.0
15262.0,1,178.95000000000002,2011-01-20 12:16:00,2011-01-20 12:16:00,1,178.95,365.0,178.95,Low Value,323,1,0.9999999999836313,0.000638637014780405,0.0006386370147699514,1152.0
15263.0,1,156.51,2011-08-25 10:26:00,2011-08-25 10:26:00,1,156.51,365.0,156.51,Low Value,106,1,0.7953926106856943,0.0005585531108314121,0.00044426901703081286,1365.0
15264.0,1,393.74,2011-10-06 13:49:00,2011-10-06 13:49:00,1,393.74,365.0,393.74,Medium Value,63,0,0.0319570877592063,0.001405179872588079,4.490545650576756e-05,1951.0
15265.0,2,1506.1200000000001,2011-04-18 12:16:00,2011-07-11 14:46:00,84,753.06,8.69047619047619,1506.12,High Value,150,1,0.9976496019405591,0.005375043200341233,0.00536240970923374,99.0
15266.0,1,119.3,2011-01-05 13:40:00,2011-01-05 13:40:00,1,119.3,365.0,119.3,Low Value,337,1,0.9999999999965052,0.0004257580098536034,0.0004257580098521155,1385.0
15267.0,5,1717.36,2011-06-10 10:24:00,2011-11-17 15:59:00,160,343.47,11.40625,1717.35,High Value,21,0,0.0003929318049215175,0.00612888112508035,2.408232322627243e-06,2767.0
15269.0,1,408.8,2011-11-16 09:32:00,2011-11-16 09:32:00,1,408.8,365.0,408.8,Medium Value,23,0,0.00043148434862974957,0.0014589260220297827,6.295037443145124e-07,3453.0
15270.0,7,2379.49,2011-02-02 13:25:00,2011-11-24 09:24:00,294,339.93,8.69047619047619,2379.51,High Value,15,0,0.0001792844144564989,0.008491998675831919,1.5224830101618894e-06,2970.0
15271.0,15,2507.07,2010-12-09 13:47:00,2011-12-02 14:11:00,358,167.14,15.293296089385475,2507.0999999999995,High Value,6,0,5.779670056911716e-05,0.008947342049488423,5.171268493237534e-07,3569.0
15272.0,2,721.94,2011-09-14 16:36:00,2011-10-13 12:59:00,28,360.97,26.07142857142857,721.9399999999999,Medium Value,56,0,0.019615083716099317,0.002576460499863457,5.0537488396044806e-05,1928.0
15274.0,2,716.57,2011-11-21 14:17:00,2011-12-05 16:57:00,14,358.28,52.14285714285714,716.56,Medium Value,3,0,6.381295985822294e-05,0.0025572603482036716,1.6318635194694611e-07,4115.0
15275.0,1,615.14,2011-11-02 11:20:00,2011-11-02 11:20:00,1,615.14,365.0,615.14,Medium Value,30,0,0.0008331532488079494,0.002195312507806753,1.8290317480279228e-06,2880.0
15276.0,1,135.31,2011-10-04 16:39:00,2011-10-04 16:39:00,1,135.31,365.0,135.31,Low Value,65,0,0.044361263639570714,0.00048289452064787154,2.1421811140564354e-05,2104.0
15277.0,1,255.89999999999998,2011-10-24 10:08:00,2011-10-24 10:08:00,1,255.9,365.0,255.9,Low Value,46,0,0.005570584033875607,0.000913256284338115,5.087370876370465e-06,2496.0
15279.0,1,290.51,2010-12-20 10:48:00,2010-12-20 10:48:00,1,290.51,365.0,290.51,Low Value,354,1,0.9999999999993974,0.0010367725016141686,0.001036772501613544,875.0
15280.0,1,113.12,2011-06-20 17:14:00,2011-06-20 17:14:00,1,113.12,365.0,113.12,Low Value,171,1,0.9997784003548136,0.0004037028170548166,0.0004036133566537965,1411.0
15281.0,9,2332.15,2011-01-10 15:51:00,2011-10-12 09:10:00,274,259.13,11.989051094890511,2332.17,High Value,58,0,0.018521453271112657,0.008323051616431503,0.00015415501158679473,1694.0
15286.0,1,240.55,2011-10-21 11:08:00,2011-10-21 11:08:00,1,240.55,365.0,240.55,Low Value,49,0,0.007747922493150416,0.0008584751824835231,6.651399176175497e-06,2416.0
15287.0,2,486.69,2011-09-30 12:30:00,2011-11-17 15:34:00,48,243.34,15.208333333333332,486.67999999999995,Medium Value,21,0,0.00047672855850141975,0.0017368642769115816,8.28012803044669e-07,3303.0
15288.0,5,2306.52,2010-12-09 13:59:00,2011-10-27 16:58:00,322,461.3,5.667701863354037,2306.5,High Value,42,0,0.00323400466828022,0.00823144048388379,2.6620516951550973e-05,2063.0
15289.0,3,939.78,2011-04-04 12:44:00,2011-11-10 13:49:00,220,313.26,4.977272727272727,939.7799999999999,Medium Value,28,0,0.0008607898490233563,0.0033538882020135736,2.88699291905248e-06,2695.0
15290.0,18,7943.22,2010-12-15 16:03:00,2011-12-05 11:39:00,354,441.29,18.559322033898308,7943.220000000002,High Value,4,0,3.795976592383853e-05,0.02834777484517469,1.0760748975845091e-06,3140.0
15291.0,15,4668.3,2010-12-01 09:32:00,2011-11-14 11:02:00,348,311.22,15.732758620689657,4668.300000000001,High Value,25,0,0.0004242352004252829,0.016660235686501067,7.06785842559523e-06,2396.0
15292.0,1,180.94,2011-05-22 15:00:00,2011-05-22 15:00:00,1,180.94,365.0,180.94000000000003,Low Value,200,1,0.9999900787262226,0.0006457389296136715,0.000645732523060962,1143.0
15296.0,6,3672.86,2011-01-17 11:57:00,2011-10-20 11:47:00,275,612.14,7.963636363636364,3672.8399999999997,High Value,43,0,0.0033715414258658955,0.013107636621212981,4.4192939863616445e-05,1955.0
15297.0,3,641.94,2011-10-07 09:42:00,2011-11-29 16:32:00,53,213.98,20.660377358490567,641.94,Medium Value,9,0,0.00012781001574119436,0.002290956385963304,2.9280717175235965e-07,3882.0
15298.0,12,4799.9,2010-12-08 13:55:00,2011-12-07 17:17:00,364,399.99,12.032967032967033,4799.88,High Value,1,0,3.22749558234653e-05,0.01712981857783834,5.528641378637077e-07,3525.0
15299.0,7,4507.01,2010-12-02 16:48:00,2011-10-03 14:19:00,304,643.86,8.404605263157894,4507.0199999999995,High Value,66,0,0.03701076515849885,0.016084659392878353,0.0005953055514442634,1197.0
15300.0,1,496.44,2011-10-06 17:08:00,2011-10-06 17:08:00,1,496.44,365.0,496.44,Medium Value,63,0,0.030462808313888434,0.0017716957788074005,5.397082890033512e-05,1908.0
15301.0,12,5070.35,2010-12-06 12:21:00,2011-10-20 09:57:00,317,422.53,13.817034700315457,5070.36,High Value,50,0,0.0065770840057633,0.018095107986934755,0.00011901304532342833,1751.0
15303.0,1,574.02,2011-02-22 13:59:00,2011-02-22 13:59:00,1,574.02,365.0,574.02,Medium Value,289,1,0.9999999992149302,0.0020485633932620737,0.0020485633916538085,413.0
15304.0,8,694.4000000000001,2010-12-06 11:42:00,2011-10-10 10:23:00,307,86.8,9.511400651465799,694.4000000000001,Medium Value,60,0,0.024912839994282933,0.0024781757086533296,6.173839490739912e-05,1877.0
15306.0,3,1174.35,2011-07-14 15:22:00,2011-10-06 12:56:00,83,391.45,13.192771084337348,1174.35,Medium Value,63,0,0.03844390824624565,0.004191021951983061,0.00016111926338003812,1681.0
15307.0,1,205.3,2011-09-05 11:38:00,2011-09-05 11:38:00,1,205.3,365.0,205.3,Low Value,95,1,0.5358354337683501,0.0007326749322962681,0.0003925931901581673,1433.0
15308.0,1,310.47,2011-03-10 13:08:00,2011-03-10 13:08:00,1,310.47,365.0,310.47,Low Value,270,1,0.9999999945925091,0.001108005778032257,0.0011080057720407259,809.0
15311.0,91,60767.9,2010-12-01 09:41:00,2011-12-09 12:00:00,373,667.78,89.04825737265415,60767.979999999996,High Value,0,0,3.5644068439316728e-06,0.21686885354252786,7.730088258026019e-07,3333.0
15312.0,4,924.85,2010-12-20 12:51:00,2011-09-25 13:10:00,279,231.21,5.232974910394265,924.8400000000001,Medium Value,74,0,0.10884553549935702,0.003300570308742721,0.00035925234270837964,1478.0
15313.0,1,52.0,2011-08-21 16:02:00,2011-08-21 16:02:00,1,52.0,365.0,52.0,Low Value,109,1,0.84976673214808,0.00018557767403509955,0.00015769773362444813,1690.0
15314.0,1,327.97,2011-05-24 14:39:00,2011-05-24 14:39:00,1,327.97,365.0,327.97,Low Value,198,1,0.999986777367813,0.0011704598029479154,0.0011704443263884515,755.0
15315.0,2,570.5,2011-08-15 15:17:00,2011-10-06 12:51:00,51,285.25,14.313725490196079,570.5,Medium Value,63,0,0.0421541786182375,0.002036001212250467,8.582595876815428e-05,1815.0
15316.0,1,165.0,2011-01-17 11:34:00,2011-01-17 11:34:00,1,165.0,365.0,165.0,Low Value,326,1,0.9999999999882492,0.0005888522349190659,0.0005888522349121464,1200.0
15318.0,1,312.62,2011-12-06 11:30:00,2011-12-06 11:30:00,1,312.62,365.0,312.62,Low Value,3,0,5.188575374901423e-05,0.0011156787010933235,5.788783034794824e-08,4285.0
15319.0,1,204.5,2011-03-01 12:48:00,2011-03-01 12:48:00,1,204.5,365.0,204.5,Low Value,283,1,0.9999999987418737,0.0007298198911572665,0.0007298198902390609,1063.0
15320.0,1,267.13,2011-10-26 13:27:00,2011-10-26 13:27:00,1,267.13,365.0,267.13,Low Value,43,0,0.0040105709757050296,0.0009533339243268489,3.8234133670602355e-06,2603.0
15321.0,3,2748.31,2011-02-21 11:10:00,2011-09-30 09:40:00,220,916.1,4.977272727272727,2748.3,High Value,48,0,0.005584892303405705,0.009808136952897388,5.477738857898571e-05,1902.0
15322.0,1,679.68,2011-09-15 09:34:00,2011-09-15 09:34:00,1,679.68,365.0,679.68,Medium Value,63,0,0.027963144194336657,0.002425642951695701,6.782860362224327e-05,1857.0
15325.0,1,162.29,2011-08-28 11:55:00,2011-08-28 11:55:00,1,162.29,365.0,162.29,Low Value,103,1,0.7369609048798532,0.0005791807830606982,0.00042683359397343413,1383.0
15326.0,1,311.71,2011-01-10 11:38:00,2011-01-10 11:38:00,1,311.71,365.0,311.71,Low Value,333,1,0.999999999994089,0.0011124310917977093,0.0011124310917911336,800.0
15327.0,1,208.75,2011-10-18 11:55:00,2011-10-18 11:55:00,1,208.75,365.0,208.75,Low Value,52,0,0.010851746114162966,0.0007449872972082122,8.084413007579987e-06,2351.0
15329.0,3,1049.7,2011-06-21 10:37:00,2011-10-31 15:36:00,132,349.9,8.295454545454545,1049.6999999999998,Medium Value,34,0,0.0017131176505185424,0.003746170854512384,6.417631412723295e-06,2426.0
15330.0,2,714.96,2011-10-10 12:30:00,2011-11-07 17:50:00,28,357.48,26.07142857142857,714.96,Medium Value,31,0,0.001336932387975981,0.0025515502659256687,3.4112501900647538e-06,2642.0
15332.0,4,1661.06,2010-12-05 12:00:00,2010-12-08 14:43:00,3,415.26,486.66666666666663,1661.04,High Value,365,1,0.9999999999997682,0.00592792191690888,0.005927921916907506,80.0
15333.0,1,1028.56,2011-05-15 13:27:00,2011-05-15 13:27:00,1,1028.56,365.0,1028.56,Medium Value,207,1,0.9999930067436962,0.003670726392414269,0.003670700722083786,186.0
15334.0,3,351.67,2011-06-19 13:51:00,2011-07-06 11:22:00,16,117.22,68.4375,351.65999999999997,Low Value,156,1,0.9990693598776527,0.0012550047086765982,0.0012538367509409688,694.0
15335.0,1,173.97,2011-10-17 12:50:00,2011-10-17 12:50:00,1,173.97,365.0,173.97,Low Value,53,0,0.01227868732010992,0.0006208643836901205,7.623399635523743e-06,2371.0
15339.0,2,574.07,2011-01-25 13:15:00,2011-10-04 12:51:00,251,287.04,2.908366533864542,574.0800000000002,Medium Value,65,0,0.0458865387903451,0.0020487775213475,9.401130920609914e-05,1799.0
15341.0,1,2020.52,2011-09-20 09:40:00,2011-09-20 09:40:00,1,2020.52,365.0,2020.5200000000002,High Value,80,0,0.0867699290272349,0.007210834652719219,0.0006256836110435727,1167.0
15342.0,1,406.09,2011-08-02 10:19:00,2011-08-02 10:19:00,1,406.09,365.0,406.0899999999999,Medium Value,115,1,0.9013046450069635,0.0014492545701714147,0.0013062198758930664,664.0
15343.0,1,364.5,2011-09-13 13:55:00,2011-09-13 13:55:00,1,364.5,365.0,364.5,Low Value,86,0,0.28756865973730245,0.001300828118957573,0.00037407739871722547,1453.0
15344.0,3,563.94,2011-09-26 14:48:00,2011-12-09 10:45:00,73,187.98,15.0,563.9399999999999,Medium Value,0,0,4.842641203266184e-05,0.0020125898749106543,9.74625065351867e-08,4220.0
15345.0,1,393.54,2011-10-25 11:28:00,2011-10-25 11:28:00,1,393.54,365.0,393.54,Medium Value,34,0,0.0014283144425769495,0.0014044661123033286,2.006019232312744e-06,2852.0
15346.0,1,252.42000000000002,2011-01-11 11:18:00,2011-01-11 11:18:00,1,252.42,365.0,252.41999999999996,Low Value,332,1,0.9999999999935985,0.0009008368553834581,0.0009008368553776913,946.0
15347.0,1,201.60000000000002,2010-12-08 15:25:00,2010-12-08 15:25:00,1,201.6,365.0,201.6,Low Value,365,1,0.9999999999998244,0.0007194703670283859,0.0007194703670282595,1073.0
15348.0,1,158.04,2011-09-28 13:17:00,2011-09-28 13:17:00,1,158.04,365.0,158.04,Low Value,71,0,0.0808022996338536,0.0005640133770097526,4.557357788664366e-05,1945.0
15349.0,2,473.81,2011-06-05 15:46:00,2011-07-04 16:06:00,29,236.9,25.17241379310345,473.80000000000007,Medium Value,157,1,0.9991595011545514,0.0016908981145736573,0.001689476916660587,515.0
15350.0,1,115.65,2010-12-01 13:33:00,2010-12-01 13:33:00,1,115.65,365.0,115.65,Low Value,372,1,0.999999999999921,0.00041273188465690893,0.0004127318846568763,1396.0
15351.0,7,1960.1100000000001,2010-12-05 11:49:00,2011-11-27 12:52:00,357,280.02,7.1568627450980395,1960.1399999999999,High Value,11,0,0.00011480218221803682,0.006995350422753077,8.030814939119197e-07,3319.0
15353.0,2,777.02,2010-12-07 11:49:00,2011-03-30 12:15:00,113,388.51,6.460176991150442,777.02,Medium Value,254,1,0.9999999740118461,0.0027730300822837125,0.0027730300102177803,271.0
15355.0,2,277.05,2011-10-17 15:22:00,2011-11-10 13:44:00,23,138.52,31.73913043478261,277.0400000000001,Low Value,28,0,0.0010724743945157195,0.0009887007464362307,1.0603562343914365e-06,3148.0
15356.0,10,2766.5,2010-12-06 14:05:00,2011-11-08 13:11:00,336,276.65,10.863095238095237,2766.4999999999995,High Value,30,0,0.0008455228716972665,0.00987308913880967,8.347922681169444e-06,2340.0
15358.0,22,8347.2,2010-12-09 10:04:00,2011-12-05 09:04:00,360,379.42,22.305555555555554,8347.24,High Value,4,0,3.527237533646456e-05,0.02978964199639893,1.0507514336358906e-06,3154.0
15360.0,1,427.93,2011-10-31 09:35:00,2011-10-31 09:35:00,1,427.93,365.0,427.93,Medium Value,39,0,0.002411316170536325,0.0015271971932661569,3.682555287720373e-06,2615.0
15361.0,1,418.92,2010-12-13 09:52:00,2010-12-13 09:52:00,1,418.92,365.0,418.9200000000001,Medium Value,361,1,0.9999999999996996,0.0014950422924381523,0.0014950422924377032,576.0
15363.0,1,326.0,2010-12-02 12:28:00,2010-12-02 12:28:00,1,326.0,365.0,326.0,Low Value,240,1,0.9999998598732486,0.0011634292641431242,0.001163429101115561,761.0
15364.0,2,913.19,2011-03-30 13:39:00,2011-09-05 09:46:00,158,456.6,4.620253164556962,913.1999999999998,Medium Value,95,1,0.5481186819572329,0.0032590294601702475,0.0017863349321683084,482.0
15365.0,7,2314.32,2011-01-28 13:08:00,2011-11-14 08:29:00,289,330.62,8.84083044982699,2314.34,High Value,25,0,0.0005331561968707057,0.008259419887046007,4.403560895335723e-06,2549.0
15366.0,2,602.51,2010-12-16 15:59:00,2011-09-25 15:01:00,282,301.26,2.5886524822695036,602.52,Medium Value,74,0,0.11025422168033115,0.0021502742338390035,0.0002370768120511897,1599.0
15367.0,4,1877.59,2011-03-09 13:53:00,2011-10-13 14:13:00,218,469.4,6.697247706422019,1877.6,High Value,56,0,0.015902981724655405,0.006700781553236594,0.00010656240658202961,1773.0
15368.0,1,446.94000000000005,2011-11-18 14:42:00,2011-11-18 14:42:00,1,446.94,365.0,446.94,Medium Value,20,0,0.0003062099184225594,0.0015950401083316807,4.884171014529543e-07,3601.0
15370.0,7,2386.05,2011-01-11 11:32:00,2011-10-30 10:58:00,291,340.86,8.780068728522338,2386.0200000000004,High Value,40,0,0.0026813205266668126,0.008515231573100544,2.283206520627582e-05,2085.0
15372.0,1,2007.3999999999999,2011-07-25 16:39:00,2011-07-25 16:39:00,1,2007.4,365.0,2007.4,High Value,136,1,0.9762048489080052,0.007164011978039593,0.0069935432305972805,56.0
15373.0,12,2415.91,2010-12-03 14:40:00,2011-12-01 15:05:00,363,201.33,12.066115702479339,2415.96,High Value,7,0,6.803236127092602e-05,0.008622081487727676,5.865805626804525e-07,3487.0
15374.0,1,168.0,2011-08-03 09:59:00,2011-08-03 09:59:00,1,168.0,365.0,168.0,Low Value,128,1,0.9766505842778804,0.0005995586391903217,0.0005855592952740786,1203.0
15376.0,3,1233.3600000000001,2011-05-01 13:45:00,2011-10-30 15:04:00,182,411.12,6.016483516483516,1233.3600000000001,High Value,39,0,0.002764365362278734,0.004401616923998662,1.2167677362721767e-05,2247.0
15379.0,7,3703.29,2010-12-16 13:02:00,2011-06-23 13:13:00,189,529.04,13.518518518518517,3703.2799999999993,High Value,168,1,0.9996335835139896,0.013216270936551987,0.013211428276997254,15.0
15380.0,5,1690.2600000000002,2010-12-09 15:01:00,2011-12-01 12:13:00,356,338.05,5.126404494382022,1690.25,High Value,8,0,8.485575848212848e-05,0.0060321666064966735,5.118640726848423e-07,3573.0
15381.0,2,596.85,2011-03-16 13:44:00,2011-05-10 11:55:00,54,298.42,13.518518518518517,596.84,Medium Value,213,1,0.9999979657178594,0.002130003441752093,0.0021299991087241317,386.0
15382.0,6,5955.71,2011-02-17 12:01:00,2011-11-25 10:58:00,280,992.62,7.821428571428571,5955.719999999999,High Value,14,0,0.00012162203597971936,0.02125478201546775,2.5850498630263105e-06,2741.0
15384.0,2,642.41,2010-12-15 11:34:00,2011-06-23 10:57:00,189,321.2,3.8624338624338623,642.4,Medium Value,169,1,0.9997382097755404,0.00229259803461823,0.0022919978548641517,335.0
15385.0,1,316.88,2011-10-30 15:11:00,2011-10-30 15:11:00,1,316.88,365.0,316.88,Low Value,39,0,0.0025433677945423533,0.0011308817951585066,2.8762483372403884e-06,2698.0
15386.0,1,394.14,2011-06-06 13:47:00,2011-06-06 13:47:00,1,394.14,365.0,394.14000000000004,Medium Value,185,1,0.9999442491177218,0.0014066073931575797,0.001406528973554392,617.0
15388.0,1,140.54,2011-03-14 13:53:00,2011-03-14 13:53:00,1,140.54,365.0,140.54,Low Value,269,1,0.9999999944475448,0.0005015593520940941,0.0005015593493092082,1298.0
15389.0,1,500.0,2011-06-20 16:18:00,2011-06-20 16:18:00,1,500.0,365.0,500.0,Medium Value,171,1,0.9997330573838807,0.0017844007118759573,0.001783924379281724,483.0
15392.0,4,1535.53,2010-12-14 15:50:00,2011-12-05 11:01:00,355,383.88,4.112676056338028,1535.5200000000002,High Value,4,0,5.5228441993832905e-05,0.00547996596219954,3.0264998227151606e-07,3875.0
15393.0,2,231.86,2011-03-03 16:58:00,2011-11-23 16:48:00,264,115.93,2.765151515151515,231.85999999999999,Low Value,15,0,0.00023093372263622108,0.0008274622981111189,1.910889488439232e-07,4054.0
15394.0,4,2183.54,2010-12-16 12:46:00,2011-11-30 11:49:00,348,545.88,4.195402298850575,2183.52,High Value,9,0,8.818123701153651e-05,0.0077925492847907805,6.871566354062152e-07,3408.0
15395.0,1,107.45,2011-01-18 12:40:00,2011-01-18 12:40:00,1,107.45,365.0,107.45,Low Value,325,1,0.9999999999872635,0.00038346771298214323,0.00038346771297725923,1444.0
15396.0,1,288.18,2011-08-19 10:56:00,2011-08-19 10:56:00,1,288.18,365.0,288.18,Low Value,112,1,0.8747719961299237,0.0010284571942968267,0.0008996655527892159,948.0
15397.0,1,94.0,2011-02-23 09:25:00,2011-02-23 09:25:00,1,94.0,365.0,94.0,Low Value,289,1,0.9999999993768811,0.00033546733383267997,0.00033546733362364395,1500.0
15398.0,2,1345.53,2011-09-22 14:56:00,2011-11-23 16:47:00,62,672.76,11.774193548387096,1345.52,High Value,15,0,0.00020122174880846775,0.004801893691686676,9.66245446233542e-07,3205.0
15399.0,3,815.77,2011-09-21 15:57:00,2011-12-08 13:04:00,77,271.92,14.220779220779221,815.7600000000001,Medium Value,0,0,4.6412565437353036e-05,0.002911285449439862,1.3512022642894133e-07,4162.0
15400.0,5,716.2,2011-03-06 11:27:00,2011-09-08 13:57:00,186,143.24,9.811827956989248,716.2000000000002,Medium Value,91,1,0.454003736308601,0.0025559755796911218,0.0011604224630933117,763.0
15402.0,2,626.77,2011-05-27 13:32:00,2011-07-14 12:17:00,47,313.38,15.53191489361702,626.76,Medium Value,148,1,0.9976837008276517,0.00223678198035075,0.0022316009241009397,353.0
15405.0,1,349.1,2011-06-03 14:44:00,2011-06-03 14:44:00,1,349.1,365.0,349.1,Low Value,188,1,0.9999605709489795,0.0012458685770317935,0.0012458194536161048,705.0
15406.0,2,510.71000000000004,2011-02-11 16:19:00,2011-11-08 13:22:00,269,255.36,2.7137546468401488,510.72,Medium Value,17,0,0.00026722861421822673,0.0018226582631385778,4.870664418519222e-07,3607.0
15407.0,4,1056.44,2011-02-07 13:18:00,2011-11-06 11:55:00,271,264.11,5.387453874538745,1056.44,Medium Value,33,0,0.0014265696729232333,0.003770224576108473,5.3784880403862005e-06,2473.0
15408.0,1,267.18,2011-03-20 15:02:00,2011-03-20 15:02:00,1,267.18,365.0,267.18,Low Value,263,1,0.9999999887017254,0.0009535123643980366,0.000953512353624992,917.0
15410.0,8,3450.84,2011-03-23 10:15:00,2011-09-16 14:47:00,177,431.36,16.497175141242938,3450.8799999999997,High Value,83,0,0.22087698214369156,0.012315505457197005,0.002720211678959839,277.0
15411.0,4,1358.88,2011-06-10 12:30:00,2011-11-13 15:19:00,156,339.72,9.35897435897436,1358.88,High Value,25,0,0.0006242916936547775,0.004849572878708002,3.0275480659508936e-06,2678.0
15412.0,1,190.53,2011-06-21 15:24:00,2011-06-21 15:24:00,1,190.53,365.0,190.53,Low Value,170,1,0.9997437026542635,0.0006799637352674523,0.0006797894623669061,1112.0
15414.0,3,774.9000000000001,2011-04-11 13:45:00,2011-11-30 09:50:00,232,258.3,4.719827586206897,774.9,Medium Value,9,0,0.00011222055363068812,0.0027654642232653585,3.1034192618069945e-07,3861.0
15415.0,1,572.8100000000001,2011-01-30 14:13:00,2011-01-30 14:13:00,1,572.81,365.0,572.81,Medium Value,312,1,0.999999999934921,0.002044245143539334,0.0020442451434062965,415.0
15416.0,4,3984.32,2011-03-02 08:41:00,2011-10-06 09:38:00,218,996.08,6.697247706422019,3984.32,High Value,64,0,0.028951133426041158,0.014219246888683229,0.00041166331389208875,1397.0
15417.0,1,508.8,2011-09-15 15:26:00,2011-09-15 15:26:00,1,508.8,365.0,508.8,Medium Value,84,0,0.2326942772115294,0.0018158061644049741,0.000422527702982455,1389.0
15419.0,1,135.86,2011-11-15 09:23:00,2011-11-15 09:23:00,1,135.86,365.0,135.86,Low Value,24,0,0.0005482461309158696,0.00048485736143093514,2.6582117245058754e-07,3925.0
15421.0,4,950.36,2011-02-02 14:36:00,2011-10-12 09:20:00,251,237.59,5.816733067729084,950.36,Medium Value,58,0,0.021479674877570867,0.0033916461210768693,7.285145598050551e-05,1844.0
15422.0,2,97.7,2011-01-20 14:17:00,2011-01-20 16:17:00,1,48.85,730.0,97.7,Low Value,322,1,0.9999999999761835,0.00034867189910056206,0.00034867189909225794,1488.0
15423.0,1,43.5,2011-11-01 14:01:00,2011-11-01 14:01:00,1,43.5,365.0,43.5,Low Value,37,0,0.002336815445768948,0.00015524286193320828,3.627739176108974e-07,3778.0
15424.0,2,383.34,2011-03-30 13:00:00,2011-03-30 13:02:00,1,191.67,730.0,383.3399999999999,Low Value,253,1,0.9999999552933927,0.0013680643377810585,0.0013680642766195435,638.0
15426.0,5,1447.39,2010-12-05 13:55:00,2011-11-20 15:36:00,350,289.48,5.214285714285714,1447.4000000000003,High Value,18,0,0.0002573933962257998,0.0051654831807385225,1.3295612590375351e-06,3024.0
15427.0,3,1483.14,2011-10-23 14:47:00,2011-11-06 14:29:00,13,494.38,84.23076923076924,1483.1400000000003,High Value,32,0,0.0013103999848098913,0.005293032143623416,6.9359892406023905e-06,2401.0
15428.0,1,93.78,2011-11-24 16:54:00,2011-11-24 16:54:00,1,93.78,365.0,93.77999999999999,Low Value,14,0,0.00018959820853638236,0.0003346821975194545,6.345514507870825e-08,4272.0
15429.0,2,397.35,2011-09-25 13:42:00,2011-11-13 12:28:00,48,198.68,15.208333333333332,397.35999999999996,Medium Value,26,0,0.0008365588159303013,0.0014180989337420607,1.1863231648832812e-06,3097.0
15432.0,1,171.19,2011-11-16 16:30:00,2011-11-16 16:30:00,1,171.19,365.0,171.19,Low Value,22,0,0.00043413181182441936,0.0006109431157320902,2.6522984175442827e-07,3928.0
15433.0,2,533.3,2011-03-17 14:12:00,2011-05-10 10:45:00,53,266.65,13.773584905660377,533.3,Medium Value,78,0,0.18367131411417226,0.0019032417992868957,0.0003495709223520458,1485.0
15434.0,5,1041.48,2011-05-23 14:18:00,2011-12-01 13:33:00,191,208.3,9.55497382198953,1041.5000000000002,Medium Value,7,0,9.037780171932071e-05,0.0037169066828376196,3.3592585519071647e-07,3821.0
15435.0,1,149.29,2011-11-17 16:39:00,2011-11-17 16:39:00,1,149.29,365.0,149.29,Low Value,21,0,0.000393738206347374,0.0005327863645519233,2.0977834754501242e-07,4023.0
15436.0,3,1122.53,2011-04-19 16:52:00,2011-11-27 16:05:00,221,374.18,4.95475113122172,1122.5400000000002,Medium Value,11,0,0.0001327496241168508,0.004006122350218475,5.318112361576174e-07,3545.0
15437.0,1,200.16,2011-03-22 13:11:00,2011-03-22 13:11:00,1,200.16,365.0,200.16,Low Value,261,1,0.9999999864161866,0.0007143312929781832,0.0007143312832748402,1081.0
15438.0,1,156.57999999999998,2011-07-31 14:19:00,2011-07-31 14:19:00,1,156.58,365.0,156.58,Low Value,130,1,0.9812114311289794,0.0005588029269310748,0.0005483038196531024,1253.0
15440.0,3,383.68,2011-05-15 11:30:00,2011-10-16 12:16:00,154,127.89,7.1103896103896105,383.6700000000001,Low Value,54,0,0.01614245510683387,0.0013692420422508973,2.2102928197424638e-05,2092.0
15442.0,1,594.0,2011-04-05 12:24:00,2011-04-05 12:24:00,1,594.0,365.0,594.0,Medium Value,248,1,0.9999999329396189,0.0021198680457086374,0.0021198679035494784,391.0
15443.0,7,3236.91,2011-01-23 13:25:00,2011-12-08 10:40:00,318,462.42,8.034591194968552,3236.9399999999996,High Value,1,0,3.6559395236475716e-05,0.01155199608059952,4.2233399048085623e-07,3687.0
15444.0,2,1418.26,2011-10-30 16:12:00,2011-11-30 17:37:00,31,709.13,23.548387096774192,1418.26,High Value,8,0,9.374741572162388e-05,0.00506148830725039,4.745014485099407e-07,3625.0
15445.0,1,113.5,2011-03-20 15:06:00,2011-03-20 15:06:00,1,113.5,365.0,113.5,Low Value,263,1,0.999999989507263,0.0004050589615958423,0.00040505895734566517,1408.0
15447.0,1,155.17,2011-01-13 11:26:00,2011-01-13 11:26:00,1,155.17,365.0,155.17,Low Value,330,1,0.9999999999924147,0.0005537709169235846,0.000553770916919384,1243.0
15448.0,1,494.64,2011-01-31 10:42:00,2011-01-31 10:42:00,1,494.64,365.0,494.64000000000004,Medium Value,312,1,0.9999999999373239,0.0017652719362446472,0.001765271936134007,488.0
15449.0,3,974.52,2011-03-23 10:43:00,2011-11-13 15:02:00,235,324.84,4.659574468085106,974.5199999999998,Medium Value,25,0,0.0006126724105829326,0.003477868363474715,2.130793993940173e-06,2820.0
15450.0,1,429.84,2011-11-09 17:11:00,2011-11-09 17:11:00,1,429.84,365.0,429.8399999999999,Medium Value,29,0,0.0008174387277428181,0.0015340136039855227,1.253962128782101e-06,3059.0
15452.0,3,538.73,2011-03-20 15:21:00,2011-11-10 12:13:00,234,179.58,4.67948717948718,538.7400000000001,Medium Value,29,0,0.0010133132915931588,0.0019226560790321068,1.9482529600456204e-06,2860.0
15453.0,7,1388.37,2011-06-05 12:37:00,2011-12-08 10:59:00,185,198.34,13.810810810810812,1388.38,High Value,1,0,4.5237291274132615e-05,0.004954852520708684,2.2414410669966892e-07,3997.0
15454.0,1,179.1,2010-12-12 14:21:00,2010-12-12 14:21:00,1,179.1,365.0,179.1,Low Value,361,1,0.9999999999997322,0.0006391723349939679,0.0006391723349937967,1148.0
15456.0,3,447.22,2010-12-15 15:34:00,2011-03-01 13:51:00,75,149.07,14.6,447.21,Medium Value,282,1,0.9999999988764643,0.0015960036847160936,0.0015960036829229265,547.0
15457.0,1,237.07,2011-03-22 15:31:00,2011-03-22 15:31:00,1,237.07,365.0,237.07000000000002,Low Value,261,1,0.9999999861727149,0.0008460557535288664,0.0008460557418302123,982.0
15458.0,1,161.64,2011-11-14 13:08:00,2011-11-14 13:08:00,1,161.64,365.0,161.64,Low Value,24,0,0.0005414891803826755,0.0005768610621352594,3.123640237303013e-07,3859.0
15460.0,1,216.76,2010-12-20 16:08:00,2010-12-20 16:08:00,1,216.76,365.0,216.76,Low Value,353,1,0.9999999999993519,0.0007735733966124649,0.0007735733966119635,1029.0
15462.0,3,234.6,2011-06-05 15:36:00,2011-09-06 13:11:00,92,78.2,11.902173913043478,234.6,Low Value,93,1,0.5433022643820031,0.0008372408140121992,0.00045487483008585934,1354.0
15463.0,1,126.14,2011-11-10 12:57:00,2011-11-10 12:57:00,1,126.14,365.0,126.14,Low Value,28,0,0.0008490119939576768,0.0004501686115920665,3.8219855054493934e-07,3743.0
15464.0,1,1048.85,2011-01-05 15:56:00,2011-01-05 15:56:00,1,1048.85,365.0,1048.85,Medium Value,337,1,0.9999999999945335,0.0037431373733021953,0.0037431373732817333,177.0
15465.0,18,7354.62,2010-12-05 10:12:00,2011-11-20 10:11:00,349,408.59,18.82521489971347,7354.620000000001,High Value,19,0,0.00019616167613682037,0.02624717832715431,5.148690494516615e-06,2490.0
15466.0,1,334.53,2011-09-15 14:08:00,2011-09-15 14:08:00,1,334.53,365.0,334.53,Low Value,84,0,0.24800457025109293,0.0011938711402877278,0.00029608549908224024,1535.0
15467.0,3,524.88,2011-07-10 14:42:00,2011-11-30 14:17:00,142,174.96,7.711267605633803,524.88,Medium Value,8,0,0.00011118821255164146,0.0018731924912989049,2.0827692487268142e-07,4024.0
15468.0,2,467.51,2011-10-19 13:38:00,2011-10-19 13:49:00,1,233.76,730.0,467.52,Medium Value,34,0,0.001109967957600048,0.001668486041632495,1.8519660439150092e-06,2875.0
15469.0,2,538.55,2011-08-11 16:54:00,2011-10-20 16:21:00,69,269.27,10.579710144927537,538.54,Medium Value,42,0,0.004505605600453704,0.0019219423187473558,8.659514075097064e-06,2330.0
15471.0,1,469.48,2011-12-07 14:12:00,2011-12-07 14:12:00,1,469.48,365.0,469.48,Medium Value,1,0,3.874781156873216e-05,0.001675480892423049,6.49212179066195e-08,4267.0
15472.0,1,371.56,2011-08-18 15:17:00,2011-08-18 15:17:00,1,371.56,365.0,371.56,Low Value,112,1,0.8703092773700087,0.0013260238570092613,0.001154050864769122,767.0
15473.0,7,1771.2,2011-10-10 11:12:00,2011-11-25 15:15:00,46,253.03,55.54347826086957,1771.21,High Value,13,0,0.0001714490675812384,0.006321096769763629,1.0837461472667522e-06,3136.0
15475.0,1,454.10999999999996,2011-09-23 15:20:00,2011-09-23 15:20:00,1,454.11,365.0,454.10999999999996,Medium Value,76,0,0.11580388972736876,0.0016206284145399818,0.0001876750742064285,1650.0
15478.0,2,1441.42,2011-10-14 11:09:00,2011-10-30 14:19:00,16,720.71,45.625,1441.42,High Value,39,0,0.002643261531072475,0.005144141748224485,1.359731199346569e-05,2212.0
15480.0,1,905.5,2011-08-15 14:32:00,2011-08-15 14:32:00,1,905.5,365.0,905.5,Medium Value,115,1,0.8777654453469123,0.0032315496892073585,0.002836542652107773,262.0
15482.0,12,11054.96,2010-12-16 10:08:00,2011-11-24 10:46:00,343,921.25,12.769679300291546,11055.000000000002,High Value,15,0,0.00011586582079220333,0.03945309973957742,4.571265784122801e-06,2531.0
15483.0,4,233.81,2011-03-18 12:26:00,2011-07-01 13:07:00,105,58.45,13.904761904761907,233.80000000000004,Low Value,160,1,0.9993896621168407,0.0008343857728731977,0.0008338765156268441,989.0
15484.0,4,3594.31,2011-09-22 13:31:00,2011-12-08 15:03:00,77,898.58,18.961038961038962,3594.32,High Value,0,0,3.338171693120454e-05,0.012827414333419981,4.282011142375016e-07,3672.0
15485.0,3,2575.0,2010-12-01 13:23:00,2011-11-09 14:31:00,343,858.33,3.1924198250728866,2574.9900000000002,High Value,29,0,0.0006796123937218137,0.009189627978146942,6.245385067641395e-06,2432.0
15488.0,1,91.32000000000001,2011-09-08 10:11:00,2011-09-08 10:11:00,1,91.32,365.0,91.32,Low Value,92,1,0.46847142314063744,0.0003259029460170248,0.00015267621692632196,1698.0
15489.0,3,1134.28,2011-05-12 12:54:00,2011-11-17 08:53:00,188,378.09,5.824468085106383,1134.27,Medium Value,22,0,0.0004452896001858738,0.004047984390919084,1.8025253509910166e-06,2891.0
15491.0,6,3100.09,2011-04-18 10:04:00,2011-09-05 15:56:00,140,516.68,15.642857142857142,3100.079999999999,High Value,94,1,0.49074803331355255,0.011063569917744832,0.0054294251785602585,97.0
15492.0,2,659.4599999999999,2011-09-26 14:02:00,2011-11-11 14:53:00,46,329.73,15.869565217391305,659.46,Medium Value,27,0,0.0008758865436836623,0.002353481786907438,2.0613830279568053e-06,2837.0
15493.0,5,2001.8,2011-03-14 11:44:00,2011-11-07 12:04:00,238,400.36,7.668067226890757,2001.8,High Value,32,0,0.0011951727250425815,0.007144026690066582,8.538345846943811e-06,2335.0
15494.0,2,1299.23,2011-08-10 15:29:00,2011-11-18 14:51:00,99,649.62,7.373737373737375,1299.2400000000002,High Value,20,0,0.0003420858782565195,0.004636729561795438,1.5861597043847593e-06,2955.0
15497.0,2,1262.2,2011-01-24 10:01:00,2011-11-22 11:51:00,302,631.1,2.4172185430463577,1262.2000000000003,High Value,17,0,0.0002181202832319658,0.004504541157059667,9.825317930079015e-07,3192.0
15498.0,27,13316.4,2010-12-08 12:29:00,2011-12-07 12:48:00,364,493.2,27.074175824175825,13316.4,High Value,0,0,1.908090177603903e-05,0.04752358727924999,9.067929009203871e-07,3245.0
15500.0,4,1131.56,2011-09-19 13:47:00,2011-12-01 13:47:00,73,282.89,20.0,1131.56,Medium Value,7,0,9.595115171626792e-05,0.004038312939060716,3.8748077749358255e-07,3733.0
15502.0,12,10384.93,2010-12-05 15:40:00,2011-11-24 12:48:00,353,865.41,12.407932011331447,10384.92,High Value,15,0,0.00011824844063286597,0.03706171728154973,4.382490275719396e-06,2550.0
15503.0,1,147.09,2010-12-12 10:57:00,2010-12-12 10:57:00,1,147.09,365.0,147.09,Low Value,362,1,0.9999999999997635,0.0005249350014196691,0.000524935001419545,1274.0
15504.0,1,52.83,2011-09-19 13:45:00,2011-09-19 13:45:00,1,52.83,365.0,52.830000000000005,Low Value,80,0,0.19675957069247957,0.00018853977921681365,3.709700601715514e-05,1987.0
15505.0,5,3610.96,2011-07-07 13:33:00,2011-10-18 07:56:00,102,722.19,17.892156862745097,3610.95,High Value,52,0,0.00962143688771241,0.012886763501096975,0.00012398918171268035,1746.0
15506.0,3,979.26,2011-07-24 11:45:00,2011-11-17 12:11:00,116,326.42,9.439655172413794,979.2600000000001,Medium Value,22,0,0.00047801839679454614,0.0034947844822233003,1.67057127533484e-06,2929.0
15507.0,1,492.36,2011-06-21 11:19:00,2011-06-21 11:19:00,1,492.36,365.0,492.35999999999996,Medium Value,171,1,0.9997340369112329,0.0017571350689984924,0.0017566677359281606,490.0
15508.0,6,1000.27,2011-04-18 15:31:00,2011-06-03 15:43:00,46,166.71,47.608695652173914,1000.2600000000001,Medium Value,188,1,0.9999678040824161,0.0035697293121220905,0.003569614381411361,196.0
15510.0,1,250.0,2011-01-13 12:10:00,2011-01-13 12:10:00,1,250.0,365.0,250.0,Low Value,330,1,0.9999999999920604,0.0008922003559379786,0.0008922003559308949,954.0
15511.0,5,909.23,2011-09-15 15:05:00,2011-11-28 09:43:00,73,181.85,25.0,909.25,Medium Value,11,0,0.00015098918763758415,0.0032449326945464285,4.899497514882023e-07,3599.0
15512.0,2,121.0,2010-12-15 12:01:00,2011-07-07 10:20:00,203,60.5,3.5960591133004924,121.0,Low Value,155,1,0.9989400290873909,0.0004318249722739817,0.00043136725036403305,1379.0
15513.0,19,14758.220000000001,2010-12-01 11:22:00,2011-11-06 14:36:00,340,776.75,20.397058823529413,14758.250000000002,High Value,30,0,0.0005300172251874627,0.0526692636120867,2.7915616952345192e-05,2046.0
15514.0,11,4139.46,2010-12-10 13:50:00,2011-11-27 14:40:00,352,376.31,11.40625,4139.41,High Value,11,0,9.955952884393445e-05,0.014772732301492912,1.4707662676742057e-06,2986.0
15516.0,3,62.43,2011-10-24 11:33:00,2011-10-26 10:51:00,1,20.81,1095.0,62.42999999999999,Low Value,44,0,0.0026074386502140897,0.000222800272884832,5.809380427981572e-07,3493.0
15517.0,1,267.03,2011-04-20 14:02:00,2011-04-20 14:02:00,1,267.03,365.0,267.03,Low Value,232,1,0.9999996762058077,0.0009529770441844736,0.0009529767356160413,920.0
15518.0,8,1942.45,2011-01-11 12:55:00,2011-10-06 13:05:00,268,242.81,10.895522388059701,1942.4800000000002,High Value,63,0,0.032544590606297386,0.00693232538960962,0.00022560969175448612,1604.0
15520.0,1,343.5,2011-12-08 10:58:00,2011-12-08 10:58:00,1,343.5,365.0,343.5,Low Value,1,0,4.116986170934958e-05,0.0012258832890587826,5.04694454823527e-08,4296.0
15521.0,8,3000.2,2011-03-30 09:15:00,2011-10-30 13:42:00,214,375.02,13.64485981308411,3000.16,High Value,35,0,0.0015749449579011364,0.010706975279483543,1.6862896730794717e-05,2162.0
15522.0,2,398.84,2011-09-13 12:26:00,2011-11-07 11:26:00,54,199.42,13.518518518518517,398.8399999999999,Medium Value,32,0,0.0015955270604267426,0.0014233807598492132,2.2710425196301986e-06,2794.0
15523.0,1,412.01000000000005,2011-09-16 16:29:00,2011-09-16 16:29:00,1,412.01,365.0,412.01,Medium Value,83,0,0.22186733918834461,0.0014703818746000263,0.00032622971410827803,1508.0
15524.0,1,440.0,2011-11-15 12:09:00,2011-11-15 12:09:00,1,440.0,365.0,440.0,Medium Value,24,0,0.00047362474459358716,0.0015702726264508423,7.437199716450815e-07,3353.0
15525.0,3,825.92,2010-12-01 13:17:00,2011-12-07 14:43:00,371,275.31,2.951482479784367,825.9300000000001,Medium Value,1,0,4.265180967287516e-05,0.002947580159919419,1.2571962797642598e-07,4176.0
15526.0,2,148.44,2011-11-06 15:01:00,2011-11-06 15:04:00,1,74.22,730.0,148.44,Low Value,32,0,0.0009653903018836812,0.0005297528833417342,5.114182959730273e-07,3574.0
15527.0,8,2429.78,2010-12-20 14:15:00,2011-11-21 12:17:00,335,303.72,8.716417910447761,2429.76,High Value,18,0,0.00023962757653618356,0.008671330947375452,2.077890020262788e-06,2829.0
15528.0,1,229.33,2011-03-30 16:14:00,2011-03-30 16:14:00,1,229.33,365.0,229.33000000000004,Low Value,253,1,0.9999999672513453,0.0008184332305090267,0.0008184332037064394,999.0
15529.0,11,3995.23,2010-12-08 12:24:00,2011-11-17 11:29:00,343,363.2,11.705539358600584,3995.2000000000007,High Value,22,0,0.0003314226903046886,0.014258075448173651,4.725449723600941e-06,2517.0
15530.0,4,1502.35,2011-04-07 11:16:00,2011-11-18 12:25:00,225,375.59,6.488888888888889,1502.3600000000001,High Value,21,0,0.00038068041169157866,0.005361624506987927,2.0410654246558214e-06,2843.0
15531.0,2,2007.44,2011-11-09 17:47:00,2011-12-01 18:43:00,22,1003.72,33.18181818181818,2007.4400000000003,High Value,7,0,7.286976517230588e-05,0.007164154730096545,5.220502728401997e-07,3560.0
15532.0,4,1580.93,2010-12-16 16:45:00,2011-11-14 14:51:00,332,395.23,4.397590361445784,1580.92,High Value,24,0,0.0004858468526720899,0.005641989546837877,2.7411428641400132e-06,2716.0
15533.0,3,807.57,2011-09-11 15:41:00,2011-11-20 15:35:00,69,269.19,15.869565217391305,807.5699999999999,Medium Value,18,0,0.0003273576379260392,0.0028820569657793333,9.434633606858102e-07,3220.0
15535.0,4,536.4,2011-01-16 12:35:00,2011-06-19 16:02:00,154,134.1,9.480519480519481,536.4,Medium Value,172,1,0.9998220214278805,0.0019143050837005268,0.0019139643784151286,442.0
15537.0,1,110.92,2011-06-29 13:10:00,2011-06-29 13:10:00,1,110.92,365.0,110.92,Low Value,162,1,0.9994138152261457,0.00039585145392256237,0.0003956194118275649,1427.0
15539.0,1,538.46,2011-12-02 13:36:00,2011-12-02 13:36:00,1,538.46,365.0,538.46,Medium Value,6,0,6.439673422941868e-05,0.001921656814633456,1.2374842317210193e-07,4181.0
15540.0,1,213.3,2011-11-28 13:51:00,2011-11-28 13:51:00,1,213.3,365.0,213.3,Low Value,10,0,0.00011610367691997728,0.0007612253436862835,8.838106136665092e-08,4235.0
15541.0,1,85.13000000000001,2011-08-17 14:58:00,2011-08-17 14:58:00,1,85.13,365.0,85.13,Low Value,113,1,0.8956499718046718,0.00030381206520400044,0.0002721092676338821,1562.0
15543.0,1,127.86,2011-02-24 15:26:00,2011-02-24 15:26:00,1,127.86,365.0,127.86,Low Value,287,1,0.9999999992135573,0.0004563069500409198,0.00045630694968206055,1350.0
15544.0,9,3546.71,2010-12-02 12:47:00,2011-11-30 16:43:00,363,394.08,9.049586776859504,3546.7199999999993,High Value,8,0,7.443736305983875e-05,0.012657539385649388,9.421938546937918e-07,3221.0
15545.0,2,292.71999999999997,2010-12-03 17:28:00,2011-10-16 13:24:00,316,146.36,2.310126582278481,292.72,Low Value,53,0,0.01326001304289458,0.0010446595527606605,1.3852199294990776e-05,2208.0
15547.0,14,4954.84,2010-12-12 13:26:00,2011-12-02 12:52:00,354,353.92,14.435028248587573,4954.88,High Value,6,0,5.4297546044921754e-05,0.017682982798519885,9.601425727141927e-07,3208.0
15549.0,3,1693.26,2011-01-27 15:38:00,2011-09-23 16:22:00,239,564.42,4.581589958158996,1693.2599999999998,High Value,76,0,0.11976554855436242,0.006042908698782166,0.0007237322751735745,1071.0
15550.0,4,575.63,2011-02-11 12:49:00,2011-12-05 15:38:00,297,143.91,4.915824915824915,575.64,Medium Value,3,0,5.783662132099701e-05,0.002054344851568552,1.1881636524291015e-07,4187.0
15551.0,1,436.06,2011-11-03 12:37:00,2011-11-03 12:37:00,1,436.06,365.0,436.06,Medium Value,36,0,0.0017370818342072251,0.0015562115488412598,2.703266811675642e-06,2721.0
15552.0,1,90.12,2011-05-06 14:47:00,2011-05-06 14:47:00,1,90.12,365.0,90.12,Low Value,216,1,0.9999983195009291,0.00032162038430852256,0.00032161984382576554,1513.0
15553.0,1,437.23,2011-10-10 14:02:00,2011-10-10 14:02:00,1,437.23,365.0,437.23,Medium Value,59,0,0.020536805347882357,0.0015603870465070496,3.204536504147233e-05,2015.0
15554.0,1,217.2,2011-03-07 09:00:00,2011-03-07 09:00:00,1,217.2,365.0,217.2,Low Value,277,1,0.9999999975765466,0.0007751436692389158,0.0007751436673603912,1028.0
15555.0,16,4805.17,2010-12-05 14:45:00,2011-11-27 16:19:00,357,300.32,16.358543417366946,4805.119999999999,High Value,11,0,9.090444586370893e-05,0.017148519097298795,1.558876625923177e-06,2959.0
15556.0,1,279.77,2011-11-15 16:08:00,2011-11-15 16:08:00,1,279.77,365.0,279.77,Low Value,23,0,0.00045911750916346404,0.0009984435743230732,4.584029268834753e-07,3641.0
15557.0,1,473.65000000000003,2011-11-11 12:46:00,2011-11-11 12:46:00,1,473.65,365.0,473.65,Medium Value,28,0,0.0007183423681387397,0.0016903627943600941,1.2142592127142474e-06,3082.0
15561.0,4,800.59,2011-05-08 11:38:00,2011-11-28 11:07:00,203,200.15,7.192118226600985,800.6,Medium Value,11,0,0.00014239823011453223,0.0028571824198557827,4.068577197018198e-07,3710.0
15562.0,1,134.55,2010-12-23 09:55:00,2010-12-23 09:55:00,1,134.55,365.0,134.55,Low Value,351,1,0.9999999999992264,0.0004801822315658201,0.0004801822315654487,1327.0
15563.0,4,1400.44,2010-12-16 11:27:00,2011-11-17 14:50:00,336,350.11,4.345238095238095,1400.4399999999998,High Value,8,0,8.765746065632655e-05,0.004997892265879131,4.3810254466085865e-07,3659.0
15565.0,2,173.16,2011-09-30 10:44:00,2011-10-20 14:33:00,20,86.58,36.5,173.16,Low Value,49,0,0.01055493797520098,0.0006179736545368815,6.522673593945061e-06,2422.0
15567.0,1,186.01,2011-11-21 10:48:00,2011-11-21 10:48:00,1,186.01,365.0,186.01,Low Value,18,0,0.00027961066984047466,0.0006638327528320936,1.8561472068142795e-07,4069.0
15568.0,3,758.29,2011-09-27 14:37:00,2011-12-07 11:27:00,70,252.76,15.642857142857142,758.2799999999999,Medium Value,2,0,5.837285234757304e-05,0.0027061507436026014,1.5796573778658963e-07,4130.0
15569.0,5,1375.71,2011-01-11 13:26:00,2011-08-28 10:15:00,228,275.14,8.00438596491228,1375.6999999999998,High Value,103,1,0.7357096974839917,0.004909600118655508,0.0036120404180634137,192.0
15570.0,12,4165.52,2010-12-05 12:57:00,2011-12-02 14:47:00,362,347.13,12.099447513812153,4165.5599999999995,High Value,6,0,5.695331115675663e-05,0.014866056458724023,8.466711391676209e-07,3291.0
15571.0,4,650.4300000000001,2011-09-22 13:15:00,2011-11-28 10:02:00,66,162.61,22.12121212121212,650.44,Medium Value,11,0,0.00015721918419300815,0.0023212911980651954,3.649515084342205e-07,3773.0
15572.0,7,2552.86,2011-03-06 14:44:00,2011-12-05 10:09:00,273,364.69,9.35897435897436,2552.83,High Value,4,0,5.461312282242542e-05,0.0091105433385966,4.975552223298058e-07,3585.0
15573.0,2,607.45,2011-09-15 12:16:00,2011-11-08 11:38:00,53,303.73,13.773584905660377,607.46,Medium Value,31,0,0.001362686789073629,0.0021679041128723382,2.9541742945895207e-06,2689.0
15574.0,4,702.25,2010-12-02 15:46:00,2011-06-15 12:01:00,194,175.56,7.525773195876289,702.2399999999999,Medium Value,177,1,0.9998915680916751,0.002506155111815544,0.0025058833646342117,304.0
15576.0,1,940.6700000000001,2011-11-02 12:03:00,2011-11-02 12:03:00,1,940.67,365.0,940.67,Medium Value,37,0,0.0015186135257024207,0.0033570644352807133,5.09808345807185e-06,2495.0
15577.0,3,258.88,2011-02-07 13:32:00,2011-07-11 17:03:00,154,86.29,7.1103896103896105,258.87,Low Value,150,1,0.9981694643035285,0.0009238556245666582,0.0009221644738675029,935.0
15578.0,1,127.1,2011-06-30 13:03:00,2011-06-30 13:03:00,1,127.1,365.0,127.1,Low Value,161,1,0.9993417443699116,0.0004535946609588683,0.0004532960797195141,1358.0
15579.0,2,348.6,2011-01-30 12:09:00,2011-10-02 12:45:00,245,174.3,2.979591836734694,348.6,Low Value,68,0,0.06589128041875182,0.0012440841763199176,8.197429932642757e-05,1823.0
15581.0,13,3679.9700000000003,2010-12-08 14:38:00,2011-08-11 09:38:00,245,283.07,19.36734693877551,3679.91,High Value,120,1,0.9338280770845018,0.013132868047278907,0.012263840915194958,19.0
15582.0,3,682.9100000000001,2011-05-03 13:36:00,2011-11-15 09:55:00,195,227.64,5.615384615384616,682.9200000000001,Medium Value,24,0,0.000591627063400865,0.0024372058683086576,1.4419169507708065e-06,2995.0
15584.0,4,725.11,2011-06-30 16:39:00,2011-11-16 10:55:00,138,181.28,10.579710144927537,725.12,Medium Value,23,0,0.0005487933768732862,0.002587809288390988,1.420172598080146e-06,3001.0
15585.0,1,455.3,2011-06-16 08:38:00,2011-06-16 08:38:00,1,455.3,365.0,455.3,Medium Value,176,1,0.9998479180196974,0.0016248752882342468,0.0016246281739826674,536.0
15587.0,4,913.6800000000001,2010-12-23 09:59:00,2011-10-20 13:37:00,301,228.42,4.850498338870432,913.6800000000001,Medium Value,49,0,0.007986334927688616,0.0032607424848536495,2.604138159698487e-05,2064.0
15589.0,3,478.53000000000003,2011-02-02 10:46:00,2011-03-29 09:54:00,54,159.51,20.277777777777775,478.53,Medium Value,252,1,0.9999999712332864,0.0017077785453080035,0.0017077784961808272,506.0
15592.0,1,388.58,2011-10-24 08:59:00,2011-10-24 08:59:00,1,388.58,365.0,388.5799999999999,Low Value,46,0,0.005227772194155737,0.0013867648572415186,7.249690760519561e-06,2387.0
15593.0,1,199.8,2011-09-30 11:46:00,2011-09-30 11:46:00,1,199.8,365.0,199.8,Low Value,70,0,0.07176833643663452,0.0007130465244656325,5.1174162862822466e-05,1923.0
15594.0,5,1771.78,2011-04-19 10:08:00,2011-11-24 08:53:00,218,354.36,8.371559633027523,1771.8,High Value,15,0,0.00019678450362704903,0.0063232023626036415,1.2443082382583414e-06,3066.0
15596.0,5,1406.59,2010-12-09 16:10:00,2011-08-31 10:55:00,264,281.32,6.912878787878788,1406.6,High Value,100,1,0.6620495334839349,0.005019876082649442,0.003323406618665226,212.0
15597.0,1,324.57,2011-11-04 13:26:00,2011-11-04 13:26:00,1,324.57,365.0,324.57,Low Value,29,0,0.0008598864020290783,0.0011583258781071588,9.960286717027375e-07,3179.0
15598.0,1,240.68,2011-10-17 16:04:00,2011-10-17 16:04:00,1,240.68,365.0,240.67999999999998,Low Value,34,0,0.0015371930474942534,0.0008589391266686107,1.3203552537357742e-06,3028.0
15599.0,2,761.74,2011-05-19 13:05:00,2011-11-13 11:44:00,177,380.87,4.124293785310734,761.7399999999999,Medium Value,26,0,0.0007084052047397524,0.002718498796528783,1.925798696539743e-06,2863.0
15601.0,14,6776.56,2010-12-02 10:39:00,2011-11-28 15:15:00,361,484.04,14.15512465373961,6776.5599999999995,High Value,10,0,7.827739369799113e-05,0.02418419697614027,1.8930759079710986e-06,2865.0
15602.0,9,1297.8700000000001,2010-12-06 15:35:00,2011-12-01 14:14:00,359,144.21,9.15041782729805,1297.8899999999999,High Value,7,0,7.553691173000196e-05,0.004631911679873372,3.4988030370376e-07,3802.0
15603.0,1,48.480000000000004,2011-09-22 10:04:00,2011-09-22 10:04:00,1,48.48,365.0,48.47999999999999,Low Value,78,0,0.16505822147941956,0.00017301549302349277,2.855762956684264e-05,2042.0
15604.0,1,216.39,2011-10-18 14:47:00,2011-10-18 14:47:00,1,216.39,365.0,216.39,Low Value,51,0,0.009713878226544027,0.0007722529400856767,7.501571020082864e-06,2373.0
15605.0,5,1198.23,2010-12-01 13:38:00,2011-11-03 14:17:00,337,239.65,5.415430267062315,1198.2500000000002,High Value,35,0,0.0016723776551908734,0.004276316306010732,7.1516158367007255e-06,2390.0
15606.0,9,2920.16,2011-01-19 12:07:00,2011-10-09 15:47:00,263,324.46,12.490494296577948,2920.1400000000003,High Value,56,0,0.014615114899363072,0.010421399789554918,0.00015230995533654327,1700.0
15607.0,1,104.76,2011-01-07 12:44:00,2011-01-07 12:44:00,1,104.76,365.0,104.76,Low Value,336,1,0.9999999999961329,0.00037386763715225056,0.0003738676371508048,1454.0
15608.0,4,1093.68,2011-08-11 09:56:00,2011-11-11 13:20:00,92,273.42,15.869565217391305,1093.68,Medium Value,27,0,0.0008313205194940264,0.003903126741128994,3.244749350086382e-06,2661.0
15609.0,1,298.48,2011-06-08 13:00:00,2011-06-08 13:00:00,1,298.48,365.0,298.48,Low Value,182,1,0.9999263324364414,0.0010652158489614714,0.0010651373771052143,859.0
15610.0,1,112.46000000000001,2011-10-19 10:36:00,2011-10-19 10:36:00,1,112.46,365.0,112.45999999999998,Low Value,51,0,0.010207057009037079,0.00040134740811514024,4.096575875060507e-06,2570.0
15611.0,13,1591.45,2011-01-09 11:32:00,2011-11-30 12:36:00,325,122.42,14.6,1591.4599999999998,High Value,9,0,8.772744803265524e-05,0.005679604713844221,4.982572273797926e-07,3584.0
15612.0,2,195.15,2011-10-09 12:49:00,2011-11-03 14:52:00,25,97.58,29.2,195.16,Low Value,35,0,0.002332339198582507,0.0006964872858594237,1.6244445981242736e-06,2939.0
15615.0,23,10399.74,2010-12-15 16:21:00,2011-11-29 14:42:00,348,452.16,24.123563218390807,10399.680000000002,High Value,9,0,5.750958940868627e-05,0.03711439279056432,2.13443349053806e-06,2818.0
15618.0,4,776.851,2011-07-26 10:13:00,2011-11-07 08:34:00,103,194.21,14.174757281553397,776.8399999999999,Medium Value,32,0,0.0014738384791928483,0.002772387698027437,4.0860516685937194e-06,2574.0
15619.0,1,336.40000000000003,2011-11-29 08:14:00,2011-11-29 08:14:00,1,336.4,365.0,336.4,Low Value,10,0,0.0001094252613545881,0.001200544798950144,1.3136992839301092e-07,4171.0
15620.0,3,1553.18,2010-12-16 14:34:00,2011-10-14 12:41:00,301,517.73,3.6378737541528237,1553.1899999999998,High Value,49,0,0.007130335205087109,0.005543026683357236,3.952363830307934e-05,1974.0
15621.0,4,1293.03,2011-11-18 11:49:00,2011-12-05 14:01:00,17,323.26,85.88235294117646,1293.0399999999997,High Value,3,0,6.001229086235044e-05,0.0046146029929681745,2.76932897028279e-07,3907.0
15622.0,9,3709.56,2011-03-02 13:42:00,2011-10-27 16:44:00,239,412.17,13.744769874476988,3709.5300000000007,High Value,2,0,4.178265620443005e-05,0.013238575945450443,5.531428673649933e-07,3524.0
15623.0,1,301.03,2011-07-21 17:26:00,2011-07-21 17:26:00,1,301.03,365.0,301.03,Low Value,140,1,0.993094065281753,0.0010743162925920388,0.001066897134408649,857.0
15624.0,4,588.13,2011-03-28 13:32:00,2011-08-15 11:38:00,139,147.03,10.503597122302159,588.12,Medium Value,116,1,0.9292495459965505,0.002098883493336976,0.001950386533283039,436.0
15625.0,4,1534.26,2011-04-18 14:01:00,2011-08-28 10:21:00,131,383.56,11.145038167938932,1534.2400000000002,High Value,99,1,0.6516196679939346,0.005475397896377138,0.0035678769593719584,197.0
15626.0,2,675.8,2011-01-14 10:10:00,2011-09-26 10:03:00,254,337.9,2.874015748031496,675.8,Medium Value,74,0,0.11037452303936487,0.0024117960021715437,0.0002662008334079311,1568.0
15628.0,9,2870.2400000000002,2010-12-08 09:51:00,2011-12-05 10:24:00,362,318.92,9.074585635359115,2870.28,High Value,4,0,5.009126533061144e-05,0.010243459350566645,5.131078402325665e-07,3572.0
15630.0,2,1186.35,2011-05-19 10:16:00,2011-10-25 15:36:00,159,593.17,4.591194968553459,1186.34,Medium Value,44,0,0.004524532564478216,0.004233811881053846,1.9156019727702898e-05,2133.0
15632.0,8,3285.31,2011-03-10 08:29:00,2011-11-24 09:51:00,259,410.66,11.274131274131275,3285.2800000000007,High Value,15,0,0.00017288986227565153,0.011724511941423692,2.027049254801974e-06,2847.0
15634.0,1,243.55,2011-11-22 16:28:00,2011-11-22 16:28:00,1,243.55,365.0,243.55,Low Value,16,0,0.00021904533134168783,0.0008691815867547788,1.903901686667945e-07,4057.0
15636.0,2,724.76,2011-03-02 14:50:00,2011-09-11 11:17:00,192,362.38,3.802083333333333,724.7600000000001,Medium Value,89,0,0.3932802522854629,0.002586524519878438,0.0010172290157203277,889.0
15637.0,1,223.36,2011-10-18 08:28:00,2011-10-18 08:28:00,1,223.36,365.0,223.36,Low Value,52,0,0.010776525432987774,0.0007971274860092277,8.590264626312048e-06,2333.0
15639.0,1,425.32,2011-07-28 14:30:00,2011-07-28 14:30:00,1,425.32,365.0,425.32,Medium Value,133,1,0.9844943329552199,0.0015178826215501643,0.0014943468390073496,579.0
15640.0,15,12515.66,2010-12-02 15:40:00,2011-12-05 14:35:00,367,834.38,14.91825613079019,12515.7,High Value,3,0,3.0122135443322838e-05,0.04466604797925184,1.3454367469489803e-06,3019.0
15641.0,4,1887.2,2010-12-15 14:45:00,2011-08-26 14:04:00,253,471.8,5.770750988142292,1887.2,High Value,104,1,0.7400422420123406,0.006735042046904613,0.004984215616438674,114.0
15643.0,3,664.0,2011-03-02 14:34:00,2011-06-01 07:38:00,90,221.33,12.166666666666666,663.99,Medium Value,178,1,0.9999091805644743,0.0023696484573570336,0.002369433247221742,325.0
15644.0,4,813.0,2011-03-23 15:37:00,2011-06-26 14:54:00,94,203.25,15.53191489361702,813.0,Medium Value,165,1,0.9996213619564386,0.0029014355575103065,0.002900336963627291,256.0
15645.0,1,612.01,2011-11-21 11:55:00,2011-11-21 11:55:00,1,612.01,365.0,612.01,Medium Value,18,0,0.00022778784636435186,0.002184142159350409,4.975210386320148e-07,3586.0
15646.0,3,447.64000000000004,2010-12-02 16:59:00,2011-07-05 09:53:00,214,149.21,5.116822429906542,447.6300000000001,Medium Value,157,1,0.9990793152834594,0.0015975025813140698,0.0015960317851028197,546.0
15648.0,2,657.35,2011-03-17 18:59:00,2011-05-19 15:53:00,62,328.68,11.774193548387096,657.36,Medium Value,203,1,0.999993882644318,0.0023459873039175586,0.002345972952678795,328.0
15649.0,2,816.0,2010-12-07 10:06:00,2011-01-07 13:34:00,31,408.0,23.548387096774192,816.0,Medium Value,335,1,0.9999999999960825,0.0029121419617815624,0.002912141961770154,253.0
15651.0,3,646.3,2011-03-24 08:56:00,2011-11-03 08:41:00,223,215.43,4.910313901345292,646.2900000000002,Medium Value,36,0,0.0021379661472299,0.0023064806721566256,4.9311775963109305e-06,2507.0
15652.0,1,337.74,2011-09-09 14:22:00,2011-09-09 14:22:00,1,337.74,365.0,337.74,Low Value,90,0,0.3866607481128446,0.0012053269928579717,0.00046605263677906866,1343.0
15653.0,2,877.4399999999999,2011-08-16 09:50:00,2011-09-08 10:49:00,23,438.72,31.73913043478261,877.44,Medium Value,92,1,0.4865897087835572,0.00313140912125688,0.0015237114523945598,569.0
15654.0,2,922.53,2011-11-13 15:15:00,2011-11-30 13:08:00,16,461.26,45.625,922.52,Medium Value,8,0,0.00010475816197865337,0.0032922906894396163,3.448943213251277e-07,3810.0
15655.0,1,560.67,2011-04-10 15:25:00,2011-04-10 15:25:00,1,560.67,365.0,560.67,Medium Value,232,1,0.9999996270523624,0.002000919894254986,0.0020009191480166383,424.0
15656.0,4,748.5,2011-02-28 15:32:00,2011-10-25 14:56:00,238,187.12,6.134453781512605,748.4799999999999,Medium Value,44,0,0.004959679355179171,0.0026711764896498328,1.3248178889756243e-05,2222.0
15657.0,1,30.0,2011-11-17 12:19:00,2011-11-17 12:19:00,1,30.0,365.0,30.0,Low Value,22,0,0.0004646446512342265,0.00010706404271255744,4.974673478590258e-08,4299.0
15658.0,5,1024.1000000000001,2010-12-02 10:53:00,2011-06-02 15:22:00,182,204.82,10.027472527472527,1024.1,Medium Value,189,1,0.9999694528638241,0.0036548095380643355,0.0036546978940996794,189.0
15659.0,1,306.45,2011-10-27 09:23:00,2011-10-27 09:23:00,1,306.45,365.0,306.45,Low Value,43,0,0.003935681091652711,0.0010936591963087742,4.304293819624544e-06,2554.0
15660.0,9,1600.86,2010-12-09 09:49:00,2011-11-14 16:58:00,340,177.87,9.661764705882353,1600.8300000000002,High Value,24,0,0.0004737523082733823,0.005713044383184778,2.7065679638020703e-06,2720.0
15661.0,2,309.8,2011-01-05 12:32:00,2011-01-26 13:56:00,21,154.9,34.76190476190476,309.8,Low Value,316,1,0.9999999999728106,0.0011056146810783432,0.0011056146810482822,812.0
15663.0,1,138.14,2011-08-25 15:50:00,2011-08-25 15:50:00,1,138.14,365.0,138.14,Low Value,105,1,0.7787404737367501,0.0004929942286770894,0.0003839145591894803,1443.0
15664.0,1,386.43,2011-10-20 10:57:00,2011-10-20 10:57:00,1,386.43,365.0,386.43,Low Value,50,0,0.008045837022125317,0.0013790919341804524,1.1095948940943495e-05,2269.0
15665.0,2,2242.01,2011-04-10 15:09:00,2011-06-24 14:57:00,74,1121.01,9.864864864864865,2242.02,High Value,167,1,0.9995561988686997,0.008001324168080267,0.007997773171362573,42.0
15667.0,1,301.32,2011-10-31 10:56:00,2011-10-31 10:56:00,1,301.32,365.0,301.32,Low Value,39,0,0.0025624377986610365,0.001075351245004927,2.75552067703783e-06,2714.0
15668.0,1,76.32000000000001,2011-05-06 10:39:00,2011-05-06 10:39:00,1,76.32,365.0,76.32,Low Value,217,1,0.999998501887344,0.0002723709246607461,0.00027237051661841674,1561.0
15669.0,4,684.34,2011-03-21 09:13:00,2011-10-30 16:03:00,223,171.08,6.547085201793722,684.32,Medium Value,39,0,0.0029439638468702124,0.00244220219030191,7.18975495499607e-06,2389.0
15670.0,1,173.05,2011-02-16 10:50:00,2011-02-16 10:50:00,1,173.05,365.0,173.05,Low Value,296,1,0.9999999996965905,0.0006175810863802689,0.000617581086192889,1176.0
15671.0,7,2657.13,2011-03-14 09:37:00,2011-11-21 12:43:00,252,379.59,10.138888888888888,2657.1299999999997,High Value,18,0,0.0002501298544413493,0.009482769327093923,2.371923711486895e-06,2775.0
15673.0,4,2881.02,2011-01-16 16:25:00,2011-09-12 16:12:00,238,720.26,6.134453781512605,2881.0399999999995,High Value,87,0,0.288311528933598,0.010281859653886213,0.002964378677092609,249.0
15674.0,5,2446.6,2011-03-30 09:19:00,2011-09-27 15:17:00,181,489.32,10.082872928176796,2446.6,High Value,72,0,0.08282959056296096,0.008731429563351434,0.0007232207357617323,1072.0
15675.0,3,323.69,2011-03-04 14:21:00,2011-09-19 13:48:00,198,107.9,5.53030303030303,323.7,Low Value,80,0,0.2116876536071696,0.0011552210208684948,0.00024454602730533074,1593.0
15676.0,3,3435.76,2011-03-01 10:19:00,2011-11-21 12:40:00,265,1145.25,4.132075471698113,3435.75,High Value,8,0,6.428720834248042e-05,0.01226150949165564,7.882582152833673e-07,3325.0
15677.0,1,657.23,2011-10-21 15:36:00,2011-10-21 15:36:00,1,657.23,365.0,657.23,Medium Value,48,0,0.005701291608007721,0.0023455233597324708,1.337251264722881e-05,2219.0
15678.0,1,352.7,2011-10-18 09:25:00,2011-10-18 09:25:00,1,352.7,365.0,352.7,Low Value,52,0,0.010132712105713678,0.0012587162621573002,1.2754209507219946e-05,2233.0
15679.0,4,781.28,2011-06-10 08:24:00,2011-11-15 16:19:00,158,195.32,9.240506329113924,781.2800000000001,Medium Value,23,0,0.0005383199028450115,0.002788233176348896,1.5009614126013757e-06,2980.0
15680.0,3,1333.68,2010-12-08 14:43:00,2011-11-30 13:46:00,356,444.56,3.0758426966292136,1333.6800000000003,High Value,8,0,8.472369117013823e-05,0.004759639082829455,4.0325419173496273e-07,3717.0
15681.0,5,1426.16,2011-03-04 13:46:00,2011-11-14 16:30:00,255,285.23,7.1568627450980395,1426.15,High Value,17,0,0.00024655757754218335,0.005089646150483794,1.254890825410183e-06,3058.0
15683.0,1,193.75,2011-08-14 12:56:00,2011-08-14 12:56:00,1,193.75,365.0,193.75,Low Value,116,1,0.91850819414666,0.0006914552758519334,0.00063510733675594,1157.0
15687.0,9,2993.1,2011-01-13 15:13:00,2011-12-01 08:33:00,321,332.57,10.233644859813085,2993.1299999999997,High Value,8,0,7.882396885491742e-05,0.010681886605474566,8.419886971016868e-07,3294.0
15689.0,2,254.1,2010-12-13 09:57:00,2011-08-12 09:37:00,241,127.05,3.029045643153527,254.1,Low Value,119,1,0.9475605181814565,0.0009068324417753614,0.0008592786184324169,975.0
15690.0,2,239.76,2011-08-31 11:40:00,2011-12-05 15:59:00,96,119.88,7.604166666666666,239.76,Low Value,3,0,7.02474031712519e-05,0.000855655829358759,6.010760002079666e-08,4279.0
15691.0,1,136.8,2011-04-01 15:13:00,2011-04-01 15:13:00,1,136.8,365.0,136.8,Low Value,251,1,0.9999999611070614,0.0004882120347692619,0.0004882120157812612,1310.0
15692.0,1,191.04,2011-11-11 14:12:00,2011-11-11 14:12:00,1,191.04,365.0,191.03999999999996,Low Value,27,0,0.0007385614660605471,0.0006817838239935656,5.035392605850538e-07,3581.0
15694.0,14,6479.4,2010-12-02 07:49:00,2011-12-09 09:44:00,372,462.81,13.736559139784946,6479.339999999999,High Value,0,0,2.6600931192757603e-05,0.023123477816972726,6.151060423465482e-07,3461.0
15695.0,2,409.98,2011-03-18 08:31:00,2011-03-18 08:32:00,1,204.99,730.0,409.98,Medium Value,266,1,0.9999999889837184,0.00146313720770981,0.0014631371915914786,595.0
15696.0,8,2736.46,2011-01-17 11:24:00,2011-11-06 14:02:00,293,342.06,9.965870307167236,2736.4800000000005,High Value,32,0,0.0010996825912635792,0.009765953720068641,1.0739449293045273e-05,2278.0
15699.0,1,309.65,2011-11-22 08:26:00,2011-11-22 08:26:00,1,309.65,365.0,309.65,Low Value,17,0,0.00023643895619649842,0.0011050793608647802,2.612838105971622e-07,3933.0
15700.0,2,696.68,2011-06-19 15:36:00,2011-06-20 16:53:00,1,348.34,730.0,696.68,Medium Value,171,1,0.9996550682653437,0.0024863125758994836,0.002485454967789781,307.0
15701.0,4,1542.14,2011-08-21 12:36:00,2011-12-07 14:39:00,108,385.54,13.518518518518517,1542.16,High Value,1,0,4.683232307013143e-05,0.005503662803653253,2.577493144897545e-07,3935.0
15703.0,1,211.5,2011-03-20 10:51:00,2011-03-20 10:51:00,1,211.5,365.0,211.5,Low Value,264,1,0.9999999901289313,0.00075480150112353,0.0007548014936728325,1043.0
15704.0,4,2293.62,2011-05-08 12:42:00,2011-07-22 13:35:00,75,573.4,19.46666666666667,2293.6,High Value,139,1,0.9925772029644881,0.008185402945517391,0.008124644360798934,39.0
15705.0,1,143.1,2011-05-22 15:37:00,2011-05-22 15:37:00,1,143.1,365.0,143.1,Low Value,200,1,0.9999902577804555,0.0005106954837388989,0.0005106905084313759,1288.0
15706.0,4,1060.56,2011-08-15 14:32:00,2011-10-07 10:09:00,52,265.14,28.07692307692308,1060.5600000000002,Medium Value,59,0,0.026420647606436,0.003784928037974331,0.00010000024990703902,1783.0
15707.0,4,945.58,2011-09-14 14:19:00,2011-11-04 14:35:00,51,236.4,28.627450980392158,945.6,Medium Value,34,0,0.0018350397501165593,0.0033746586262998106,6.192632722333896e-06,2435.0
15708.0,7,3364.2400000000002,2010-12-05 11:12:00,2011-10-30 10:54:00,328,480.61,7.789634146341464,3364.27,High Value,40,0,0.0024470231182499133,0.012006411565885854,2.9379966668945825e-05,2036.0
15709.0,1,133.25,2011-03-01 10:38:00,2011-03-01 10:38:00,1,133.25,365.0,133.25,Low Value,283,1,0.9999999987842871,0.0004755427897149426,0.0004755427891368191,1335.0
15712.0,5,1072.3600000000001,2011-02-25 11:32:00,2011-11-30 14:09:00,278,214.47,6.5647482014388485,1072.35,Medium Value,8,0,9.486212947357031e-05,0.003827004206760365,3.630377685576e-07,3777.0
15713.0,2,356.7,2010-12-08 15:16:00,2011-07-19 13:34:00,222,178.35,3.2882882882882885,356.70000000000005,Low Value,142,1,0.9953760478467202,0.0012729914678523081,0.0012671052162134256,687.0
15714.0,2,330.88,2011-09-23 11:25:00,2011-11-28 11:26:00,66,165.44,11.06060606060606,330.88,Low Value,11,0,0.0001662535910069084,0.0011808450150910335,1.9631972418149124e-07,4044.0
15716.0,4,1118.81,2010-12-05 12:26:00,2011-07-17 11:59:00,223,279.7,6.547085201793722,1118.8,Medium Value,145,1,0.9963025976309127,0.003992775032893641,0.003978012137027788,157.0
15717.0,1,150.3,2011-04-19 13:21:00,2011-04-19 13:21:00,1,150.3,365.0,150.3,Low Value,233,1,0.999999725299155,0.0005363908539899128,0.000536390706642892,1267.0
15719.0,13,5045.61,2011-01-06 12:31:00,2011-11-07 12:29:00,304,388.12,15.608552631578947,5045.56,High Value,32,0,0.0009425276051118736,0.01800660171162571,1.6971719187461945e-05,2161.0
15720.0,1,598.73,2011-11-15 14:48:00,2011-11-15 14:48:00,1,598.73,365.0,598.73,Medium Value,23,0,0.0003938046409575369,0.002136748476442984,8.414614665821934e-07,3295.0
15721.0,1,507.08,2011-11-28 12:14:00,2011-11-28 12:14:00,1,507.08,365.0,507.0799999999999,Medium Value,11,0,0.00011231786277575594,0.0018096678259561206,2.0325802254544012e-07,4029.0
15722.0,5,2222.56,2011-02-22 12:24:00,2011-11-04 11:43:00,254,444.51,7.18503937007874,2222.5499999999997,High Value,35,0,0.0016013601034062153,0.007931839604359817,1.270173148903915e-05,2234.0
15723.0,1,203.1,2010-12-10 11:12:00,2010-12-10 11:12:00,1,203.1,365.0,203.1,Low Value,364,1,0.9999999999998042,0.0007248235691640139,0.0007248235691638719,1070.0
15724.0,2,218.25,2011-02-28 10:40:00,2011-05-22 14:40:00,83,109.12,8.795180722891567,218.24000000000007,Low Value,200,1,0.999992293884737,0.0007788552227196181,0.0007788492207714986,1023.0
15725.0,1,415.25,2011-11-24 14:51:00,2011-11-24 14:51:00,1,415.25,365.0,415.25,Medium Value,14,0,0.00016242391394352579,0.0014819447912129825,2.4070327323703375e-07,3965.0
15727.0,7,5178.96,2010-12-15 15:47:00,2011-11-23 12:36:00,342,739.85,7.470760233918128,5178.949999999999,High Value,16,0,0.00015965762201152058,0.018482644133539974,2.9508950108461735e-06,2690.0
15729.0,1,85.0,2011-05-11 12:36:00,2011-05-11 12:36:00,1,85.0,365.0,85.0,Low Value,197,1,0.9999868918963793,0.0003033481210189127,0.0003033441447003093,1531.0
15730.0,3,1120.88,2011-05-17 12:43:00,2011-10-05 12:31:00,140,373.63,7.821428571428571,1120.8899999999999,Medium Value,65,0,0.04614703076710724,0.004000233827869283,0.00018459891353030697,1655.0
15732.0,2,294.12,2010-12-02 15:00:00,2011-05-11 14:24:00,159,147.06,4.591194968553459,294.12,Low Value,211,1,0.9999974958936477,0.0010496558747539132,0.0010496532463039696,869.0
15733.0,1,162.3,2011-03-02 09:05:00,2011-03-02 09:05:00,1,162.3,365.0,162.3,Low Value,282,1,0.9999999986262347,0.0005792164710749358,0.0005792164702792283,1215.0
15734.0,2,1339.45,2011-05-23 14:59:00,2011-08-17 10:50:00,85,669.72,8.588235294117647,1339.44,High Value,114,1,0.899672183765694,0.004780195379030265,0.004300608815478838,143.0
15737.0,8,1205.1200000000001,2011-04-11 10:01:00,2011-11-25 11:21:00,228,150.64,12.807017543859649,1205.12,High Value,14,0,0.00017936399031609785,0.004300833971791907,7.714147428676283e-07,3334.0
15738.0,16,4812.42,2010-12-02 12:50:00,2011-11-21 08:26:00,353,300.78,16.54390934844193,4812.4800000000005,High Value,18,0,0.0001943688979168331,0.017174785475777617,3.3382441248849276e-06,2650.0
15739.0,1,449.12,2011-10-04 13:42:00,2011-10-04 13:42:00,1,449.12,365.0,449.11999999999995,Medium Value,65,0,0.03838117012009344,0.0016028200954354597,6.151811075481278e-05,1878.0
15740.0,1,154.88,2011-10-21 14:29:00,2011-10-21 14:29:00,1,154.88,365.0,154.88,Low Value,48,0,0.007249390474980139,0.0005527359645106965,4.006998836302804e-06,2583.0
15743.0,4,784.46,2011-06-08 10:14:00,2011-11-23 17:19:00,168,196.12,8.69047619047619,784.48,Medium Value,15,0,0.00022499473119524992,0.002799653340904902,6.299072508767818e-07,3452.0
15744.0,1,34.8,2011-09-23 09:52:00,2011-09-23 09:52:00,1,34.8,365.0,34.8,Low Value,77,0,0.15152083143569434,0.00012419428954656662,1.881802201166114e-05,2138.0
15745.0,4,1094.59,2011-04-17 13:04:00,2011-11-20 13:45:00,217,273.65,6.728110599078341,1094.6,Medium Value,8,0,9.843588803140277e-05,0.003906410038438845,3.8453094114851393e-07,3738.0
15746.0,1,196.88,2011-07-28 15:21:00,2011-07-28 15:21:00,1,196.88,365.0,196.88,Low Value,133,1,0.9860863225063078,0.000702625624308277,0.0006928495179728475,1102.0
15747.0,3,974.04,2011-06-20 11:30:00,2011-11-27 12:26:00,160,324.68,6.84375,974.04,Medium Value,12,0,0.00015767507233267985,0.0034761553387913148,5.481030444835518e-07,3528.0
15748.0,1,149.31,2011-10-30 12:51:00,2011-10-30 12:51:00,1,149.31,365.0,149.31,Low Value,39,0,0.0027564056684357264,0.0005328577405803984,1.468772096605664e-06,2988.0
15749.0,3,44534.3,2011-01-11 12:55:00,2011-04-18 13:20:00,97,14844.77,11.288659793814434,44534.31,High Value,234,1,0.9997578706553918,0.1589341089338091,0.15889562632217707,1.0
15750.0,8,2465.48,2010-12-08 10:36:00,2011-12-07 12:34:00,364,308.18,8.021978021978022,2465.44,High Value,2,0,4.1514806942575134e-05,0.008798665782174921,3.6527491129923367e-07,3771.0
15752.0,7,2637.38,2010-12-02 09:43:00,2011-10-31 11:37:00,333,376.77,7.6726726726726735,2637.3900000000003,High Value,39,0,0.002301224230955745,0.009412321186989063,2.1659861585037372e-05,2101.0
15753.0,1,79.2,2011-02-08 12:41:00,2011-02-08 12:41:00,1,79.2,365.0,79.2,Low Value,304,1,0.9999999998780063,0.00028264907276115165,0.0002826490727266702,1547.0
15754.0,3,458.57,2011-04-07 12:24:00,2011-10-19 14:40:00,195,152.86,5.615384615384616,458.58000000000004,Medium Value,50,0,0.010133388616116935,0.001636580956904153,1.6584110838046304e-05,2165.0
15755.0,6,2364.25,2011-02-18 11:53:00,2011-11-29 14:57:00,284,394.04,7.711267605633803,2364.2400000000002,High Value,0,0,3.555446272260129e-05,0.008437503078091227,2.9999088866182815e-07,3877.0
15756.0,4,532.96,2011-04-04 14:00:00,2011-10-09 13:30:00,187,133.24,7.807486631016042,532.96,Medium Value,60,0,0.029022433734364757,0.0019020284068028204,5.5201493397314225e-05,1898.0
15757.0,2,714.42,2011-05-06 11:40:00,2011-10-05 12:14:00,152,357.21,4.802631578947368,714.4199999999998,Medium Value,65,0,0.04731583158038121,0.0025496231131568424,0.00012063753781557638,1750.0
15758.0,1,205.25,2011-11-15 10:48:00,2011-11-15 10:48:00,1,205.25,365.0,205.25,Low Value,24,0,0.0005302479276488864,0.0007324964922250805,3.8840474701242753e-07,3731.0
15759.0,3,253.04,2010-12-16 15:29:00,2011-05-05 15:13:00,139,84.35,7.8776978417266195,253.05,Low Value,217,1,0.9999987141815032,0.000903085200280422,0.0009030840390767673,944.0
15762.0,2,583.75,2011-09-23 15:17:00,2011-10-05 16:15:00,12,291.88,60.83333333333333,583.76,Medium Value,64,0,0.04606155130756946,0.0020833235191294176,9.596111316664584e-05,1790.0
15763.0,2,1086.92,2011-09-23 12:10:00,2011-11-08 09:44:00,45,543.46,16.22222222222222,1086.92,Medium Value,31,0,0.0012185090840748296,0.003879001643504431,4.726598739751343e-06,2516.0
15764.0,6,3279.97,2011-03-08 09:23:00,2011-09-12 17:58:00,188,546.66,11.648936170212766,3279.9599999999996,High Value,80,0,0.16850739376989904,0.011705525917849327,0.0019724676651227953,432.0
15766.0,1,315.06,2011-10-06 17:03:00,2011-10-06 17:03:00,1,315.06,365.0,315.06,Low Value,63,0,0.033149589390576766,0.0011243865765672783,3.727295332948158e-05,1986.0
15768.0,3,621.8299999999999,2011-04-28 09:20:00,2011-08-16 10:48:00,110,207.28,9.954545454545453,621.8399999999999,Medium Value,115,1,0.9228854404866481,0.00221922347734589,0.0020480890364286725,414.0
15769.0,26,56252.72,2010-12-03 15:16:00,2011-12-02 13:52:00,363,2163.57,26.143250688705233,56252.82,High Value,6,0,1.677096153448432e-05,0.20075514410606016,3.366856799652592e-06,2644.0
15773.0,1,635.6800000000001,2011-12-04 12:48:00,2011-12-04 12:48:00,1,635.68,365.0,635.68,Medium Value,5,0,5.514890644663586e-05,0.0022686156890506168,1.2511167439882281e-07,4177.0
15774.0,1,270.8,2011-10-02 12:04:00,2011-10-02 12:04:00,1,270.8,365.0,270.8,Low Value,68,0,0.0567596012381269,0.0009664314255520184,5.4854262338327094e-05,1901.0
15775.0,1,104.9,2011-04-08 12:56:00,2011-04-08 12:56:00,1,104.9,365.0,104.9,Low Value,244,1,0.9999999182913772,0.00037436726935157584,0.00037436723876254187,1452.0
15776.0,1,241.62,2011-07-29 13:46:00,2011-07-29 13:46:00,1,241.62,365.0,241.62,Low Value,132,1,0.9841887363330264,0.0008622938000069376,0.0008486598453766313,979.0
15777.0,4,1047.11,2010-12-13 16:38:00,2011-04-12 16:43:00,120,261.78,12.166666666666666,1047.12,Medium Value,240,1,0.9999998821296033,0.003736963346839104,0.003736962906361752,178.0
15780.0,3,475.28000000000003,2010-12-17 11:43:00,2011-06-09 12:01:00,174,158.43,6.293103448275862,475.29,Medium Value,183,1,0.9999459556193818,0.0016962156286950475,0.0016961239577719998,512.0
15781.0,3,345.46,2011-02-07 09:15:00,2011-11-14 14:57:00,280,115.15,3.9107142857142856,345.45,Low Value,24,0,0.0005902023667675673,0.001232842451835099,7.276265329246061e-07,3365.0
15782.0,3,2614.7400000000002,2011-09-11 14:29:00,2011-11-30 10:49:00,79,871.58,13.860759493670887,2614.7400000000002,High Value,9,0,9.202215925618254e-05,0.009331487834741081,8.587036596256738e-07,3284.0
15783.0,1,246.3,2011-11-29 09:50:00,2011-11-29 09:50:00,1,246.3,365.0,246.3,Low Value,10,0,0.00011427437684411267,0.0008789957906700966,1.004466962274234e-07,4215.0
15785.0,5,2328.9700000000003,2011-02-17 14:17:00,2011-11-07 11:33:00,262,465.79,6.965648854961832,2328.95,High Value,29,0,0.0008242003236092238,0.00831156007584702,6.850390504210619e-06,2406.0
15786.0,3,4932.2,2011-08-17 13:33:00,2011-10-24 14:13:00,68,1644.07,16.10294117647059,4932.21,High Value,43,0,0.0025241978091191594,0.01760207807024343,4.4431126900852865e-05,1953.0
15787.0,3,948.05,2011-10-09 13:11:00,2011-11-13 14:55:00,35,316.02,31.285714285714285,948.06,Medium Value,25,0,0.0006896233471679281,0.0033834378778022397,2.3332977542247317e-06,2782.0
15789.0,1,351.3,2010-12-16 14:35:00,2010-12-16 14:35:00,1,351.3,365.0,351.3,Low Value,357,1,0.9999999999995515,0.0012537199401640477,0.0012537199401634854,695.0
15790.0,1,220.85,2011-11-29 14:53:00,2011-11-29 14:53:00,1,220.85,365.0,220.85,Low Value,9,0,0.0001038158943359836,0.0007881697944356103,8.182455209794124e-08,4248.0
15791.0,2,1612.69,2011-05-19 15:15:00,2011-10-27 10:14:00,160,806.34,4.5625,1612.6799999999998,High Value,43,0,0.003665177063953088,0.005755334680056237,2.1094320664715902e-05,2109.0
15793.0,3,965.61,2011-03-16 10:45:00,2011-11-25 09:31:00,253,321.87,4.328063241106719,965.6099999999999,Medium Value,8,0,9.631709879323609e-05,0.0034460703427890856,3.319154976548573e-07,3833.0
15795.0,1,610.01,2011-07-13 10:43:00,2011-07-13 10:43:00,1,610.01,365.0,610.01,Medium Value,149,1,0.9969632237488842,0.002177004556502905,0.002170393480767146,374.0
15796.0,8,2711.56,2011-02-10 15:40:00,2011-12-08 19:55:00,301,338.94,9.700996677740864,2711.5200000000004,High Value,0,0,3.434084938195127e-05,0.009676876436531793,3.323121561946916e-07,3831.0
15797.0,4,2207.4,2011-01-24 15:47:00,2011-08-18 17:04:00,206,551.85,7.0873786407766985,2207.4,High Value,112,1,0.8704069124843912,0.007877772262789977,0.0068568674325101995,57.0
15799.0,3,884.14,2011-01-09 15:13:00,2011-09-25 12:46:00,258,294.71,4.2441860465116275,884.1299999999999,Medium Value,75,0,0.12070606934229802,0.0031552844027817797,0.0003808619779168489,1447.0
15800.0,2,699.08,2011-04-07 12:39:00,2011-08-24 14:23:00,139,349.54,5.251798561151079,699.08,Medium Value,106,1,0.8096449359032445,0.0024948776993164883,0.0020199650949495325,420.0
15801.0,3,1063.95,2011-08-22 09:53:00,2011-10-24 13:52:00,63,354.65,17.38095238095238,1063.95,Medium Value,45,0,0.005824300806370071,0.0037970262748008494,2.2115023194130933e-05,2091.0
15802.0,1,451.42,2011-07-20 11:38:00,2011-07-20 11:38:00,1,451.42,365.0,451.4200000000001,Medium Value,142,1,0.9940153027371265,0.0016110283387100895,0.0016013868218209995,544.0
15803.0,1,415.82000000000005,2011-10-19 14:56:00,2011-10-19 14:56:00,1,415.82,365.0,415.82,Medium Value,50,0,0.007933722330846976,0.001483979008024521,1.1773477394472285e-05,2253.0
15804.0,13,4206.39,2011-05-25 10:12:00,2011-12-09 12:31:00,198,323.57,23.964646464646467,4206.410000000001,High Value,0,0,3.2527438758907484e-05,0.015011841996884294,4.882967712120493e-07,3602.0
15805.0,17,5528.4800000000005,2010-12-10 09:33:00,2011-11-16 16:32:00,341,325.2,18.19648093841642,5528.4,High Value,22,0,0.0002911058849514911,0.019729761791070083,5.743449766071573e-06,2461.0
15806.0,3,784.58,2011-03-08 09:24:00,2011-10-24 14:35:00,230,261.53,4.760869565217391,784.5899999999998,Medium Value,45,0,0.005494971962953912,0.0028000459090615137,1.5386173765276817e-05,2181.0
15807.0,3,903.9,2011-09-23 14:43:00,2011-10-20 14:10:00,26,301.3,42.11538461538462,903.9000000000002,Medium Value,49,0,0.00922397787816507,0.0032258396069293565,2.9755073172825088e-05,2033.0
15808.0,4,3734.9700000000003,2010-12-05 13:05:00,2011-02-06 14:33:00,63,933.74,23.174603174603174,3734.9599999999996,High Value,305,1,0.9999999998608855,0.013329330565656449,0.013329330563802146,14.0
15809.0,5,515.77,2011-02-10 11:16:00,2011-11-03 16:40:00,266,103.15,6.860902255639098,515.75,Medium Value,35,0,0.0018719221500544034,0.0018406093343000499,3.4454773824731537e-06,2636.0
15810.0,4,1391.98,2011-02-16 09:11:00,2011-09-22 09:38:00,218,348.0,6.697247706422019,1392.0000000000002,High Value,78,0,0.15637602729268987,0.004967771581862666,0.0007768403844692054,1027.0
15811.0,6,2218.62,2010-12-09 15:29:00,2011-11-17 15:31:00,343,369.77,6.384839650145773,2218.6200000000003,High Value,16,0,0.0001954565771788455,0.007917814214764474,1.5475888651558724e-06,2963.0
15812.0,5,1801.14,2011-01-26 12:12:00,2011-08-24 14:19:00,210,360.23,8.69047619047619,1801.15,High Value,106,1,0.7890596147840956,0.006427946684390761,0.0050720331346380786,110.0
15813.0,2,1303.9099999999999,2011-04-14 09:09:00,2011-05-16 08:13:00,31,651.95,23.548387096774192,1303.9,High Value,207,1,0.9999954165306102,0.004653360176430122,0.004653338847896193,126.0
15814.0,4,1945.33,2011-10-20 09:04:00,2011-11-23 08:17:00,33,486.33,44.24242424242424,1945.3200000000002,High Value,2,0,5.099639042801448e-05,0.006942460785653075,3.540404407563444e-07,3793.0
15815.0,5,2100.6,2011-03-25 08:43:00,2011-10-07 12:42:00,196,420.12,9.311224489795919,2100.6,High Value,63,0,0.0337326532637651,0.007496624270733271,0.00025288102717337135,1583.0
15819.0,4,1905.45,2011-03-08 09:45:00,2011-10-21 14:50:00,227,476.36,6.431718061674009,1905.4400000000003,High Value,48,0,0.006690005704996014,0.006800136984873849,4.5492955223560445e-05,1948.0
15820.0,1,206.98,2011-01-24 12:00:00,2011-01-24 12:00:00,1,206.98,365.0,206.98,Low Value,319,1,0.9999999999744196,0.0007386705186881713,0.0007386705186692758,1056.0
15821.0,2,570.96,2011-10-09 13:28:00,2011-10-26 15:48:00,17,285.48,42.94117647058823,570.96,Medium Value,43,0,0.005021051965146576,0.002037642860905393,1.0231110691015914e-05,2289.0
15822.0,2,885.47,2010-12-15 13:38:00,2011-12-06 14:50:00,356,442.74,2.050561797752809,885.48,Medium Value,2,0,4.540880308112866e-05,0.0031601022847038453,1.4349646236234167e-07,4152.0
15823.0,1,15.0,2010-12-02 15:08:00,2010-12-02 15:08:00,1,15.0,365.0,15.0,Low Value,336,1,0.9999999999962965,5.353202135627872e-05,5.3532021356080466e-05,1911.0
15825.0,1,532.94,2011-06-20 13:27:00,2011-06-20 13:27:00,1,532.94,365.0,532.94,Medium Value,171,1,0.9997287926690454,0.0019019570307743454,0.0019014412060844386,448.0
15826.0,3,1654.31,2011-05-13 10:44:00,2011-10-14 16:05:00,154,551.44,7.1103896103896105,1654.3200000000002,High Value,50,0,0.008604261739466608,0.005903939571341268,5.079904136581456e-05,1925.0
15827.0,14,1836.0900000000001,2010-12-02 13:06:00,2011-09-27 15:35:00,299,131.15,17.09030100334448,1836.1,High Value,72,0,0.07347953665887205,0.00655267629415089,0.0004814876179697822,1323.0
15829.0,2,636.14,2011-07-22 10:23:00,2011-09-01 16:45:00,41,318.07,17.804878048780488,636.14,Medium Value,98,1,0.6577431728374563,0.0022702573377055427,0.0014932462644599602,580.0
15830.0,1,576.0,2011-11-02 10:40:00,2011-11-02 10:40:00,1,576.0,365.0,576.0,Medium Value,28,0,0.0006838368756710282,0.0020556296200811026,1.4057153369330838e-06,3005.0
15831.0,3,801.76,2011-01-19 14:52:00,2011-10-12 13:14:00,265,267.25,4.132075471698113,801.7499999999999,Medium Value,57,0,0.019348582644406906,0.002861286541493097,5.53618391174084e-05,1897.0
15832.0,1,836.79,2011-03-30 15:29:00,2011-03-30 15:29:00,1,836.79,365.0,836.79,Medium Value,253,1,0.9999999561298328,0.0029863373433813645,0.002986337212370246,246.0
15834.0,4,2233.75,2011-03-07 17:52:00,2011-09-30 14:41:00,206,558.44,7.0873786407766985,2233.76,High Value,69,0,0.05991428644334939,0.007971845868320077,0.0004776274568367604,1330.0
15835.0,4,954.09,2011-01-13 10:35:00,2011-10-26 15:47:00,286,238.52,5.104895104895105,954.08,Medium Value,43,0,0.004209032194666555,0.0034049220623732267,1.4331426580859356e-05,2197.0
15836.0,1,137.37,2011-10-20 17:13:00,2011-10-20 17:13:00,1,137.37,365.0,137.37,Low Value,44,0,0.004753514672313785,0.0004902462515808005,2.3303927499361705e-06,2784.0
15837.0,1,391.98,2011-10-06 09:01:00,2011-10-06 09:01:00,1,391.98,365.0,391.98,Medium Value,64,0,0.035509750391848866,0.0013988987820822754,4.9674546575202984e-05,1930.0
15838.0,19,33643.08,2010-12-07 11:26:00,2011-11-28 14:00:00,356,1770.69,19.480337078651687,33643.11,High Value,10,0,3.733794349431025e-05,0.12006557886744228,4.483001799364211e-06,2542.0
15839.0,3,1048.49,2011-07-14 16:35:00,2011-11-06 13:54:00,114,349.5,9.605263157894736,1048.5,Medium Value,24,0,0.0005876564844557927,0.0037418882928038823,2.1989449193754175e-06,2810.0
15840.0,2,355.56,2011-06-20 11:42:00,2011-10-12 09:08:00,113,177.78,6.460176991150442,355.56,Low Value,58,0,0.025368216599574833,0.0012689230342292307,3.219031438051683e-05,2013.0
15841.0,4,1224.06,2011-01-05 11:25:00,2011-09-28 12:15:00,266,306.02,5.488721804511278,1224.08,High Value,63,0,0.03487077789611767,0.004368498446786244,0.00015233293907741813,1699.0
15843.0,1,118.95000000000002,2011-02-09 10:19:00,2011-02-09 10:19:00,1,118.95,365.0,118.95,Low Value,303,1,0.9999999998614342,0.00042450892935529024,0.00042450892929646783,1386.0
15844.0,1,130.73999999999998,2011-10-24 15:19:00,2011-10-24 15:19:00,1,130.74,365.0,130.74,Low Value,45,0,0.0053108826904822454,0.00046658509814132535,2.4779787213557246e-06,2755.0
15845.0,8,3711.77,2011-01-06 17:19:00,2011-11-22 09:42:00,319,463.97,9.15360501567398,3711.7599999999998,High Value,17,0,0.00020120026792107854,0.013246534372625405,2.6652062647980077e-06,2726.0
15847.0,2,389.27,2011-02-24 16:46:00,2011-11-01 14:41:00,249,194.64,2.9317269076305217,389.28,Medium Value,37,0,0.0024247589272537026,0.001389263018238145,3.368627905776366e-06,2643.0
15850.0,2,238.85,2011-06-24 14:16:00,2011-11-20 14:14:00,148,119.42,4.9324324324324325,238.84,Low Value,18,0,0.0003445982074798211,0.0008523725320489073,2.937260466490898e-07,3881.0
15852.0,2,160.71,2011-05-26 13:26:00,2011-06-06 11:22:00,10,80.36,73.0,160.72,Low Value,186,1,0.9999652746490479,0.0005735777648254077,0.0005735578471362258,1219.0
15853.0,1,110.8,2011-10-19 10:38:00,2011-10-19 10:38:00,1,110.8,365.0,110.8,Low Value,51,0,0.010215131999190595,0.00039542319775171214,4.039300160575785e-06,2579.0
15854.0,12,2974.65,2010-12-13 11:47:00,2011-12-05 13:39:00,357,247.89,12.26890756302521,2974.68,High Value,3,0,4.331721358689151e-05,0.010616042219206345,4.59857368256819e-07,3637.0
15855.0,5,712.24,2011-03-21 12:32:00,2011-07-26 10:20:00,126,142.45,14.484126984126984,712.2499999999999,Medium Value,136,1,0.991197021706647,0.0025418788140673006,0.0025195027100427324,302.0
15856.0,27,16387.57,2010-12-09 13:34:00,2011-12-05 17:09:00,361,606.95,27.29916897506925,16387.65,High Value,3,0,2.504115269987247e-05,0.058484268651948064,1.4645135018537962e-06,2990.0
15857.0,1,297.0,2011-11-21 12:18:00,2011-11-21 12:18:00,1,297.0,365.0,297.0,Low Value,18,0,0.00026506970666247446,0.0010599340228543187,2.8095640051957076e-07,3900.0
15858.0,5,1438.85,2010-12-07 14:31:00,2011-11-24 12:48:00,351,287.77,5.1994301994302,1438.85,High Value,15,0,0.0001860660187240829,0.005134969928565442,9.5544341087606e-07,3211.0
15860.0,8,977.21,2010-12-06 11:38:00,2011-10-30 11:25:00,327,122.15,8.929663608562691,977.2000000000002,Medium Value,40,0,0.0028369866726512365,0.0034874327512903714,9.893800237178217e-06,2300.0
15861.0,8,3165.36,2011-03-17 20:12:00,2011-11-27 15:59:00,254,395.67,11.496062992125983,3165.3599999999997,High Value,11,0,0.00011331622069130437,0.011296541274687358,1.2800813641309015e-06,3047.0
15862.0,4,832.88,2010-12-01 11:21:00,2011-12-01 13:28:00,365,208.22,4.0,832.88,Medium Value,7,0,8.259905860350071e-05,0.0029723833298144946,2.4551606485141603e-07,3955.0
15863.0,2,68.84,2011-05-31 11:36:00,2011-11-14 12:49:00,167,34.42,4.371257485029941,68.84000000000002,Low Value,25,0,0.0007560351631341309,0.00024567629001108184,1.8573991399671632e-07,4068.0
15864.0,6,1936.3200000000002,2011-01-27 16:43:00,2011-11-17 13:32:00,293,322.72,7.474402730375426,1936.3200000000002,High Value,21,0,0.00035504094985018553,0.006910341572839308,2.453454235810093e-06,2758.0
15865.0,3,895.13,2011-05-10 11:44:00,2011-10-30 12:43:00,173,298.38,6.329479768786126,895.1399999999998,Medium Value,40,0,0.0032696618755187904,0.003194576906457288,1.0445186319456151e-05,2282.0
15866.0,1,230.53,2011-08-30 14:09:00,2011-08-30 14:09:00,1,230.53,365.0,230.53,Low Value,100,1,0.6620983542900225,0.0008227157922175289,0.000544718772075638,1256.0
15867.0,15,3812.64,2010-12-05 14:17:00,2011-12-04 13:32:00,363,254.18,15.082644628099175,3812.7,High Value,4,0,4.4493010933309036e-05,0.013606769188338924,6.054061302637763e-07,3469.0
15869.0,2,149.64,2011-03-07 17:19:00,2011-03-07 17:23:00,1,74.82,730.0,149.64,Low Value,276,1,0.999999996494638,0.0005340354450502364,0.0005340354431782489,1269.0
15870.0,1,354.09000000000003,2011-11-07 10:58:00,2011-11-07 10:58:00,1,354.09,365.0,354.09,Low Value,32,0,0.0011726341531054607,0.0012636768961363154,1.4818306868997454e-06,2984.0
15872.0,2,360.93,2011-11-25 11:54:00,2011-11-25 11:55:00,1,180.46,730.0,360.9200000000001,Low Value,14,0,0.00013082508627793702,0.0012880518098605412,1.6850948915545822e-07,4101.0
15874.0,7,4405.88,2011-02-28 13:28:00,2011-10-07 12:31:00,220,629.41,11.613636363636363,4405.87,High Value,62,0,0.025825280323053677,0.015723675128865848,0.00040606831791158767,1405.0
15877.0,2,493.28,2011-11-22 11:18:00,2011-12-08 11:53:00,16,246.64,45.625,493.28,Medium Value,1,0,5.4451026224586194e-05,0.0017604183663083443,9.585658663009884e-08,4222.0
15880.0,1,343.28000000000003,2010-12-05 13:00:00,2010-12-05 13:00:00,1,343.28,365.0,343.28,Low Value,368,1,0.9999999999998641,0.001225098152745557,0.0012250981527453905,718.0
15881.0,5,501.39000000000004,2010-12-10 13:32:00,2011-01-31 16:59:00,52,100.28,35.09615384615385,501.4,Medium Value,311,1,0.9999999999500433,0.0017893970338692098,0.0017893970337798173,480.0
15882.0,4,516.36,2010-12-06 13:01:00,2011-05-25 11:35:00,169,129.09,8.63905325443787,516.36,Medium Value,198,1,0.9999892529540975,0.0018427863031685386,0.0018427664986595499,465.0
15883.0,2,396.48,2011-11-06 14:50:00,2011-12-07 17:05:00,31,198.24,23.548387096774192,396.47999999999996,Medium Value,1,0,5.6195369773202367e-05,0.0014149583884891588,7.951410985484281e-08,4252.0
15885.0,3,379.35,2011-02-03 15:28:00,2011-09-08 10:43:00,216,126.45,5.069444444444444,379.3499999999999,Low Value,92,1,0.4908289573346846,0.0013538248201002885,0.0006644964248636415,1127.0
15886.0,1,181.09,2011-10-10 14:25:00,2011-10-10 14:25:00,1,181.09,365.0,181.09,Low Value,59,0,0.023168854429974323,0.0006462742498272342,1.4973434016088047e-05,2189.0
15888.0,1,168.31,2011-09-20 12:30:00,2011-09-20 12:30:00,1,168.31,365.0,168.31,Low Value,79,0,0.1721457788308821,0.0006006649676316847,0.00010340193866938297,1779.0
15889.0,2,446.87,2010-12-05 15:12:00,2011-07-06 11:10:00,212,223.44,3.443396226415094,446.87999999999994,Medium Value,156,1,0.998964940961867,0.0015948259802462553,0.0015931752412011522,549.0
15891.0,1,524.52,2011-04-27 12:35:00,2011-04-27 12:35:00,1,524.52,365.0,524.52,Medium Value,226,1,0.9999992983069134,0.0018719077227863541,0.0018719064092816461,456.0
15894.0,2,263.55,2010-12-05 14:06:00,2011-03-31 13:50:00,115,131.78,6.3478260869565215,263.56,Low Value,252,1,0.999999971445006,0.0009405933032440546,0.0009405932763854184,929.0
15895.0,1,179.17,2011-07-13 10:27:00,2011-07-13 10:27:00,1,179.17,365.0,179.17,Low Value,149,1,0.9975305373647543,0.0006394221510936305,0.0006378431219833564,1153.0
15897.0,2,222.05,2011-05-29 13:32:00,2011-05-29 13:50:00,1,111.02,730.0,222.03999999999996,Low Value,193,1,0.9999715514889602,0.000792416668129875,0.0007923941250555436,1015.0
15898.0,5,1388.88,2010-12-06 11:01:00,2011-12-08 15:23:00,367,277.78,4.9727520435967305,1388.8999999999999,High Value,0,0,3.647733902352243e-05,0.004956708297449034,1.8080752900675506e-07,4080.0
15899.0,1,56.25,2010-12-06 10:36:00,2010-12-06 10:36:00,1,56.25,365.0,56.25,Low Value,368,1,0.9999999999998817,0.0002007450800860452,0.00020074508008602142,1642.0
15900.0,1,351.11,2011-11-16 12:19:00,2011-11-16 12:19:00,1,351.11,365.0,351.11,Low Value,23,0,0.000443627608396183,0.0012530418678935347,5.558839670738946e-07,3520.0
15901.0,3,363.88,2011-07-08 12:18:00,2011-11-23 12:43:00,138,121.29,7.934782608695652,363.87000000000006,Low Value,16,0,0.0002718852410371446,0.0012985797740606095,3.5306467487642957e-07,3796.0
15903.0,7,5126.76,2011-02-17 14:04:00,2011-11-30 08:08:00,285,732.39,8.964912280701755,5126.7300000000005,High Value,9,0,7.799418969350908e-05,0.018296281323191655,1.4270036362068172e-06,2999.0
15904.0,1,164.68,2011-12-01 14:50:00,2011-12-01 14:50:00,1,164.68,365.0,164.68,Low Value,7,0,8.590018447817823e-05,0.0005877102184634653,5.0484416185722096e-08,4295.0
15906.0,7,1567.69,2011-03-29 13:28:00,2011-11-20 12:24:00,235,223.96,10.872340425531915,1567.7199999999998,High Value,19,0,0.0003037051236031125,0.0055948813680443505,1.6991941374266604e-06,2919.0
15907.0,3,967.45,2011-05-13 13:01:00,2011-12-06 12:21:00,206,322.48,5.315533980582525,967.44,Medium Value,3,0,5.7824338829523196e-05,0.0034526012493945523,1.9964438448822572e-07,4038.0
15909.0,1,191.94,2011-06-19 10:38:00,2011-06-19 10:38:00,1,191.94,365.0,191.94000000000003,Low Value,173,1,0.9998146290244292,0.0006849957452749425,0.0006848687669453791,1109.0
15910.0,8,1232.18,2011-01-27 11:55:00,2011-12-09 10:51:00,315,154.02,9.26984126984127,1232.1600000000003,High Value,0,0,3.719396040952475e-05,0.00439733436229016,1.6355428017846298e-07,4114.0
15912.0,2,264.62,2011-04-20 17:10:00,2011-06-14 14:29:00,54,132.31,13.518518518518517,264.61999999999995,Low Value,177,1,0.9999075333136095,0.0009443762327532314,0.0009442889094122828,927.0
15916.0,8,1528.09,2010-12-08 13:07:00,2011-11-23 13:46:00,350,191.01,8.342857142857143,1528.08,High Value,15,0,0.0001810447426725062,0.005453414079606826,9.8731194872904e-07,3188.0
15917.0,1,123.1,2011-04-06 10:40:00,2011-04-06 10:40:00,1,123.1,365.0,123.1,Low Value,247,1,0.9999999404277109,0.00043931945526386065,0.00043931942909259503,1368.0
15918.0,2,334.23,2011-03-13 15:55:00,2011-06-02 11:42:00,80,167.12,9.125,334.24,Low Value,190,1,0.9999766505606978,0.0011928361878748399,0.0011928083358186737,734.0
15919.0,2,639.89,2010-12-06 11:26:00,2011-11-20 11:28:00,349,319.94,2.0916905444126073,639.8799999999999,Medium Value,19,0,0.00030472838254237905,0.002283604655030375,6.958791528936536e-07,3397.0
15920.0,4,167.5,2011-07-08 15:16:00,2011-07-08 15:31:00,1,41.88,1460.0,167.52,Low Value,153,1,0.9959789220517354,0.0005978456145069208,0.0005954416306899604,1196.0
15921.0,1,336.03000000000003,2011-06-20 11:03:00,2011-06-20 11:03:00,1,336.03,365.0,336.03,Low Value,172,1,0.999778611956243,0.0011992243424233558,0.0011989588484921608,728.0
15922.0,1,369.5,2010-12-01 13:51:00,2010-12-01 13:51:00,1,369.5,365.0,369.5,Low Value,371,1,0.9999999999999005,0.0013186721260763324,0.0013186721260762012,659.0
15923.0,1,127.08,2010-12-02 12:16:00,2010-12-02 12:16:00,1,127.08,365.0,127.08,Low Value,372,1,0.9999999999999207,0.0004535232849303933,0.00045352328493035736,1357.0
15925.0,1,207.15,2011-05-29 15:35:00,2011-05-29 15:35:00,1,207.15,365.0,207.15,Low Value,193,1,0.9999785658546726,0.0007392772149302091,0.0007392613691549471,1055.0
15930.0,1,426.63,2011-10-03 14:52:00,2011-10-03 14:52:00,1,426.63,365.0,426.63000000000005,Medium Value,66,0,0.043025502204017935,0.0015225577514152795,6.55088118892627e-05,1863.0
15932.0,8,2495.87,2011-02-23 14:50:00,2011-12-05 17:13:00,285,311.98,10.24561403508772,2495.84,High Value,3,0,4.864185179291294e-05,0.00890715734545698,4.3326062749387426e-07,3665.0
15933.0,3,1107.46,2011-09-14 12:05:00,2011-11-18 13:14:00,65,369.15,16.846153846153847,1107.45,Medium Value,20,0,0.00038810605415510714,0.003952269136734058,1.5338995796168667e-06,2965.0
15935.0,2,416.86,2011-04-12 09:35:00,2011-04-14 13:27:00,2,208.43,365.0,416.85999999999996,Medium Value,238,1,0.9999998314683465,0.001487690561505223,0.0014876903107822728,584.0
15937.0,1,145.35,2011-10-06 15:48:00,2011-10-06 15:48:00,1,145.35,365.0,145.35,Low Value,63,0,0.03586977223459489,0.0005187252869423407,1.860655789494664e-05,2143.0
15938.0,5,404.58,2011-01-20 10:11:00,2011-08-19 12:56:00,211,80.92,8.649289099526065,404.5999999999999,Medium Value,111,1,0.8801937455415324,0.0014439370560500244,0.0012709443656908847,686.0
15939.0,15,6115.01,2011-01-12 12:43:00,2011-09-11 11:30:00,241,407.67,22.717842323651453,6115.05,High Value,89,0,0.3065007469307488,0.021823399146314145,0.006688888138913151,60.0
15940.0,1,35.8,2011-02-01 16:18:00,2011-02-01 16:18:00,1,35.8,365.0,35.8,Low Value,310,1,0.9999999999375964,0.00012776309097031852,0.00012776309096234565,1736.0
15942.0,1,337.44,2011-07-29 09:01:00,2011-07-29 09:01:00,1,337.44,365.0,337.44,Low Value,133,1,0.9851269479274217,0.0012042563524308461,0.001186345384992409,738.0
15944.0,1,325.1,2011-03-08 10:33:00,2011-03-08 10:33:00,1,325.1,365.0,325.1,Low Value,276,1,0.9999999971555515,0.0011602173428617475,0.001160217339561569,764.0
15945.0,1,181.0,2010-12-09 13:14:00,2010-12-09 13:14:00,1,181.0,365.0,181.0,Low Value,364,1,0.9999999999998064,0.0006459530576990965,0.0006459530576989714,1142.0
15947.0,1,1708.24,2011-09-18 10:46:00,2011-09-18 10:46:00,1,1708.24,365.0,1708.24,High Value,82,0,0.12058092887653934,0.0060963693441099705,0.0007351058782872392,1059.0
15948.0,2,955.24,2011-10-27 08:35:00,2011-12-01 15:32:00,35,477.62,20.857142857142858,955.2399999999999,Medium Value,7,0,9.400149955169787e-05,0.0034090618720247785,3.204569280348475e-07,3846.0
15949.0,2,364.72,2011-09-29 17:34:00,2011-11-23 09:09:00,54,182.36,13.518518518518517,364.71999999999997,Low Value,16,0,0.0002850302796625848,0.001301613255270798,3.7099919016236293e-07,3761.0
15950.0,4,1765.51,2010-12-15 11:56:00,2011-11-08 11:09:00,327,441.38,4.464831804281346,1765.5200000000002,High Value,1,0,3.956302014861944e-05,0.006300790289662481,2.4927829318214244e-07,3944.0
15951.0,2,708.22,2011-02-27 11:57:00,2011-12-01 08:34:00,276,354.11,2.6449275362318843,708.22,Medium Value,0,0,4.028405852079827e-05,0.002527496544329581,1.0181781870288825e-07,4212.0
15952.0,4,806.57,2011-04-28 12:55:00,2011-11-06 11:18:00,191,201.64,7.643979057591624,806.56,Medium Value,33,0,0.0015494478149265445,0.002878452476341344,4.460011899836996e-06,2545.0
15953.0,8,1659.3799999999999,2010-12-05 15:15:00,2011-11-24 15:32:00,354,207.42,8.248587570621469,1659.3600000000001,High Value,14,0,0.00016076983420347085,0.005921926330516978,9.52067114322383e-07,3213.0
15955.0,14,4416.26,2010-12-02 11:22:00,2011-11-15 14:15:00,348,315.45,14.683908045977011,4416.3,High Value,23,0,0.00034957342759860767,0.01576089772771558,5.509591040708643e-06,2469.0
15957.0,1,428.89,2011-11-08 12:14:00,2011-11-08 12:14:00,1,428.89,365.0,428.89000000000004,Medium Value,31,0,0.001015281312230586,0.0015306232426329587,1.554013174311025e-06,2961.0
15958.0,1,104.35,2011-09-26 13:41:00,2011-09-26 13:41:00,1,104.35,365.0,104.35,Low Value,73,0,0.10072736278464775,0.0003724044285685123,3.7511315979029976e-05,1985.0
15963.0,2,470.76,2011-10-25 13:05:00,2011-11-20 11:33:00,25,235.38,29.2,470.76,Medium Value,19,0,0.00038697675185634463,0.0016800489582454513,6.501398888214603e-07,3432.0
15965.0,4,845.64,2010-12-07 13:18:00,2011-11-22 16:44:00,350,211.41,4.171428571428572,845.6400000000001,Medium Value,16,0,0.00022065481917082954,0.003017921235981569,6.659188645973195e-07,3421.0
15967.0,2,418.83,2011-01-25 11:57:00,2011-11-16 15:41:00,295,209.42,2.4745762711864407,418.8399999999999,Medium Value,22,0,0.00046113974573526114,0.0014947567883242517,6.89291765303901e-07,3402.0
15969.0,3,666.1,2011-06-07 12:19:00,2011-12-07 11:06:00,182,222.03,6.016483516483516,666.09,Medium Value,2,0,5.53291994930774e-05,0.002377142940346913,1.315254159700149e-07,4170.0
15970.0,1,314.1,2011-02-09 12:08:00,2011-02-09 12:08:00,1,314.1,365.0,314.1,Low Value,303,1,0.9999999998477884,0.0011209605272004765,0.0011209605270298534,794.0
15971.0,12,4199.85,2011-02-01 16:47:00,2011-11-22 12:50:00,293,349.99,14.948805460750853,4199.88,High Value,17,0,0.00019559991429377933,0.014988537723587192,2.931756694122733e-06,2693.0
15973.0,1,307.82000000000005,2010-12-08 11:42:00,2010-12-08 11:42:00,1,307.82,365.0,307.82,Low Value,235,1,0.9999997613467181,0.0010985484542593144,0.0010985481920871205,820.0
15974.0,7,3442.15,2011-02-24 10:10:00,2011-10-31 13:13:00,249,491.74,10.261044176706827,3442.1800000000003,High Value,38,0,0.0020652104946938367,0.012284456884810366,2.5369989280124325e-05,2072.0
15975.0,1,371.01,2011-09-16 13:33:00,2011-09-16 13:33:00,1,371.01,365.0,371.01,Low Value,83,0,0.2252928548825713,0.0013240610162261978,0.0002983014863843187,1534.0
15976.0,2,430.94,2011-05-03 17:12:00,2011-06-27 13:00:00,54,215.47,13.518518518518517,430.93999999999994,Medium Value,164,1,0.9996070308740574,0.00153793928555165,0.0015373349228948539,563.0
15977.0,2,1054.73,2011-10-31 16:24:00,2011-11-22 13:29:00,21,527.36,34.76190476190476,1054.72,Medium Value,16,0,0.0002425782207736482,0.0037640862376596192,9.130853423700459e-07,3239.0
15978.0,1,1098.78,2011-09-23 15:21:00,2011-09-23 15:21:00,1,1098.78,365.0,1098.78,Medium Value,76,0,0.0876187692802368,0.003921327628390129,0.00034358190074413285,1493.0
15980.0,3,2398.86,2011-03-30 15:05:00,2011-09-12 09:41:00,165,799.62,6.636363636363636,2398.86,High Value,88,0,0.3186068018543419,0.008561054983381519,0.002727610348754362,275.0
15981.0,8,3408.48,2011-02-01 13:50:00,2011-11-15 08:00:00,286,426.06,10.20979020979021,3408.48,High Value,24,0,0.00044658438531676003,0.012164188276829926,5.432336544485431e-06,2471.0
15983.0,4,1475.02,2010-12-01 12:15:00,2011-11-17 17:34:00,351,368.76,4.15954415954416,1475.04,High Value,21,0,0.0003511727751402467,0.005264124852091024,1.8486173329935457e-06,2877.0
15984.0,10,2837.67,2010-12-06 13:21:00,2011-12-07 12:16:00,365,283.77,10.0,2837.7,High Value,2,0,3.9943781192378364e-05,0.010127187800180806,4.045181735845457e-07,3714.0
15985.0,2,1142.42,2011-04-17 11:04:00,2011-08-08 16:31:00,113,571.21,6.460176991150442,1142.42,Medium Value,122,1,0.956462756394746,0.0040770701225226625,0.0038995657274026904,163.0
15986.0,1,168.12,2011-11-09 15:17:00,2011-11-09 15:17:00,1,168.12,365.0,168.12,Low Value,29,0,0.0009270736218278286,0.0005999868953611719,5.56232024131716e-07,3519.0
15987.0,7,1451.28,2010-12-06 08:34:00,2011-11-27 15:38:00,356,207.33,7.176966292134831,1451.3100000000002,High Value,11,0,0.00011896836103090685,0.0051794371943053915,6.16189154069031e-07,3459.0
15988.0,1,158.03,2011-11-20 13:23:00,2011-11-20 13:23:00,1,158.03,365.0,158.03,Low Value,18,0,0.00028340054573099355,0.0005639776889955151,1.5983158484143353e-07,4121.0
15990.0,2,792.11,2011-02-25 15:35:00,2011-10-26 15:58:00,243,396.06,3.004115226337449,792.1200000000001,Medium Value,43,0,0.004222695745113979,0.002826918983782367,1.1937218764599734e-05,2250.0
15992.0,1,41.989999999999995,2011-12-06 11:00:00,2011-12-06 11:00:00,1,41.99,365.0,41.99,Low Value,3,0,5.910362255200034e-05,0.0001498539717833429,8.856912586200809e-09,4337.0
15993.0,7,2797.57,2011-10-26 16:21:00,2011-12-01 10:45:00,35,399.65,73.0,2797.5499999999997,High Value,8,0,9.234021713891494e-05,0.009983900423017167,9.219155329547098e-07,3231.0
15994.0,1,427.07,2011-10-16 12:28:00,2011-10-16 12:28:00,1,427.07,365.0,427.07,Medium Value,54,0,0.012115136090508958,0.00152412802404173,1.846501843062407e-05,2144.0
15996.0,6,1060.68,2010-12-08 15:59:00,2011-09-12 15:14:00,277,176.78,7.906137184115523,1060.68,Medium Value,87,0,0.3278125585397212,0.003785356294145181,0.0012408873317681691,709.0
15998.0,5,3089.97,2010-12-12 13:32:00,2011-11-03 12:45:00,325,617.99,5.615384615384616,3089.9500000000007,High Value,36,0,0.0015659891186678176,0.01102741795932223,1.7268816531300685e-05,2159.0
16000.0,3,12393.7,2011-12-07 12:14:00,2011-12-07 12:17:00,1,4131.23,1095.0,12393.689999999999,High Value,2,0,3.8349953568830736e-06,0.04423061851753986,1.6962421664683184e-07,4095.0
16003.0,5,2735.37,2010-12-15 12:09:00,2011-11-10 09:57:00,329,547.07,5.547112462006079,2735.35,High Value,29,0,0.0007581217201462099,0.0097619209744598,7.400724321088828e-06,2378.0
16005.0,4,615.39,2011-03-14 11:46:00,2011-11-27 13:47:00,258,153.85,5.658914728682171,615.4,Medium Value,11,0,0.00014042589156398804,0.002196240396176928,3.084090157219914e-07,3866.0
16006.0,1,101.4,2011-05-12 13:12:00,2011-05-12 13:12:00,1,101.4,365.0,101.4,Low Value,210,1,0.9999967651715463,0.00036187646436844416,0.0003618752937601605,1472.0
16007.0,4,1701.94,2011-05-08 13:32:00,2011-10-23 11:05:00,167,425.48,8.742514970059881,1701.92,High Value,47,0,0.006399036567806909,0.006073814519111859,3.886656121387332e-05,1976.0
16008.0,3,478.78,2011-05-19 10:54:00,2011-11-16 10:32:00,180,159.59,6.083333333333333,478.77,Medium Value,23,0,0.0005540551258096743,0.001708635057649704,9.466780118289269e-07,3216.0
16009.0,4,992.71,2011-07-03 11:26:00,2011-11-17 16:51:00,137,248.18,10.656934306569342,992.7199999999998,Medium Value,21,0,0.0004282790809128891,0.0035428205493869998,1.5173159287307612e-06,2973.0
16010.0,3,407.5,2010-12-12 12:18:00,2011-04-08 10:14:00,116,135.83,9.439655172413794,407.4900000000001,Medium Value,245,1,0.999999937275904,0.0014542508921646681,0.0014542508009480954,600.0
16011.0,16,3362.71,2010-12-08 16:34:00,2011-12-01 16:31:00,357,210.17,16.358543417366946,3362.7199999999993,High Value,7,0,6.157500754306073e-05,0.012000879923679035,7.389542718239027e-07,3357.0
16012.0,3,1415.29,2011-07-07 18:02:00,2011-11-04 13:25:00,119,471.76,9.201680672268909,1415.28,High Value,34,0,0.0016288220262524584,0.00505085327900761,8.226941072217048e-06,2347.0
16013.0,47,37130.6,2010-12-03 13:09:00,2011-12-06 10:36:00,367,790.01,46.74386920980927,37130.47000000001,High Value,3,0,1.390376941405799e-05,0.1325112742005778,1.842406201247845e-06,2878.0
16014.0,3,662.38,2011-02-21 17:42:00,2011-11-02 12:04:00,253,220.79,4.328063241106719,662.3699999999999,Medium Value,35,0,0.0018763302473552362,0.002363866999050555,4.435395151043408e-06,2547.0
16015.0,3,705.39,2011-10-21 12:56:00,2011-12-06 10:58:00,45,235.13,24.333333333333332,705.39,Medium Value,3,0,6.624455416611245e-05,0.002517396836300363,1.6676383107989953e-07,4106.0
16016.0,8,1508.76,2010-12-08 12:36:00,2011-12-06 14:35:00,363,188.6,8.044077134986226,1508.8,High Value,2,0,4.4003341771727e-05,0.005384607588156888,2.3694072800830216e-07,3971.0
16017.0,1,211.88,2011-10-23 12:56:00,2011-10-23 12:56:00,1,211.88,365.0,211.88,Low Value,46,0,0.005689188435342832,0.0007561576456645556,4.301923333010852e-06,2555.0
16018.0,2,408.90000000000003,2011-06-12 13:52:00,2011-10-31 14:13:00,141,204.45,5.177304964539007,408.9,Medium Value,38,0,0.002888044037716446,0.0014592829021721578,4.214473284959852e-06,2563.0
16019.0,9,3786.2400000000002,2010-12-10 12:29:00,2011-10-24 11:51:00,317,420.69,10.362776025236593,3786.2100000000005,High Value,1,0,3.550835325723997e-05,0.013512231638623739,4.797970943179062e-07,3614.0
16020.0,3,851.01,2011-10-05 13:54:00,2011-11-23 11:18:00,48,283.67,22.8125,851.0100000000001,Medium Value,16,0,0.0002640601753962929,0.0030370856996271172,8.019733825371095e-07,3321.0
16022.0,1,628.28,2011-03-24 13:16:00,2011-03-24 13:16:00,1,628.28,365.0,628.28,Medium Value,259,1,0.9999999792733478,0.002242206558514853,0.0022422065120414176,351.0
16023.0,3,719.81,2011-03-18 13:32:00,2011-10-24 16:34:00,220,239.94,4.977272727272727,719.8199999999999,Medium Value,45,0,0.005588833686517389,0.002568894640845103,1.43571249058691e-05,2195.0
16024.0,1,251.24,2011-11-27 13:26:00,2011-11-27 13:26:00,1,251.24,365.0,251.24,Low Value,11,0,0.00012703401593883734,0.000896625669703431,1.1390195961627636e-07,4198.0
16025.0,1,439.65999999999997,2011-11-10 11:45:00,2011-11-10 11:45:00,1,439.66,365.0,439.6600000000001,Medium Value,29,0,0.0008135874365646441,0.001569059233966767,1.276566879981106e-06,3048.0
16026.0,1,236.09,2011-10-27 13:53:00,2011-10-27 13:53:00,1,236.09,365.0,236.09,Low Value,42,0,0.0036546038280638126,0.0008425583281335895,3.079216891364062e-06,2675.0
16027.0,6,934.62,2011-02-10 12:19:00,2011-09-09 10:47:00,210,155.77,10.428571428571429,934.6200000000001,Medium Value,91,1,0.44240193699686214,0.0033354731866670146,0.0014756197985825836,591.0
16029.0,63,81024.84,2010-12-01 09:57:00,2011-11-01 10:27:00,335,1286.11,68.64179104477611,81024.92999999998,High Value,38,0,0.000330681297862437,0.2891618855433991,9.562042760384068e-05,1793.0
16030.0,1,331.24,2011-02-03 11:28:00,2011-02-03 11:28:00,1,331.24,365.0,331.24,Low Value,309,1,0.999999999919837,0.0011821297836035842,0.0011821297835088213,741.0
16031.0,2,548.94,2011-04-06 14:23:00,2011-09-08 13:07:00,154,274.47,4.740259740259741,548.94,Medium Value,91,1,0.4626667306122899,0.001959057853554376,0.0009063908921843334,943.0
16033.0,20,8816.4,2010-12-05 10:36:00,2011-12-04 12:44:00,364,440.82,20.054945054945055,8816.4,High Value,5,0,4.000206379649995e-05,0.031463980872366376,1.258624170148254e-06,3054.0
16034.0,3,437.7,2011-01-11 11:54:00,2011-05-27 16:17:00,136,145.9,8.051470588235295,437.70000000000016,Medium Value,195,1,0.9999856972760583,0.0015620643831762136,0.0015620420414005618,556.0
16036.0,2,758.92,2011-03-21 13:01:00,2011-09-13 14:53:00,176,379.46,4.1477272727272725,758.92,Medium Value,86,0,0.3195437876103738,0.002708434776513803,0.0008654635069828768,970.0
16037.0,3,855.02,2010-12-16 10:18:00,2011-03-15 09:13:00,88,285.01,12.443181818181817,855.0299999999999,Medium Value,269,1,0.9999999950660987,0.003051432281350599,0.0030514322662951333,238.0
16038.0,3,471.78000000000003,2011-05-22 11:29:00,2011-12-02 12:40:00,194,157.26,5.644329896907217,471.78000000000003,Medium Value,7,0,9.729750504759645e-05,0.0016836891356976783,1.6381875217912816e-07,4112.0
16040.0,3,1313.55,2011-03-16 09:58:00,2011-10-05 13:47:00,203,437.85,5.394088669950738,1313.55,High Value,64,0,0.038836946404797186,0.004687799110169327,0.0001820598027981021,1657.0
16041.0,3,3166.4,2011-07-21 16:27:00,2011-11-09 12:25:00,110,1055.47,9.954545454545453,3166.41,High Value,30,0,0.0008027435178550806,0.011300288516182299,9.071233356257547e-06,2318.0
16042.0,5,1197.27,2011-01-11 13:25:00,2011-11-17 17:50:00,310,239.45,5.887096774193548,1197.25,Medium Value,21,0,0.00037465992430492807,0.004272747504586979,1.600827256642628e-06,2952.0
16043.0,4,773.99,2011-01-26 11:14:00,2011-11-02 12:50:00,280,193.5,5.214285714285714,774.0,Medium Value,37,0,0.0022600794937731564,0.002762252301983982,6.242909784341694e-06,2433.0
16045.0,4,1340.7,2011-02-22 14:55:00,2011-08-12 12:41:00,170,335.18,8.588235294117647,1340.72,High Value,119,1,0.942124680198317,0.004784763444852667,0.004507843730306416,134.0
16048.0,2,256.44,2010-12-01 15:27:00,2010-12-01 15:28:00,1,128.22,730.0,256.44,Low Value,85,0,0.22598410639184408,0.000915183437106941,0.00020681691121922848,1634.0
16049.0,3,1111.79,2011-09-25 14:33:00,2011-10-30 13:19:00,34,370.6,32.20588235294118,1111.8000000000002,Medium Value,39,0,0.0030497795648171014,0.00396779342292738,1.210089529865962e-05,2249.0
16050.0,1,137.9,2011-06-19 11:44:00,2011-06-19 11:44:00,1,137.9,365.0,137.9,Low Value,173,1,0.999819387436053,0.000492137716335389,0.0004920488300806267,1305.0
16052.0,1,362.06,2011-10-16 15:13:00,2011-10-16 15:13:00,1,362.06,365.0,362.06,Low Value,53,0,0.011227879685913518,0.0012921202434836182,1.4507770633567346e-05,2194.0
16053.0,2,1511.95,2011-08-09 14:57:00,2011-11-07 11:21:00,89,755.98,8.202247191011235,1511.9599999999998,High Value,32,0,0.001197579025078206,0.005395885000655944,6.46199869851966e-06,2423.0
16054.0,1,783.9,2011-07-17 13:08:00,2011-07-17 13:08:00,1,783.9,365.0,783.9,Medium Value,144,1,0.9943419895922792,0.0027975834360791257,0.0027817546798813227,269.0
16055.0,1,134.8,2011-05-03 09:26:00,2011-05-03 09:26:00,1,134.8,365.0,134.8,Low Value,220,1,0.9999988863706841,0.00048107443192175813,0.00048107389618316765,1324.0
16056.0,1,664.85,2011-10-25 15:19:00,2011-10-25 15:19:00,1,664.85,365.0,664.85,Medium Value,44,0,0.0036916468280527455,0.0023727176265814606,8.759235500034287e-06,2327.0
16057.0,7,2263.12,2011-02-28 10:35:00,2011-11-23 15:23:00,268,323.3,9.533582089552239,2263.1,High Value,3,0,5.016017631060464e-05,0.008076554502092957,4.051213978071904e-07,3713.0
16059.0,6,1459.8600000000001,2010-12-07 10:36:00,2011-10-05 09:56:00,301,243.31,7.275747508305647,1459.8599999999997,High Value,65,0,0.04119763148053012,0.005209950446478468,0.0002146376185258433,1622.0
16062.0,4,1153.62,2010-12-10 12:00:00,2011-11-30 12:15:00,355,288.4,4.112676056338028,1153.6,Medium Value,9,0,9.934547551802423e-05,0.004116969322440208,4.090022750309405e-07,3705.0
16063.0,1,335.32,2011-03-24 14:55:00,2011-03-24 14:56:00,1,335.32,365.0,335.32,Low Value,259,1,0.9999999819991724,0.0011966904934124919,0.0011966904718710726,730.0
16065.0,1,372.09,2010-12-09 13:03:00,2010-12-09 13:03:00,1,372.09,365.0,372.0899999999999,Low Value,364,1,0.9999999999997877,0.0013279153217638495,0.0013279153217635677,655.0
16066.0,5,1521.87,2011-08-07 14:33:00,2011-11-23 11:54:00,107,304.37,17.056074766355138,1521.8499999999997,High Value,16,0,0.00024052362805046285,0.00543118044673685,1.3063272256458807e-06,3037.0
16070.0,2,852.15,2011-11-07 16:36:00,2011-11-17 15:50:00,9,426.08,81.1111111111111,852.1599999999999,Medium Value,21,0,0.0004243290522210008,0.003041189821264431,1.2904651944812908e-06,3045.0
16071.0,1,326.24,2011-10-26 11:14:00,2011-10-26 11:14:00,1,326.24,365.0,326.24,Low Value,44,0,0.004342254202044919,0.0011642857764848247,5.055624805322362e-06,2499.0
16072.0,1,584.3199999999999,2011-02-24 14:32:00,2011-02-24 14:32:00,1,584.32,365.0,584.32,Medium Value,287,1,0.9999999990203301,0.0020853220479267187,0.0020853220458837913,401.0
16073.0,1,122.39999999999999,2011-02-15 15:41:00,2011-02-15 15:41:00,1,122.4,365.0,122.4,Low Value,291,1,0.9999999994912685,0.0004368212942672344,0.00043682129404500964,1373.0
16076.0,10,2234.73,2011-05-15 12:31:00,2011-12-06 14:59:00,205,223.47,17.804878048780488,2234.7,High Value,2,0,4.556316414140718e-05,0.007975200541658402,3.6337537134022127e-07,3776.0
16078.0,1,79.2,2011-03-01 09:47:00,2011-03-01 09:47:00,1,79.2,365.0,79.2,Low Value,283,1,0.9999999988155055,0.00028264907276115165,0.0002826490724263554,1548.0
16079.0,3,1352.0,2011-10-30 13:06:00,2011-11-23 12:48:00,23,450.67,47.608695652173914,1352.01,High Value,16,0,0.0002427730600277141,0.004825055212926826,1.1713934188449194e-06,3099.0
16080.0,2,217.16,2011-03-10 14:44:00,2011-09-19 10:42:00,192,108.58,3.802083333333333,217.16,Low Value,81,0,0.23553205890052137,0.0007750009171819658,0.00018253756167366085,1656.0
16081.0,5,2806.9,2010-12-08 11:16:00,2011-10-14 13:06:00,310,561.38,5.887096774193548,2806.9,High Value,55,0,0.012569861112991475,0.010017268716329249,0.00012591567649577305,1740.0
16083.0,2,1317.62,2010-12-14 11:51:00,2011-08-31 10:47:00,259,658.81,2.8185328185328187,1317.62,High Value,100,1,0.6386652034460573,0.004702324131963997,0.0030032107984100907,244.0
16084.0,1,436.18,2011-02-13 16:05:00,2011-02-13 16:05:00,1,436.18,365.0,436.18,Medium Value,298,1,0.9999999997226603,0.00155663980501211,0.001556639804580392,557.0
16085.0,5,981.51,2011-01-23 12:07:00,2011-11-16 13:24:00,297,196.3,6.1447811447811445,981.5,Medium Value,22,0,0.0004299318177709111,0.0035027785974125042,1.5059559696346004e-06,2977.0
16086.0,5,1121.39,2010-12-07 13:45:00,2011-10-11 13:09:00,307,224.28,5.944625407166124,1121.4,Medium Value,58,0,0.02033575287334495,0.004002053916595397,8.138477943368626e-05,1826.0
16091.0,2,315.06,2011-05-25 09:18:00,2011-07-08 08:45:00,43,157.53,16.97674418604651,315.06,Low Value,154,1,0.9988779260759265,0.0011243865765672783,0.001123124931709134,790.0
16092.0,3,817.86,2011-03-30 15:38:00,2011-08-17 10:46:00,139,272.62,7.8776978417266195,817.86,Medium Value,98,1,0.6439594271716382,0.002918779932429741,0.001879575853327529,453.0
16093.0,1,17.0,2011-08-25 11:09:00,2011-08-25 11:09:00,1,17.0,365.0,17.0,Low Value,106,1,0.8061037964327166,6.0669624203782546e-05,4.890601439881534e-05,1933.0
16094.0,4,1078.23,2011-05-04 13:57:00,2011-11-28 12:45:00,207,269.56,7.053140096618357,1078.24,Medium Value,11,0,0.00013736108478838233,0.0038480244471462643,5.28568812352226e-07,3549.0
16096.0,1,320.62,2011-03-20 13:38:00,2011-03-20 13:38:00,1,320.62,365.0,320.62,Low Value,263,1,0.9999999884073546,0.001144229112483339,0.0011442290992186965,774.0
16097.0,1,185.04999999999998,2011-04-13 13:47:00,2011-04-13 13:47:00,1,185.05,365.0,185.05,Low Value,239,1,0.9999998540957533,0.0006604067034652919,0.0006604066071091493,1131.0
16098.0,7,2005.63,2010-12-01 09:45:00,2011-09-13 09:59:00,286,286.52,8.933566433566433,2005.6399999999999,High Value,87,0,0.30961765969329846,0.00715773088753379,0.002216159886112648,362.0
16099.0,3,731.9,2011-04-28 08:34:00,2011-10-20 13:13:00,175,243.97,6.257142857142857,731.9099999999999,Medium Value,49,0,0.00883006710742658,0.002612041450058263,2.3064501291394298e-05,2084.0
16101.0,1,1290.7,2011-09-30 10:18:00,2011-09-30 10:18:00,1,1290.7,365.0,1290.7,High Value,8,0,5.567335756351636e-05,0.004606251997636596,2.564455144920837e-07,3936.0
16102.0,3,1842.14,2011-08-03 12:50:00,2011-10-28 13:19:00,86,614.05,12.732558139534884,1842.15,High Value,41,0,0.003303392567169037,0.006574267542764589,2.1717386535349195e-05,2100.0
16103.0,6,1429.64,2011-04-20 12:28:00,2011-12-02 14:16:00,226,238.27,9.690265486725664,1429.6200000000003,High Value,6,0,7.620008756582339e-05,0.005102029891424213,3.887751244899734e-07,3730.0
16104.0,1,302.36,2011-10-09 10:23:00,2011-10-09 10:23:00,1,302.36,365.0,302.36,Low Value,61,0,0.027030503385998637,0.001079062798485629,2.916761062817096e-05,2037.0
16105.0,1,336.96,2011-04-05 10:13:00,2011-04-05 10:13:00,1,336.96,365.0,336.96,Low Value,248,1,0.9999999407432814,0.001202543327747445,0.0012025432564886733,725.0
16106.0,1,108.38,2011-10-05 10:37:00,2011-10-05 10:37:00,1,108.38,365.0,108.38,Low Value,65,0,0.04491400173016514,0.00038678669830623247,1.7372138436930985e-05,2155.0
16107.0,7,3204.1600000000003,2011-06-09 18:42:00,2011-11-22 09:40:00,165,457.74,15.484848484848486,3204.1800000000003,High Value,17,0,0.00022838140466092526,0.01143508214595741,2.611560122906821e-06,2734.0
16108.0,1,842.5,2011-09-16 11:48:00,2011-09-16 11:48:00,1,842.5,365.0,842.5,Medium Value,84,0,0.20525457051148144,0.003006715199510988,0.0006171420369259711,1177.0
16109.0,2,611.88,2011-02-04 12:37:00,2011-05-05 09:17:00,89,305.94,8.202247191011235,611.8799999999999,Medium Value,218,1,0.9999987883598881,0.002183678215165321,0.002183675569333204,369.0
16110.0,3,1337.48,2011-02-01 14:01:00,2011-10-25 14:35:00,266,445.83,4.116541353383458,1337.49,High Value,44,0,0.004410371632837052,0.004773236216253948,2.1051745604996874e-05,2110.0
16112.0,4,195.73999999999998,2011-01-05 11:47:00,2011-07-19 14:28:00,195,48.93,7.487179487179487,195.71999999999997,Low Value,142,1,0.9955085363661638,0.0006984858146567246,0.0006953485910214434,1098.0
16113.0,1,161.38,2011-06-09 16:16:00,2011-06-09 16:16:00,1,161.38,365.0,161.38,Low Value,182,1,0.9999310362795176,0.000575933173765084,0.0005758934552706719,1216.0
16114.0,1,135.75000000000003,2011-06-22 10:13:00,2011-06-22 10:13:00,1,135.75,365.0,135.75,Low Value,170,1,0.9997503701705541,0.0004844647932743224,0.0004843438564106048,1319.0
16115.0,8,1667.97,2011-02-20 12:14:00,2011-11-30 11:32:00,282,208.5,10.354609929078014,1668.0000000000002,High Value,9,0,9.806719235877952e-05,0.0059527607748181945,5.837705359698933e-07,3489.0
16116.0,1,612.78,2011-05-12 12:01:00,2011-05-12 12:01:00,1,612.78,365.0,612.78,Medium Value,205,1,0.9999928913266187,0.002186890136446698,0.002186874590558997,368.0
16117.0,1,232.21,2011-06-03 11:42:00,2011-06-03 11:42:00,1,232.21,365.0,232.21000000000004,Low Value,189,1,0.9999665515192314,0.0008287113786094322,0.000828683659472822,993.0
16119.0,2,423.36,2011-09-28 10:15:00,2011-12-01 15:11:00,64,211.68,11.40625,423.35999999999996,Medium Value,7,0,0.00010557513229900891,0.0015108877707596105,1.5951217628690052e-07,4123.0
16120.0,4,1309.14,2011-10-11 14:10:00,2011-10-11 14:22:00,1,327.29,1460.0,1309.16,High Value,58,0,0.0073311089261778725,0.0046721320719190565,3.4251909136727714e-05,1999.0
16121.0,2,867.11,2011-05-08 11:52:00,2011-10-13 12:59:00,158,433.56,4.620253164556962,867.12,Medium Value,56,0,0.01768296298268853,0.00309457909056376,5.472132750544091e-05,1903.0
16122.0,4,684.4200000000001,2010-12-08 11:41:00,2011-09-27 15:34:00,293,171.1,4.982935153583618,684.4000000000001,Medium Value,72,0,0.09116576947015545,0.0024424876944158106,0.00022267127008280329,1610.0
16123.0,1,307.78,2011-10-19 09:18:00,2011-10-19 09:18:00,1,307.78,365.0,307.78,Low Value,51,0,0.009299748730047885,0.0010984057022023642,1.021489703413379e-05,2291.0
16124.0,1,249.0,2011-01-26 14:45:00,2011-01-26 14:45:00,1,249.0,365.0,249.0,Low Value,315,1,0.9999999999597535,0.0008886315545142267,0.0008886315544784625,959.0
16125.0,1,289.35,2010-12-07 15:48:00,2010-12-07 15:48:00,1,289.35,365.0,289.35,Low Value,366,1,0.9999999999998357,0.0010326326919626165,0.0010326326919624469,882.0
16126.0,4,6287.77,2011-02-16 11:18:00,2011-11-10 16:03:00,267,1571.94,5.468164794007491,6287.759999999999,High Value,28,0,0.00044407548878739174,0.022439766840210335,9.96495042784151e-06,2297.0
16127.0,1,656.25,2011-10-31 13:58:00,2011-10-31 13:58:00,1,656.25,365.0,656.25,Medium Value,38,0,0.0019396572212499773,0.0023420259343371937,4.542727515891863e-06,2536.0
16128.0,5,1880.22,2011-03-02 12:21:00,2011-11-22 11:14:00,264,376.04,6.912878787878788,1880.2,High Value,17,0,0.00023461956611420942,0.0067100604369383495,1.574311468314598e-06,2957.0
16131.0,6,3506.54,2011-04-14 08:32:00,2011-10-19 11:53:00,188,584.42,11.648936170212766,3506.52,High Value,51,0,0.008548098762666134,0.012514073568414563,0.00010697153678607749,1772.0
16133.0,33,14589.04,2011-01-25 15:55:00,2011-12-06 11:24:00,314,442.09,38.35987261146497,14588.97,High Value,3,0,2.401561069074398e-05,0.05206513690707396,1.2503760585205743e-06,3061.0
16134.0,2,618.09,2010-12-15 14:00:00,2011-11-18 10:05:00,337,309.04,2.166172106824926,618.08,Medium Value,21,0,0.00038344542758129735,0.0022058047839925835,8.458057585589074e-07,3293.0
16135.0,1,517.55,2011-03-22 12:30:00,2011-03-22 12:30:00,1,517.55,365.0,517.55,Medium Value,262,1,0.9999999857977997,0.0018470331768628031,0.001847033150630868,462.0
16136.0,3,709.38,2011-03-07 09:52:00,2011-10-11 09:10:00,217,236.46,5.046082949308756,709.38,Medium Value,59,0,0.02503039280453098,0.002531636353981133,6.336785237837839e-05,1867.0
16139.0,3,635.41,2011-05-17 10:23:00,2011-11-21 08:37:00,187,211.8,5.855614973262033,635.4000000000002,Medium Value,18,0,0.0003131171560710544,0.0022676164246519673,7.100296059470365e-07,3384.0
16140.0,2,725.18,2010-12-03 14:40:00,2011-10-05 12:15:00,305,362.59,2.3934426229508197,725.1800000000001,Medium Value,52,0,0.01083011800127414,0.0025880234164764137,2.802859899050021e-05,2045.0
16141.0,1,620.4,2011-09-12 13:11:00,2011-09-12 13:11:00,1,620.4,365.0,620.4,Medium Value,87,0,0.28452112921260964,0.0022140844032956875,0.000629953794597716,1165.0
16142.0,1,535.34,2011-04-04 10:16:00,2011-04-04 10:16:00,1,535.34,365.0,535.34,Medium Value,249,1,0.999999941494706,0.00191052215419135,0.0019105220424156897,444.0
16143.0,6,2424.94,2010-12-05 15:18:00,2011-12-06 14:13:00,365,404.16,5.999999999999999,2424.9599999999996,High Value,2,0,4.1631388285497344e-05,0.008654200700541442,3.602863896648639e-07,3784.0
16144.0,1,175.2,2011-04-07 10:09:00,2011-04-07 10:09:00,1,175.2,365.0,175.2,Low Value,246,1,0.9999999319318544,0.0006252540094413354,0.0006252539668814544,1169.0
16145.0,11,3799.4900000000002,2010-12-15 09:09:00,2011-12-01 10:33:00,351,345.41,11.43874643874644,3799.510000000001,High Value,8,0,7.308189578937035e-05,0.013559696697559642,9.90968340986523e-07,3184.0
16146.0,3,734.13,2011-04-21 15:25:00,2011-07-05 14:20:00,74,244.71,14.797297297297298,734.13,Medium Value,156,1,0.9990157660643453,0.002619964189218993,0.0026173855315537635,290.0
16147.0,1,375.0,2011-07-29 09:57:00,2011-07-29 09:57:00,1,375.0,365.0,375.0,Low Value,133,1,0.9848597392395906,0.0013383005339069678,0.001318038314847821,660.0
16148.0,1,76.32000000000001,2011-02-16 14:01:00,2011-02-16 14:01:00,1,76.32,365.0,76.32,Low Value,295,1,0.9999999996772848,0.0002723709246607461,0.0002723709245728479,1560.0
16149.0,2,280.52,2011-07-20 14:54:00,2011-12-05 11:29:00,137,140.26,5.328467153284671,280.52,Low Value,4,0,7.55193555064589e-05,0.001001120175390887,7.560395043003288e-08,4258.0
16150.0,5,2053.02,2010-12-02 18:27:00,2011-10-28 12:39:00,329,410.6,5.547112462006079,2053.0,High Value,38,0,0.00214164224617265,0.0073267493229626805,1.569127587717374e-05,2174.0
16152.0,1,1829.04,2011-03-16 09:47:00,2011-03-16 09:47:00,1,1829.04,365.0,1829.04,High Value,268,1,0.9999999860543984,0.006527480556099202,0.006527480465069559,65.0
16153.0,5,1824.23,2010-12-20 09:22:00,2011-10-21 10:50:00,305,364.85,5.983606557377049,1824.25,High Value,49,0,0.007279833320243872,0.00651038599727943,4.739452491064392e-05,1940.0
16156.0,9,3122.04,2011-02-02 12:02:00,2011-12-01 12:42:00,302,346.89,10.87748344370861,3122.0099999999998,High Value,8,0,7.926099054591657e-05,0.011141833732967715,8.831127781729283e-07,3266.0
16157.0,3,656.69,2011-09-28 11:48:00,2011-11-24 11:41:00,56,218.9,19.553571428571427,656.6999999999999,Medium Value,15,0,0.00024381215741108145,0.002343631894977882,5.714059484919785e-07,3500.0
16159.0,1,348.2,2011-03-03 12:27:00,2011-03-03 12:27:00,1,348.2,365.0,348.2,Low Value,281,1,0.9999999983259051,0.0012426566557504166,0.0012426566536700915,706.0
16160.0,2,1025.44,2011-09-15 10:53:00,2011-10-05 14:19:00,20,512.72,36.5,1025.44,Medium Value,63,0,0.03804301588556334,0.0036595917319721632,0.00013922190639409325,1722.0
16161.0,19,5575.56,2010-12-06 10:03:00,2011-12-08 12:10:00,367,293.45,18.896457765667574,5575.549999999999,High Value,1,0,2.8497563932543876e-05,0.019898030778199984,5.670454042334799e-07,3505.0
16162.0,1,37.4,2011-04-01 15:03:00,2011-04-01 15:03:00,1,37.4,365.0,37.4,Low Value,251,1,0.9999999629239527,0.0001334731732483216,0.0001334731682996639,1728.0
16163.0,2,856.6,2010-12-09 16:28:00,2011-04-21 15:15:00,132,428.3,5.53030303030303,856.6,Medium Value,224,1,0.9999993102968906,0.00305703529958589,0.003057033191139138,237.0
16164.0,3,822.48,2011-10-28 09:12:00,2011-11-22 15:04:00,25,274.16,43.8,822.48,Medium Value,16,0,0.00026477552997524893,0.002935267795007475,7.771870860423845e-07,3330.0
16168.0,27,3787.6,2010-12-05 11:38:00,2011-11-29 12:45:00,359,140.28,27.451253481894152,3787.5600000000004,High Value,10,0,6.695535436373622e-05,0.013517049520545802,9.050388406003149e-07,3248.0
16169.0,4,1822.97,2011-09-25 11:33:00,2011-12-01 15:28:00,67,455.74,21.791044776119403,1822.96,High Value,7,0,8.852168418874098e-05,0.00650578224344279,5.759028011547615e-07,3498.0
16170.0,6,1885.05,2011-04-05 13:42:00,2011-10-20 08:21:00,197,314.18,11.116751269035534,1885.0800000000002,High Value,50,0,0.008685896331202127,0.00672747618788626,5.8434160738610935e-05,1891.0
16171.0,1,73.2,2011-10-11 14:51:00,2011-10-11 14:51:00,1,73.2,365.0,73.2,Low Value,58,0,0.021927977108342097,0.00026123626421864016,5.728382821655149e-06,2462.0
16172.0,5,1140.21,2011-04-12 12:02:00,2011-09-05 13:22:00,146,228.04,12.5,1140.2,Medium Value,94,1,0.5310707445800885,0.004069147383361933,0.0021610051306881406,377.0
16173.0,6,1418.32,2011-09-02 15:23:00,2011-11-24 10:53:00,82,236.39,26.70731707317073,1418.34,High Value,15,0,0.0002197077304831888,0.00506177381136429,1.112110836314089e-06,3122.0
16174.0,3,1009.5500000000001,2011-07-11 09:23:00,2011-08-05 13:26:00,25,336.52,43.8,1009.56,Medium Value,125,1,0.9715874711624164,0.0036029191653629824,0.003500551120677624,200.0
16175.0,4,1037.59,2011-04-13 14:38:00,2011-09-06 14:32:00,145,259.4,10.068965517241379,1037.6,Medium Value,93,1,0.5069540472266061,0.0037029883572849863,0.0018772449345586255,454.0
16177.0,1,331.95,2011-10-20 12:57:00,2011-10-20 12:57:00,1,331.95,365.0,331.95,Low Value,49,0,0.0074169439483728365,0.0011846636326144479,8.78658376077711e-06,2326.0
16178.0,1,197.9,2011-07-24 16:05:00,2011-07-24 16:05:00,1,197.9,365.0,197.9,Low Value,137,1,0.9909271295650179,0.0007062658017605039,0.0006998579436484721,1095.0
16179.0,1,215.83,2011-10-10 09:41:00,2011-10-10 09:41:00,1,215.83,365.0,215.83000000000004,Low Value,60,0,0.025333135935186792,0.0007702544112883758,1.95129597058457e-05,2127.0
16180.0,8,10254.18,2011-04-01 10:23:00,2011-08-31 16:28:00,152,1281.77,19.210526315789473,10254.159999999998,High Value,99,1,0.5191908781860343,0.036595060807379926,0.018999821757854907,9.0
16181.0,1,305.54,2011-09-27 13:38:00,2011-09-27 13:38:00,1,305.54,365.0,305.54,Low Value,72,0,0.08361258662329976,0.00109041158701316,9.11721332741876e-05,1805.0
16182.0,4,6617.65,2011-02-18 10:11:00,2011-09-28 13:23:00,222,1654.41,6.576576576576577,6617.64,High Value,71,0,0.04416928949388214,0.023617043053877622,0.001043148011636199,872.0
16183.0,1,338.71000000000004,2011-10-03 14:59:00,2011-10-03 14:59:00,1,338.71,365.0,338.71,Low Value,66,0,0.04480192923604684,0.0012087887302390109,5.415606715349908e-05,1907.0
16184.0,6,1158.79,2011-05-12 13:33:00,2011-10-06 17:43:00,147,193.13,14.897959183673468,1158.78,Medium Value,63,0,0.03765277962766038,0.004135455713815244,0.0001557114026522343,1692.0
16185.0,2,529.41,2011-04-21 11:59:00,2011-11-23 09:41:00,215,264.7,3.395348837209302,529.3999999999999,Medium Value,16,0,0.0002475593413734717,0.001889323473734263,4.6771967479909384e-07,3631.0
16186.0,12,4006.94,2010-12-02 14:40:00,2011-11-17 12:43:00,349,333.91,12.550143266475645,4006.920000000001,High Value,22,0,0.0003265889191189888,0.014299901800860024,4.6701894726505574e-06,2523.0
16187.0,15,6911.4400000000005,2011-02-28 13:34:00,2011-11-08 09:50:00,252,460.76,21.726190476190474,6911.4,High Value,31,0,0.0008026045308305252,0.02466541416011898,1.9796573159722888e-05,2122.0
16188.0,4,981.86,2011-04-11 09:44:00,2011-10-26 12:19:00,198,245.46,7.373737373737375,981.8400000000001,Medium Value,44,0,0.004950650518169071,0.00350399198989658,1.734703976044178e-05,2156.0
16189.0,2,215.48,2011-09-15 15:21:00,2011-11-24 11:47:00,69,107.74,10.579710144927537,215.48,Low Value,15,0,0.0002630952955251421,0.0007690053307900625,2.0232168476462114e-07,4032.0
16190.0,1,215.08,2011-10-30 15:59:00,2011-10-30 15:59:00,1,215.08,365.0,215.08000000000004,Low Value,39,0,0.002670746696659932,0.000767577810220562,2.05000590107603e-06,2842.0
16191.0,13,5180.52,2010-12-14 12:38:00,2011-12-07 11:26:00,357,398.5,13.291316526610645,5180.500000000001,High Value,2,0,3.526798250578201e-05,0.018488175775746796,6.520406598228607e-07,3431.0
16193.0,1,314.45,2011-04-17 11:45:00,2011-04-17 11:45:00,1,314.45,365.0,314.45,Low Value,236,1,0.9999997851457398,0.0011222096076987894,0.0011222093665872743,792.0
16198.0,1,400.68100000000004,2011-09-25 14:58:00,2011-09-25 14:58:00,1,400.68,365.0,400.68,Medium Value,74,0,0.09765548881492428,0.001429947354468917,0.0001396422078802699,1720.0
16200.0,2,1080.6200000000001,2011-06-28 15:47:00,2011-12-05 14:40:00,159,540.31,4.591194968553459,1080.62,Medium Value,3,0,5.510448646736998e-05,0.0038565181945347934,2.1251145466190862e-07,4018.0
16201.0,4,1863.47,2011-08-22 10:47:00,2011-12-06 16:02:00,106,465.87,13.773584905660377,1863.4799999999998,High Value,2,0,5.0264589454663694e-05,0.006650390077133217,3.342791269404704e-07,3826.0
16202.0,1,365.27,2010-12-14 10:43:00,2010-12-14 10:43:00,1,365.27,365.0,365.27,Low Value,360,1,0.9999999999996736,0.0013035760960538618,0.0013035760960534363,668.0
16203.0,4,592.9,2010-12-02 15:39:00,2011-10-12 12:31:00,313,148.22,4.664536741214057,592.88,Medium Value,58,0,0.02151514954470793,0.002115870988114035,4.55232807265824e-05,1946.0
16204.0,1,405.71,2011-11-16 13:40:00,2011-11-16 13:40:00,1,405.71,365.0,405.71,Medium Value,22,0,0.00038781143700037773,0.0014478984256303892,5.615115690743057e-07,3510.0
16205.0,4,761.38,2011-06-13 11:33:00,2011-11-09 09:32:00,148,190.34,9.864864864864865,761.36,Medium Value,30,0,0.001157744787434023,0.0027171426519877577,3.145757742053484e-06,2665.0
16206.0,4,537.0600000000001,2011-01-16 11:07:00,2011-10-16 10:41:00,272,134.27,5.367647058823529,537.0799999999999,Medium Value,54,0,0.01454112302857094,0.001916731868668678,2.7871433915093927e-05,2048.0
16207.0,1,394.38,2011-11-14 13:51:00,2011-11-14 13:51:00,1,394.38,365.0,394.38000000000005,Medium Value,24,0,0.00048413407525585135,0.0014074639054992802,6.81401236344883e-07,3417.0
16208.0,2,664.26,2011-02-23 13:37:00,2011-10-26 11:36:00,244,332.13,2.9918032786885247,664.26,Medium Value,44,0,0.0048461678044686984,0.0023706120337414465,1.1488383714803862e-05,2261.0
16209.0,5,2262.62,2011-04-07 12:23:00,2011-09-12 11:58:00,157,452.52,11.624203821656051,2262.6,High Value,88,0,0.3452854608514309,0.00807477010138108,0.002788100715724722,264.0
16210.0,18,21086.3,2010-12-01 12:27:00,2011-12-08 12:36:00,372,1171.46,17.661290322580644,21086.28,High Value,1,0,1.9084121370980976e-05,0.07525274608563151,1.4361325397978054e-06,2997.0
16211.0,1,547.02,2011-09-12 12:11:00,2011-09-12 12:11:00,1,547.02,365.0,547.02,Medium Value,80,0,0.1618500204646985,0.0019522057548207721,0.00031596454136904417,1520.0
16212.0,2,690.34,2011-03-01 12:51:00,2011-11-20 13:00:00,264,345.17,2.765151515151515,690.34,Medium Value,18,0,0.0002861368747682859,0.0024636863748728967,7.049515197153383e-07,3389.0
16213.0,1,159.0,2011-09-22 10:03:00,2011-09-22 10:03:00,1,159.0,365.0,159.0,Low Value,78,0,0.15785738273912495,0.0005674394263765544,8.957450271079326e-05,1810.0
16214.0,3,1062.75,2011-03-15 13:23:00,2011-06-22 11:30:00,98,354.25,11.173469387755102,1062.75,Medium Value,170,1,0.9997688013838204,0.0037927437130923472,0.0037918668359943563,172.0
16215.0,1,242.35,2011-09-20 10:18:00,2011-09-20 10:18:00,1,242.35,365.0,242.35,Low Value,80,0,0.18274070248343463,0.0008648990250462765,0.0001580522554141943,1688.0
16216.0,1,914.9300000000001,2011-03-17 15:34:00,2011-03-17 15:34:00,1,914.93,365.0,914.9299999999998,Medium Value,266,1,0.9999999888472554,0.0032652034866333386,0.003265203450217358,219.0
16217.0,2,304.25,2011-03-02 15:28:00,2011-04-18 13:31:00,46,152.12,15.869565217391305,304.24,Low Value,234,1,0.999999805410125,0.0010857721451622824,0.0010857719338820163,842.0
16218.0,7,3084.68,2010-12-01 11:29:00,2011-11-10 09:59:00,343,440.67,7.448979591836734,3084.6899999999996,High Value,29,0,0.0007521451958179925,0.011008646063833291,8.280100249372863e-06,2344.0
16221.0,3,864.86,2010-12-07 13:13:00,2011-11-03 11:43:00,330,288.29,3.318181818181818,864.87,Medium Value,36,0,0.0019219657519926393,0.0030865492873603183,5.932242022143819e-06,2452.0
16222.0,1,846.72,2011-01-25 13:38:00,2011-01-25 13:38:00,1,846.72,365.0,846.7199999999999,Medium Value,317,1,0.9999999999567835,0.003021775541519221,0.00302177554138863,241.0
16224.0,4,1295.3,2011-04-04 12:00:00,2011-10-13 17:51:00,192,323.82,7.604166666666666,1295.28,High Value,56,0,0.017324227436203037,0.00462259710815738,8.008292364765289e-05,1829.0
16225.0,5,1096.32,2011-03-07 12:17:00,2011-10-26 08:30:00,232,219.26,7.866379310344828,1096.3,Medium Value,44,0,0.004781239647451795,0.003912477000859223,1.870649015625141e-05,2141.0
16226.0,3,255.12,2011-04-18 12:58:00,2011-05-20 14:41:00,32,85.04,34.21875,255.12,Low Value,202,1,0.9999938008114233,0.0009104726192275884,0.0009104669750361279,941.0
16227.0,1,314.22,2011-04-28 13:33:00,2011-04-28 13:33:00,1,314.22,365.0,314.22,Low Value,218,1,0.9999984924809779,0.0011213887833713266,0.0011213870928564046,793.0
16229.0,2,1010.6,2011-05-11 10:18:00,2011-09-13 17:16:00,125,505.3,5.84,1010.6,Medium Value,86,0,0.31365990541390243,0.003606630718843685,0.0011312554501353852,783.0
16230.0,2,542.03,2011-05-03 15:12:00,2011-06-03 10:06:00,30,271.02,24.333333333333332,542.04,Medium Value,189,1,0.999973225811714,0.0019344331237304876,0.0019343813308538061,438.0
16232.0,4,990.88,2011-05-08 14:05:00,2011-10-27 12:16:00,171,247.72,8.538011695906432,990.88,Medium Value,32,0,0.001377876447215931,0.003536253954767297,4.8725210356480485e-06,2512.0
16233.0,3,536.6800000000001,2010-12-08 12:51:00,2011-09-29 17:27:00,295,178.89,3.711864406779661,536.67,Medium Value,70,0,0.07613737876726413,0.0019152686600849398,0.00014582353541395753,1712.0
16235.0,5,867.31,2011-01-11 15:42:00,2011-10-30 10:56:00,291,173.46,6.271477663230241,867.3000000000002,Medium Value,40,0,0.0030544348411210556,0.003095221474820036,9.454152313676416e-06,2313.0
16236.0,1,432.2,2011-09-22 14:10:00,2011-09-22 14:10:00,1,432.2,365.0,432.2,Medium Value,77,0,0.12853298577919636,0.0015424359753455775,0.00019825390128441398,1644.0
16239.0,2,414.2,2011-06-03 09:30:00,2011-10-14 08:29:00,132,207.1,5.53030303030303,414.2,Medium Value,56,0,0.020009363582388882,0.001478197549718043,2.9577792218904686e-05,2035.0
16240.0,2,3718.8,2011-09-23 13:44:00,2011-11-15 14:30:00,53,1859.4,13.773584905660377,3718.8,High Value,7,0,4.803594441194061e-05,0.01327165873464862,6.375166612318271e-07,3446.0
16241.0,13,2607.87,2010-12-05 11:04:00,2011-11-30 11:08:00,360,200.61,13.180555555555554,2607.93,High Value,9,0,8.25926032723099e-05,0.00930718429704533,7.687045802281375e-07,3336.0
16242.0,7,3603.21,2011-03-07 17:04:00,2011-12-01 15:12:00,268,514.74,9.533582089552239,3603.18,High Value,7,0,7.052956469850713e-05,0.012859033914034423,9.069420644001882e-07,3244.0
16243.0,2,409.1,2011-10-16 12:09:00,2011-11-06 12:32:00,21,204.55,34.76190476190476,409.1,Medium Value,33,0,0.001781628091836488,0.0014599966624569082,2.6011710678207423e-06,2738.0
16244.0,2,1522.75,2010-12-02 11:41:00,2011-05-12 10:18:00,160,761.38,4.5625,1522.76,High Value,211,1,0.9999966321870094,0.005434428056032465,0.005434409753895061,96.0
16245.0,3,1413.66,2011-03-28 09:30:00,2011-11-16 10:14:00,233,471.22,4.6995708154506435,1413.66,High Value,23,0,0.00046052831518841175,0.005045071820701132,2.3233984255920254e-06,2785.0
16247.0,1,114.56,2011-06-22 14:23:00,2011-06-22 14:23:00,1,114.56,365.0,114.56,Low Value,169,1,0.9997246625258241,0.0004088418911050193,0.0004087293216113852,1400.0
16248.0,1,152.94,2011-10-09 11:32:00,2011-10-09 11:32:00,1,152.94,365.0,152.94,Low Value,61,0,0.02898762007168264,0.0005458124897486178,1.582180508321211e-05,2173.0
16249.0,5,1800.07,2011-04-14 13:50:00,2011-10-18 10:07:00,186,360.01,9.811827956989248,1800.05,High Value,52,0,0.010875444216806864,0.006424021002824633,6.986408206381499e-05,1849.0
16250.0,2,389.44,2010-12-01 09:59:00,2011-03-23 15:07:00,112,194.72,6.517857142857142,389.44,Medium Value,260,1,0.9999999876423215,0.0013898340264659455,0.0013898340092908233,624.0
16253.0,2,3683.86,2011-03-29 13:33:00,2011-10-04 09:09:00,188,1841.93,3.882978723404255,3683.8600000000006,High Value,31,0,0.0005981409252869719,0.01314696481290273,7.8637376979049e-06,2361.0
16255.0,8,2619.91,2010-12-09 14:25:00,2011-11-23 12:40:00,348,327.49,8.39080459770115,2619.92,High Value,16,0,0.0001891640868201716,0.009349974226116116,1.7686793362753957e-06,2898.0
16256.0,1,752.4300000000001,2011-03-18 12:18:00,2011-03-18 12:18:00,1,752.43,365.0,752.4299999999998,Medium Value,257,1,0.9999999726788785,0.0026852732552736527,0.002685273181908976,281.0
16257.0,1,46.95,2011-06-16 10:11:00,2011-06-16 10:11:00,1,46.95,365.0,46.95,Low Value,176,1,0.9998750508875038,0.0001675552268451524,0.000167534290968264,1669.0
16258.0,5,5203.51,2011-05-04 14:33:00,2011-10-25 13:30:00,173,1040.7,10.549132947976878,5203.5,High Value,44,0,0.003349383386980706,0.018570258208493087,6.219891433546883e-05,1872.0
16260.0,1,1035.45,2011-10-20 09:40:00,2011-10-20 09:40:00,1,1035.45,365.0,1035.45,Medium Value,50,0,0.005899928133296719,0.00369531543422392,2.1802095491783286e-05,2098.0
16261.0,4,746.83,2011-04-07 19:05:00,2011-11-22 17:23:00,228,186.71,6.4035087719298245,746.8400000000001,Medium Value,16,0,0.00024221306812027783,0.0026653236553148803,6.455762200873711e-07,3434.0
16265.0,9,5447.0,2010-12-10 10:21:00,2011-11-30 16:41:00,355,605.22,9.253521126760564,5446.980000000001,High Value,8,0,6.76014056623643e-05,0.01943918997914821,1.3141165675281652e-06,3034.0
16266.0,7,861.89,2011-05-17 14:50:00,2011-09-27 12:08:00,132,123.13,19.356060606060606,861.9099999999999,Medium Value,73,0,0.1050490654642268,0.003075985635146012,0.00032312941635347466,1512.0
16268.0,2,667.65,2011-09-29 18:30:00,2011-09-29 18:30:00,1,333.82,730.0,667.64,Medium Value,70,0,0.04956063118766241,0.0023826745825537283,0.00011808685622616281,1754.0
16270.0,1,1141.24,2010-12-21 14:26:00,2010-12-21 14:26:00,1,1141.24,365.0,1141.24,Medium Value,352,1,0.9999999999988731,0.004072858936842635,0.004072858936838046,152.0
16271.0,5,1429.24,2010-12-16 16:36:00,2011-12-07 12:45:00,355,285.85,5.140845070422535,1429.2500000000002,High Value,2,0,4.548255223419956e-05,0.005100709434897425,2.3199328330419664e-07,3980.0
16272.0,1,411.7,2011-08-15 10:53:00,2011-08-15 10:54:00,1,411.7,365.0,411.7,Medium Value,116,1,0.9103036579201419,0.0014692755461586631,0.0013374869041608453,650.0
16274.0,1,357.95,2010-12-01 15:35:00,2010-12-01 15:35:00,1,357.95,365.0,357.95,Low Value,372,1,0.9999999999999112,0.0012774524696319977,0.0012774524696318843,682.0
16275.0,1,559.87,2011-05-27 12:41:00,2011-05-27 12:41:00,1,559.87,365.0,559.87,Medium Value,196,1,0.9999816427439313,0.0019980648531159845,0.001998028174127834,426.0
16276.0,1,810.6000000000001,2011-06-16 09:34:00,2011-06-16 09:34:00,1,810.6,365.0,810.6,Medium Value,176,1,0.9998195599651624,0.002892870434093302,0.0028923484444513935,259.0
16278.0,1,566.38,2011-08-31 17:12:00,2011-08-31 17:12:00,1,566.38,365.0,566.38,Medium Value,22,0,0.00035896218696428146,0.0020212977503846095,7.255694609840417e-07,3369.0
16279.0,3,1509.58,2011-06-16 11:50:00,2011-11-18 15:00:00,155,503.19,7.064516129032258,1509.5700000000002,High Value,20,0,0.00034501945621583406,0.005387355565253178,1.8587424875649989e-06,2871.0
16281.0,1,2062.06,2011-09-28 14:57:00,2011-09-28 14:57:00,1,2062.06,365.0,2062.06,High Value,71,0,0.03396375686467851,0.007359082663861873,0.0002499420943424753,1587.0
16282.0,1,168.3,2011-01-04 11:42:00,2011-01-04 11:42:00,1,168.3,365.0,168.3,Low Value,339,1,0.9999999999971183,0.0006006292796174472,0.0006006292796157164,1191.0
16283.0,5,1570.81,2011-05-15 13:37:00,2011-12-04 12:08:00,202,314.16,9.034653465346535,1570.8,High Value,5,0,6.868396184282936e-05,0.005605873276429507,3.8503358621402107e-07,3736.0
16284.0,2,823.97,2011-10-20 13:54:00,2011-11-08 16:12:00,19,411.98,38.421052631578945,823.96,Medium Value,30,0,0.0011640243295575547,0.002940549621114628,3.422871301248676e-06,2640.0
16287.0,1,142.5,2011-06-23 09:08:00,2011-06-23 09:08:00,1,142.5,365.0,142.5,Low Value,169,1,0.9997209359242956,0.0005085542028846478,0.0005084122836760742,1291.0
16292.0,1,302.25,2011-08-10 12:24:00,2011-08-10 12:24:00,1,302.25,365.0,302.25,Low Value,116,1,0.9145129650039683,0.0010786702303290162,0.000986457910599702,903.0
16293.0,10,2248.9900000000002,2010-12-07 15:02:00,2011-11-18 09:58:00,345,224.9,10.579710144927537,2249.0,High Value,8,0,7.970900335914199e-05,0.008026234402018056,6.397631449117182e-07,3443.0
16295.0,4,1328.55,2011-10-06 10:45:00,2011-11-30 08:17:00,54,332.14,27.037037037037035,1328.5599999999997,High Value,9,0,0.00011717542992075444,0.004741366819539843,5.555716954915811e-07,3521.0
16297.0,1,301.9,2011-03-16 08:29:00,2011-03-16 08:29:00,1,301.9,365.0,301.9,Low Value,212,1,0.9999971309189697,0.0010774211498307028,0.00107741805862212,849.0
16298.0,3,598.2,2011-06-06 10:06:00,2011-11-17 11:59:00,164,199.4,6.676829268292683,598.2,Medium Value,22,0,0.000492916188035791,0.0021348570116883955,1.0523055802029239e-06,3151.0
16302.0,1,233.22,2011-08-05 09:44:00,2011-08-05 09:44:00,1,233.22,365.0,233.22,Low Value,107,1,0.8067555903421136,0.0008323158680474215,0.0006714754794777063,1121.0
16303.0,3,5360.63,2011-01-10 14:16:00,2011-11-14 10:49:00,307,1786.88,3.566775244299674,5360.639999999999,High Value,25,0,0.00028895490113327543,0.01913105966422146,5.528013453849906e-06,2468.0
16305.0,1,361.21999999999997,2011-07-24 12:18:00,2011-07-24 12:18:00,1,361.22,365.0,361.22,Low Value,138,1,0.991189737462738,0.0012891224502876667,0.0012777649430579538,680.0
16306.0,6,632.27,2010-12-07 15:18:00,2011-05-10 12:12:00,153,105.38,14.313725490196079,632.2800000000001,Medium Value,213,1,0.9999978154538008,0.0022564817642098606,0.002256476834821199,346.0
16308.0,4,2560.0,2011-03-23 14:46:00,2011-11-02 11:24:00,223,640.0,6.547085201793722,2560.0,High Value,37,0,0.001893886075490018,0.009136131644804901,1.730279250593972e-05,2158.0
16309.0,2,706.57,2011-04-13 11:46:00,2011-08-25 15:35:00,134,353.28,5.447761194029851,706.56,Medium Value,91,1,0.4564872157039157,0.0025215723339661526,0.0011510655339282334,769.0
16311.0,2,616.26,2011-10-21 13:13:00,2011-11-22 08:54:00,31,308.13,23.548387096774192,616.26,Medium Value,17,0,0.00030114313492723434,0.0021993095654013546,6.623069772004173e-07,3422.0
16313.0,2,274.15000000000003,2011-10-21 09:04:00,2011-12-06 13:02:00,46,137.08,15.869565217391305,274.16,Low Value,2,0,6.424466346864176e-05,0.000978422598335825,6.285843056019913e-08,4274.0
16315.0,1,226.37,2011-01-13 11:57:00,2011-01-13 11:57:00,1,226.37,365.0,226.37,Low Value,330,1,0.9999999999921503,0.0008078695782947209,0.0008078695782883794,1004.0
16316.0,8,2938.91,2010-12-16 14:26:00,2011-10-06 13:48:00,293,367.36,9.965870307167236,2938.8800000000006,High Value,63,0,0.030228367847681053,0.010488279128236029,0.00031704355957747424,1519.0
16317.0,3,1341.65,2011-02-15 14:30:00,2011-08-12 12:46:00,177,447.22,6.186440677966102,1341.66,High Value,119,1,0.9403159509792396,0.0047881181181909935,0.004502343841707691,136.0
16318.0,1,328.15,2011-11-04 13:05:00,2011-11-04 13:05:00,1,328.15,365.0,328.15,Low Value,34,0,0.0014739145342273525,0.0011711021872041908,1.7261045347856985e-06,2908.0
16319.0,1,404.40000000000003,2011-05-06 11:27:00,2011-05-06 11:27:00,1,404.4,365.0,404.4,Medium Value,217,1,0.9999982456263535,0.0014432232957652742,0.0014432207638123582,606.0
16320.0,2,1038.46,2011-05-10 15:31:00,2011-06-20 15:25:00,40,519.23,18.25,1038.46,Medium Value,171,1,0.9997879501565384,0.0037060575265094133,0.0037052716575910576,182.0
16321.0,5,373.65000000000003,2011-01-20 12:11:00,2011-09-28 14:55:00,251,74.73,7.270916334661354,373.6500000000001,Low Value,71,0,0.08638437254431325,0.0013334826519849031,0.00011519206219044269,1759.0
16322.0,2,326.75,2011-11-03 14:33:00,2011-12-08 15:41:00,35,163.38,20.857142857142858,326.76,Low Value,0,0,5.1259340228927264e-05,0.0011661415532251756,5.977564663185898e-08,4280.0
16323.0,1,207.50000000000003,2011-05-27 14:48:00,2011-05-27 14:48:00,1,207.5,365.0,207.5,Low Value,195,1,0.9999827351609643,0.0007405262954285223,0.00074051351036123,1054.0
16324.0,3,428.68,2011-06-15 14:26:00,2011-08-03 12:58:00,48,142.89,22.8125,428.66999999999996,Medium Value,127,1,0.9790337647502572,0.0015298381063197331,0.0014977631606886124,575.0
16325.0,3,594.24,2011-04-08 09:20:00,2011-10-24 08:48:00,198,198.08,5.53030303030303,594.24,Medium Value,43,0,0.0046641499910304585,0.0021207245580503378,9.891377428408555e-06,2301.0
16326.0,14,3110.96,2011-01-09 12:01:00,2011-12-04 10:11:00,328,222.21,15.579268292682928,3110.94,High Value,5,0,5.2794549594855245e-05,0.011102327101206781,5.861423587629668e-07,3488.0
16327.0,6,3844.22,2010-12-05 12:43:00,2011-11-25 13:23:00,355,640.7,6.169014084507042,3844.2,High Value,13,0,0.0001230114517478111,0.013719186433187109,1.6876170399452208e-06,2923.0
16330.0,3,251.91,2011-08-19 17:08:00,2011-11-22 12:24:00,94,83.97,11.648936170212766,251.91,Low Value,17,0,0.000316855594568335,0.0008990167666573448,2.8485849212611506e-07,3892.0
16332.0,7,1593.2,2011-02-07 14:16:00,2011-11-11 14:22:00,277,227.6,9.223826714801444,1593.2,High Value,27,0,0.0007010514015131812,0.00568581442832155,3.9860481737186894e-06,2584.0
16333.0,22,26626.8,2011-02-03 10:50:00,2011-12-02 12:19:00,302,1210.31,26.58940397350993,26626.819999999996,High Value,7,0,3.3916406588734535e-05,0.09502583312598593,3.2229347927341778e-06,2662.0
16337.0,1,151.05,2011-11-03 10:03:00,2011-11-03 10:03:00,1,151.05,365.0,151.05,Low Value,36,0,0.00199197687495502,0.0005390674550577267,1.073809904515846e-06,3141.0
16338.0,1,214.79999999999998,2011-07-05 13:56:00,2011-07-05 13:56:00,1,214.8,365.0,214.8,Low Value,156,1,0.9988209114879484,0.0007665785458219113,0.0007656746818649475,1036.0
16339.0,1,109.95,2011-02-28 13:41:00,2011-02-28 13:41:00,1,109.95,365.0,109.95,Low Value,283,1,0.9999999987978445,0.000392389716541523,0.00039238971606980955,1434.0
16340.0,1,549.07,2011-08-24 14:53:00,2011-08-24 14:53:00,1,549.07,365.0,549.07,Medium Value,106,1,0.7629284675526137,0.001959521797739464,0.0014949749622853118,577.0
16341.0,4,1971.87,2011-05-22 13:20:00,2011-11-15 09:12:00,176,492.97,8.295454545454545,1971.8799999999999,High Value,24,0,0.0005138713088381412,0.007037248151467924,3.616239918213612e-06,2623.0
16342.0,4,322.41,2011-06-13 10:10:00,2011-09-25 14:36:00,104,80.6,14.03846153846154,322.4,Low Value,74,0,0.12807419349628976,0.0011505815790176172,0.00014735980778436892,1706.0
16343.0,2,370.47999999999996,2011-11-23 17:43:00,2011-11-23 17:45:00,1,185.24,730.0,370.48,Low Value,15,0,0.0001454436726994966,0.0013221695514716093,1.9230119549747694e-07,4052.0
16344.0,1,101.10000000000001,2011-07-04 15:50:00,2011-07-04 15:50:00,1,101.1,365.0,101.1,Low Value,157,1,0.9989980462082358,0.00036080582394131856,0.00036044431317792995,1475.0
16345.0,1,575.41,2011-10-26 16:03:00,2011-10-26 16:03:00,1,575.41,365.0,575.41,Medium Value,43,0,0.0034594532170219433,0.002053524027241089,7.104070302271042e-06,2393.0
16347.0,2,887.65,2011-11-03 13:01:00,2011-11-28 13:14:00,25,443.82,29.2,887.64,Medium Value,10,0,0.00013217281593683468,0.0031678108957791493,4.186984864505169e-07,3693.0
16348.0,7,1469.45,2011-04-13 15:49:00,2011-11-07 15:44:00,207,209.92,12.342995169082124,1469.4399999999998,High Value,31,0,0.0011399753659839438,0.005244139564118013,5.978189918876311e-06,2449.0
16349.0,1,53.5,2011-02-22 12:40:00,2011-02-22 12:40:00,1,53.5,365.0,53.5,Low Value,290,1,0.999999999451602,0.00019093087617072743,0.0001909308760660213,1648.0
16350.0,4,1116.47,2011-01-10 09:44:00,2011-11-18 15:53:00,312,279.12,4.67948717948718,1116.48,Medium Value,20,0,0.00033776847699847117,0.003984495413590538,1.3458369474558695e-06,3018.0
16351.0,1,153.9,2011-01-11 10:26:00,2011-01-11 10:26:00,1,153.9,365.0,153.9,Low Value,332,1,0.9999999999938949,0.0005492385391154197,0.0005492385391120666,1252.0
16352.0,2,494.44,2011-11-02 08:44:00,2011-11-22 10:32:00,20,247.22,36.5,494.44,Medium Value,17,0,0.00030906786851097527,0.0017645581759598967,5.453682343075397e-07,3531.0
16353.0,23,6675.71,2010-12-05 12:09:00,2011-12-06 12:23:00,366,290.25,22.937158469945356,6675.75,High Value,3,0,3.2109818208200195e-05,0.023824426104611843,7.649979911337854e-07,3340.0
16354.0,2,395.8,2011-09-27 16:28:00,2011-10-07 14:28:00,9,197.9,81.1111111111111,395.7999999999999,Medium Value,62,0,0.03853863032063511,0.0014125316035210073,5.443703328431003e-05,1905.0
16356.0,3,211.77,2011-03-07 12:31:00,2011-05-26 11:51:00,79,70.59,13.860759493670887,211.77,Low Value,197,1,0.9999892629515011,0.0007557650775079429,0.000755756962821652,1042.0
16357.0,3,658.88,2011-05-10 10:35:00,2011-11-06 16:04:00,180,219.63,6.083333333333333,658.89,Medium Value,32,0,0.0014246501659794903,0.002351447570095899,3.3499901710291914e-06,2647.0
16358.0,4,2027.5,2011-06-08 15:05:00,2011-12-08 15:09:00,183,506.88,7.978142076502732,2027.5199999999998,High Value,0,0,3.784181015217131e-05,0.007235816262685481,2.738163853085377e-07,3913.0
16359.0,9,1750.92,2011-01-12 10:49:00,2011-12-02 17:04:00,324,194.55,10.138888888888888,1750.95,High Value,6,0,6.770803242506384e-05,0.006248792852918415,4.230934691029072e-07,3685.0
16360.0,6,3512.53,2011-09-12 13:50:00,2011-12-05 12:16:00,83,585.42,26.385542168674696,3512.5199999999995,High Value,4,0,5.645179137867235e-05,0.012535486376957073,7.0765066178217e-07,3385.0
16361.0,4,896.66,2011-09-29 13:13:00,2011-11-30 12:32:00,61,224.16,23.934426229508198,896.6400000000001,Medium Value,9,0,0.00012315681092188042,0.003199930108592917,3.9409318734721016e-07,3725.0
16362.0,5,734.77,2011-09-09 14:47:00,2011-11-07 13:01:00,58,146.95,31.465517241379313,734.75,Medium Value,31,0,0.0013427751326249827,0.002622176846101719,3.5209938622903945e-06,2628.0
16363.0,1,109.36000000000001,2011-10-17 14:14:00,2011-10-17 14:14:00,1,109.36,365.0,109.36,Low Value,52,0,0.011377425474214551,0.0003902841237015094,4.440428531183056e-06,2546.0
16364.0,2,707.04,2011-07-25 14:35:00,2011-11-28 11:27:00,125,353.52,5.84,707.04,Medium Value,11,0,0.00014651578073825018,0.0025232853586495533,3.697011243479349e-07,3764.0
16365.0,9,1540.42,2010-12-07 17:19:00,2011-11-22 11:24:00,349,171.16,9.412607449856734,1540.4399999999998,High Value,17,0,0.0002215249857101504,0.005497524465204399,1.2178390285956066e-06,3081.0
16366.0,1,327.3,2011-11-21 08:19:00,2011-11-21 08:19:00,1,327.3,365.0,327.3,Low Value,18,0,0.00026123311657804885,0.0011680687059940017,3.051382284441017e-07,3871.0
16367.0,2,804.49,2010-12-12 12:01:00,2011-11-02 13:13:00,325,402.24,2.246153846153846,804.48,Medium Value,36,0,0.0018717184924009784,0.0028710293693799405,5.373758762894754e-06,2474.0
16368.0,2,497.43,2011-11-11 15:08:00,2011-12-07 13:12:00,25,248.72,29.2,497.44,Medium Value,1,0,5.48116995945561e-05,0.0017752645802311523,9.730526887248565e-08,4221.0
16369.0,3,1553.66,2011-05-27 09:39:00,2011-11-21 16:25:00,178,517.89,6.151685393258427,1553.67,High Value,17,0,0.00024395234023638082,0.005544739708040637,1.3526522277781004e-06,3017.0
16370.0,4,1320.56,2011-04-28 16:40:00,2011-09-18 15:55:00,142,330.14,10.28169014084507,1320.5599999999997,High Value,81,0,0.2136141695793215,0.004712816408149827,0.001006724363406726,896.0
16372.0,2,367.93,2011-11-06 12:50:00,2011-11-06 13:08:00,1,183.96,730.0,367.9200000000001,Low Value,32,0,0.0009157687668960284,0.0013130334198268047,1.2024349957680682e-06,3086.0
16374.0,2,473.03000000000003,2011-03-22 13:46:00,2011-10-04 15:21:00,196,236.52,3.724489795918367,473.03999999999996,Medium Value,65,0,0.04863930320679691,0.0016881858254916054,8.211218223550294e-05,1821.0
16376.0,2,987.01,2011-11-22 16:47:00,2011-12-01 11:38:00,8,493.5,91.25,987.0,Medium Value,8,0,9.982567334978717e-05,0.0035224070052431397,3.516266511104037e-07,3800.0
16377.0,1,676.2,2011-03-17 15:41:00,2011-03-17 15:41:00,1,676.2,365.0,676.2,Medium Value,266,1,0.9999999900578426,0.002413223522741045,0.0024132234987483967,316.0
16378.0,3,362.95,2011-02-02 12:42:00,2011-04-06 15:07:00,63,120.98,17.38095238095238,362.94,Low Value,246,1,0.9999999457367498,0.0012952607887365198,0.0012952607184514595,675.0
16379.0,4,2157.4,2011-09-22 09:33:00,2011-12-05 15:38:00,74,539.35,19.72972972972973,2157.4,High Value,3,0,5.498263504564635e-05,0.00769933219160238,4.233295719860701e-07,3684.0
16380.0,1,1780.59,2011-10-09 15:40:00,2011-10-09 15:40:00,1,1780.59,365.0,1780.59,High Value,60,0,0.01209126526010728,0.006354572127118421,7.683481720347299e-05,1835.0
16383.0,2,668.36,2011-03-16 13:00:00,2011-09-26 12:45:00,193,334.18,3.7823834196891193,668.36,Medium Value,74,0,0.11463150771188427,0.00238524411957883,0.00027342412968822726,1554.0
16384.0,2,584.5,2011-03-21 10:13:00,2011-09-11 11:19:00,174,292.25,4.195402298850575,584.5,Medium Value,89,0,0.40423701108893767,0.002085964432182994,0.0008432240273034865,984.0
16385.0,3,555.89,2010-12-08 12:56:00,2011-10-10 13:12:00,306,185.3,3.5784313725490198,555.9,Medium Value,59,0,0.024193670584720987,0.0019838967114636894,4.799774351126376e-05,1936.0
16386.0,2,317.2,2011-03-31 12:19:00,2011-11-11 12:28:00,225,158.6,3.2444444444444445,317.2,Low Value,28,0,0.0009478876303232011,0.0011320238116141073,1.0730313682603339e-06,3143.0
16387.0,1,94.36,2011-01-21 11:34:00,2011-01-21 11:34:00,1,94.36,365.0,94.36,Low Value,322,1,0.9999999999824878,0.00033675210234523066,0.00033675210233933336,1498.0
16389.0,4,1382.07,2011-03-01 15:47:00,2011-10-17 14:41:00,229,345.52,6.375545851528384,1382.0799999999997,High Value,52,0,0.010924098295182127,0.004932369071739045,5.388168456779355e-05,1909.0
16392.0,1,221.19,2011-03-15 12:11:00,2011-03-15 12:11:00,1,221.19,365.0,221.19000000000003,Low Value,269,1,0.9999999942277766,0.0007893831869196861,0.00078938318236319,1016.0
16393.0,13,3046.21,2010-12-05 13:10:00,2011-12-07 12:51:00,366,234.32,12.964480874316939,3046.16,High Value,1,0,3.405199406071342e-05,0.010871140144976131,3.7018399964991043e-07,3763.0
16394.0,5,1555.34,2011-02-23 10:58:00,2011-10-14 09:48:00,232,311.07,7.866379310344828,1555.35,High Value,49,0,0.007835403942012592,0.00555073529443254,4.3492253207065154e-05,1958.0
16395.0,5,1486.9,2011-01-13 12:10:00,2011-10-10 12:50:00,270,297.38,6.759259259259259,1486.8999999999996,High Value,60,0,0.024868514441614607,0.0053064508369767205,0.0001319635492730735,1729.0
16398.0,2,1705.8,2011-03-31 09:38:00,2011-07-08 15:16:00,99,852.9,7.373737373737375,1705.8000000000004,High Value,144,1,0.99524681750315,0.006087661468636017,0.006058725702696549,72.0
16399.0,2,408.57,2011-04-18 13:46:00,2011-11-20 16:12:00,216,204.28,3.3796296296296293,408.5599999999999,Medium Value,18,0,0.00031623286479744514,0.0014580695096880819,4.610894981224683e-07,3636.0
16400.0,1,303.93,2011-09-06 12:27:00,2011-09-06 12:27:00,1,303.93,365.0,303.93,Low Value,94,1,0.4969685468308936,0.0010846658167209195,0.0005390447947329397,1266.0
16401.0,12,4098.32,2011-01-16 10:56:00,2011-12-08 18:15:00,326,341.53,13.435582822085891,4098.36,High Value,0,0,3.053686222980113e-05,0.014626233003047896,4.4663926215504404e-07,3652.0
16402.0,2,299.6,2010-12-05 13:42:00,2011-03-20 12:25:00,104,149.8,7.01923076923077,299.6000000000001,Low Value,264,1,0.9999999921959076,0.0010692129065560739,0.0010692128982118375,855.0
16403.0,1,177.5,2011-01-31 13:39:00,2011-01-31 13:39:00,1,177.5,365.0,177.5,Low Value,301,1,0.9999999998230245,0.0006334622527159648,0.0006334622526038574,1160.0
16404.0,1,443.05,2011-09-30 14:55:00,2011-09-30 14:55:00,1,443.05,365.0,443.05,Medium Value,69,0,0.058131500905104536,0.0015811574707932858,9.19150569445327e-05,1804.0
16405.0,2,167.25,2011-02-02 17:08:00,2011-02-10 15:24:00,7,83.62,104.28571428571428,167.24,Low Value,301,1,0.999999999860121,0.0005968463501082702,0.000596846350024784,1195.0
16406.0,1,163.07,2011-11-21 11:57:00,2011-11-21 11:57:00,1,163.07,365.0,163.07,Low Value,18,0,0.00028271410849165787,0.0005819644481712247,1.6452956013856741e-07,4109.0
16407.0,10,2126.93,2011-01-31 14:02:00,2011-11-27 11:05:00,299,212.69,12.207357859531772,2126.9,High Value,12,0,0.0001273831080568034,0.007590483748177947,9.668994114975614e-07,3204.0
16409.0,5,2028.88,2011-01-26 14:51:00,2011-11-03 16:45:00,281,405.78,6.494661921708186,2028.9000000000003,High Value,35,0,0.0016026415187850485,0.0072407412086502605,1.160431248776074e-05,2256.0
16411.0,2,214.65,2010-12-05 13:26:00,2011-11-20 13:23:00,349,107.32,2.0916905444126073,214.64,Low Value,18,0,0.0003029338494262597,0.0007660075375941109,2.3204961205291437e-07,3979.0
16412.0,1,151.83,2011-10-17 12:35:00,2011-10-17 12:35:00,1,151.83,365.0,151.83,Low Value,53,0,0.012408597117332556,0.0005418511201682533,6.723612247743203e-06,2412.0
16413.0,1,262.2,2011-10-14 12:08:00,2011-10-14 12:08:00,1,262.2,365.0,262.2,Low Value,56,0,0.016218165643124647,0.000935739733307752,1.5175981993638402e-05,2185.0
16414.0,2,126.25,2011-03-04 13:27:00,2011-11-18 09:42:00,258,63.12,2.8294573643410854,126.24000000000001,Low Value,21,0,0.00045523805803869907,0.0004505254917344417,2.050963499541172e-07,4027.0
16415.0,1,210.35,2011-10-26 13:35:00,2011-10-26 13:35:00,1,210.35,365.0,210.35,Low Value,43,0,0.004121226967069552,0.0007506973794862152,3.0937942844470347e-06,2670.0
16416.0,3,1051.4,2011-10-14 13:35:00,2011-11-13 12:50:00,29,350.47,37.758620689655174,1051.41,Medium Value,26,0,0.0007547747411438902,0.003752273504947001,2.8321212633974504e-06,2702.0
16418.0,3,675.27,2011-04-27 16:54:00,2011-10-26 12:39:00,181,225.09,6.049723756906077,675.2699999999999,Medium Value,44,0,0.005185086490469788,0.0024099045374169547,1.2495563460282496e-05,2241.0
16419.0,6,972.23,2011-02-01 12:25:00,2011-08-19 12:33:00,199,162.04,11.00502512562814,972.2399999999999,Medium Value,112,1,0.8855108944553216,0.003469731496228561,0.0030724850407451544,235.0
16422.0,51,34684.4,2010-12-05 15:35:00,2011-11-22 14:00:00,351,680.09,53.03418803418804,34684.590000000004,High Value,16,0,5.4699388707901105e-05,0.12378241417425143,6.7708223881197865e-06,2410.0
16423.0,1,346.12,2011-11-15 09:21:00,2011-11-15 09:21:00,1,346.12,365.0,346.12,Low Value,24,0,0.0004955053819931667,0.0012352335487890126,6.120648714434747e-07,3464.0
16424.0,1,133.56,2011-06-01 13:40:00,2011-06-01 13:40:00,1,133.56,365.0,133.56,Low Value,190,1,0.9999713747935455,0.0004766491181563057,0.0004766354739768921,1332.0
16425.0,1,302.7,2011-02-10 14:30:00,2011-02-10 14:30:00,1,302.7,365.0,302.7,Low Value,301,1,0.9999999998120324,0.0010802761909697045,0.0010802761907666475,845.0
16426.0,10,1908.25,2011-03-08 15:45:00,2011-12-07 14:01:00,273,190.82,13.36996336996337,1908.2,High Value,1,0,3.9801443696733835e-05,0.006809986876803404,2.71047309252587e-07,3917.0
16427.0,2,241.06,2011-02-28 15:18:00,2011-03-21 17:10:00,21,120.53,34.76190476190476,241.05999999999997,Low Value,262,1,0.9999999907590752,0.0008602952712096364,0.0008602952632597125,974.0
16429.0,1,284.55,2011-08-25 13:54:00,2011-08-25 13:54:00,1,284.55,365.0,284.55,Low Value,105,1,0.7663605876418258,0.0010155024451286073,0.0007782410506004705,1024.0
16430.0,1,300.85,2011-10-13 14:47:00,2011-10-13 14:47:00,1,300.85,365.0,300.85,Low Value,56,0,0.015924017760153217,0.0010736739083357636,1.7097202384951817e-05,2160.0
16431.0,3,642.81,2011-02-15 14:02:00,2011-05-10 14:09:00,84,214.27,13.035714285714285,642.81,Medium Value,212,1,0.9999977250936751,0.002294061243201968,0.0022940560244275364,334.0
16432.0,1,287.4,2011-10-06 13:59:00,2011-10-06 13:59:00,1,287.4,365.0,287.4,Low Value,63,0,0.033578937773242244,0.0010256735291863002,3.444102761220854e-05,1998.0
16433.0,1,184.26,2011-11-11 14:09:00,2011-11-11 14:09:00,1,184.26,365.0,184.26,Low Value,27,0,0.0007409737158277539,0.0006575873503405277,4.872549424631478e-07,3606.0
16434.0,7,1522.25,2011-02-13 12:17:00,2011-11-10 14:28:00,270,217.46,9.462962962962962,1522.22,High Value,28,0,0.0007885468141709953,0.005432500903263639,4.283781280249597e-06,2558.0
16438.0,5,798.35,2011-09-18 13:31:00,2011-12-04 10:51:00,76,159.67,24.013157894736842,798.35,Medium Value,5,0,7.962090543213201e-05,0.002849152616652341,2.268521110521875e-07,3991.0
16440.0,5,3640.67,2011-05-09 12:25:00,2011-12-02 12:02:00,206,728.13,8.859223300970873,3640.65,High Value,7,0,6.969813824455141e-05,0.012992756903382408,9.055709668297968e-07,3246.0
16441.0,2,381.2,2011-02-21 17:35:00,2011-10-03 17:48:00,224,190.6,3.258928571428571,381.2,Low Value,66,0,0.05407317858829388,0.0013604271027342298,7.356261768250323e-05,1842.0
16442.0,3,616.79,2010-12-14 10:46:00,2011-12-08 11:43:00,359,205.6,3.050139275766017,616.8,Medium Value,1,0,4.446589552060171e-05,0.0022012367181701805,9.787996192626744e-08,4219.0
16444.0,4,654.67,2011-03-20 12:14:00,2011-10-24 13:50:00,218,163.67,6.697247706422019,654.6800000000001,Medium Value,45,0,0.005659517306385961,0.0023364229161019034,1.3223025928715477e-05,2223.0
16445.0,1,230.51,2011-11-06 12:32:00,2011-11-06 12:32:00,1,230.51,365.0,230.51,Low Value,33,0,0.0013864699816336769,0.0008226444161890538,1.1405717886046842e-06,3108.0
16446.0,2,168472.5,2011-05-18 09:52:00,2011-12-09 09:15:00,204,84236.25,3.5784313725490198,168472.5,High Value,0,0,1.2372835513193491e-22,0.6012448978630445,7.43910422440627e-23,4338.0
16447.0,1,259.01,2011-07-27 12:45:00,2011-07-27 12:45:00,1,259.01,365.0,259.01,Low Value,135,1,0.9884271603043805,0.0009243552567659833,0.0009136578415576274,940.0
16448.0,1,188.89000000000001,2011-05-25 16:28:00,2011-05-25 16:28:00,1,188.89,365.0,188.89,Low Value,197,1,0.9999862198026229,0.0006741109009324991,0.0006741016115512302,1119.0
16449.0,2,707.69,2011-03-04 12:15:00,2011-05-26 10:25:00,82,353.84,8.902439024390244,707.6800000000001,Medium Value,190,1,0.9999744249369444,0.0025255693915607553,0.002525504799964315,301.0
16450.0,1,311.92,2011-07-13 11:47:00,2011-07-13 11:47:00,1,311.92,365.0,311.92,Low Value,149,1,0.9973680350464599,0.0011131805400966973,0.0011102506879282,807.0
16451.0,1,266.97,2011-09-13 09:17:00,2011-09-13 09:17:00,1,266.97,365.0,266.97,Low Value,87,0,0.32037751545602033,0.0009527629160990487,0.000305243815878446,1527.0
16454.0,2,6.9,2011-10-06 16:57:00,2011-10-26 11:40:00,19,3.45,38.421052631578945,6.9,Low Value,44,0,0.006415007255022497,2.462472982388821e-05,1.5796782047321172e-07,4129.0
16455.0,7,1841.18,2010-12-03 16:44:00,2011-10-07 12:17:00,307,263.03,8.322475570032573,1841.21,High Value,63,0,0.03222537634278525,0.006570912869426263,0.00021175014013291224,1629.0
16456.0,5,2158.37,2010-12-01 14:11:00,2011-09-01 13:50:00,273,431.67,6.684981684981685,2158.35,High Value,98,1,0.5933044425060581,0.007702722552954944,0.0045700595100597735,131.0
16457.0,1,208.36,2011-05-05 13:19:00,2011-05-05 13:19:00,1,208.36,365.0,208.36,Low Value,217,1,0.9999984035900801,0.0007435954646529489,0.0007435942775697727,1046.0
16458.0,18,3482.7400000000002,2010-12-14 11:51:00,2011-12-07 09:34:00,357,193.49,18.403361344537817,3482.82,High Value,2,0,3.437727314240179e-05,0.012429492974671644,4.2729207501185123e-07,3676.0
16460.0,3,814.72,2011-09-19 10:15:00,2011-11-11 13:46:00,53,271.57,20.660377358490567,814.71,Medium Value,27,0,0.0008717084033441309,0.0029075382079449224,2.534525488909724e-06,2749.0
16461.0,1,151.42,2011-06-15 12:07:00,2011-06-15 12:07:00,1,151.42,365.0,151.42,Low Value,177,1,0.9998820863650111,0.0005403879115845148,0.0005403241924815558,1263.0
16462.0,3,136.0,2011-03-01 08:58:00,2011-09-27 10:24:00,210,45.33,5.214285714285714,135.99,Low Value,63,0,0.041777658486004475,0.00048532130561602287,2.0275587762008008e-05,2114.0
16463.0,4,1422.4,2011-05-19 14:45:00,2011-11-18 14:01:00,182,355.6,8.021978021978022,1422.4,High Value,20,0,0.00035474992389263716,0.005076263145144724,1.8008039643990897e-06,2892.0
16464.0,3,1314.68,2011-07-20 13:53:00,2011-11-20 12:11:00,122,438.23,8.975409836065573,1314.6899999999998,High Value,19,0,0.00032621394918504307,0.004691867543792404,1.5305526405136481e-06,2966.0
16466.0,7,1603.46,2011-02-20 11:39:00,2011-11-06 11:35:00,258,229.07,9.9031007751938,1603.49,High Value,33,0,0.0013570473772453687,0.005722537394971958,7.76575436303524e-06,2367.0
16468.0,1,74.9,2011-09-26 14:13:00,2011-09-26 14:13:00,1,74.9,365.0,74.9,Low Value,73,0,0.10201858424432267,0.0002673032266390184,2.7269896745651974e-05,2058.0
16469.0,4,650.43,2011-04-07 13:11:00,2011-11-16 12:25:00,222,162.61,6.576576576576577,650.44,Medium Value,23,0,0.0005246770994582351,0.0023212911980651954,1.2179283327987784e-06,3080.0
16470.0,4,762.39,2010-12-16 11:53:00,2011-10-19 12:11:00,307,190.6,4.755700325732899,762.4,Medium Value,51,0,0.010037593065881702,0.0027208542054684595,2.7310827306085276e-05,2057.0
16471.0,1,223.95000000000002,2011-03-10 09:41:00,2011-03-10 09:41:00,1,223.95,365.0,223.95,Low Value,274,1,0.9999999966358641,0.0007992330788492413,0.0007992330761605126,1012.0
16473.0,3,316.11,2011-01-07 10:55:00,2011-06-28 09:10:00,171,105.37,6.4035087719298245,316.11,Low Value,164,1,0.9995890086773525,0.0011281338180622177,0.0011276701648522088,788.0
16474.0,7,1871.5,2011-07-17 14:51:00,2011-12-02 13:02:00,137,267.36,18.64963503649635,1871.5199999999998,High Value,6,0,7.736837141305791e-05,0.006679083240580182,5.16749792855938e-07,3570.0
16475.0,4,544.3,2011-03-11 09:39:00,2011-09-12 14:37:00,185,136.07,7.891891891891892,544.28,Medium Value,87,0,0.35715269458194265,0.001942427238919692,0.0006937431224095309,1100.0
16477.0,7,2494.46,2010-12-03 12:48:00,2011-10-07 09:44:00,307,356.35,8.322475570032573,2494.4500000000003,High Value,63,0,0.03085365962992927,0.008902196711477964,0.0002746653472946168,1553.0
16478.0,3,331.0,2011-10-05 12:02:00,2011-11-14 15:51:00,40,110.33,27.375,330.99,Low Value,24,0,0.0006831878349490648,0.0011812375832476463,8.070071470594251e-07,3315.0
16479.0,2,300.83,2011-11-29 13:04:00,2011-11-29 13:40:00,1,150.42,730.0,300.84,Low Value,9,0,7.725862275972507e-05,0.0010736382203215258,8.294781024424335e-08,4246.0
16480.0,1,769.29,2011-09-25 11:40:00,2011-09-25 11:40:00,1,769.29,365.0,769.29,Medium Value,75,0,0.0917276098006206,0.00274544324727811,0.00025183294691607524,1585.0
16482.0,1,220.62,2011-11-24 12:33:00,2011-11-24 12:33:00,1,220.62,365.0,220.62,Low Value,15,0,0.0001987588656399727,0.0007873489701081473,1.5649258816149613e-07,4134.0
16483.0,1,139.35,2011-05-31 13:08:00,2011-05-31 13:08:00,1,139.35,365.0,139.35,Low Value,191,1,0.9999742397047048,0.0004973124783998293,0.0004972996674835316,1300.0
16484.0,2,404.3,2011-06-02 10:39:00,2011-06-19 12:06:00,17,202.15,42.94117647058823,404.2999999999999,Medium Value,173,1,0.9998526577072048,0.0014428664156228986,0.0014426538203770236,607.0
16485.0,1,363.65,2011-09-23 15:50:00,2011-09-23 15:50:00,1,363.65,365.0,363.65,Low Value,76,0,0.1203370773124805,0.0012977946377473837,0.00015617281365832954,1691.0
16488.0,3,498.8,2011-07-14 11:46:00,2011-11-06 13:42:00,115,166.27,9.521739130434781,498.81,Medium Value,32,0,0.0015234399474974237,0.0017801538381816925,2.711957469776855e-06,2718.0
16491.0,1,731.5,2011-10-24 10:18:00,2011-10-24 10:18:00,1,731.5,365.0,731.5,Medium Value,46,0,0.00443590795037037,0.0026105782414745254,1.1580284776420748e-05,2257.0
16493.0,4,1351.63,2011-01-14 08:16:00,2011-09-21 11:10:00,250,337.91,5.84,1351.64,High Value,72,0,0.08697399255180203,0.004823734756400038,0.0004195394707750055,1391.0
16494.0,1,826.53,2011-02-16 12:49:00,2011-02-16 12:49:00,1,826.53,365.0,826.5300000000001,Medium Value,296,1,0.9999999995844486,0.0029497214407736704,0.0029497214395479096,250.0
16495.0,3,684.41,2011-03-08 16:38:00,2011-12-06 13:20:00,272,228.14,4.025735294117648,684.4200000000001,Medium Value,2,0,5.196850479989798e-05,0.002442559070444286,1.2693614277641822e-07,4175.0
16496.0,3,1599.52,2011-01-27 09:42:00,2011-12-01 10:31:00,308,533.17,3.5551948051948052,1599.51,High Value,8,0,8.385496628914322e-05,0.005708333565305424,4.786721186858711e-07,3616.0
16497.0,6,2965.69,2011-01-10 13:20:00,2011-10-21 10:55:00,283,494.28,7.7385159010600715,2965.68,High Value,49,0,0.006772478299368154,0.010583923006392578,7.167938888297708e-05,1845.0
16498.0,2,100.97,2011-06-30 19:52:00,2011-07-01 15:07:00,1,50.48,730.0,100.95999999999998,Low Value,160,1,0.9990175792432685,0.00036030619174199323,0.000359952219460447,1477.0
16499.0,2,365.45,2010-12-10 10:27:00,2010-12-14 13:31:00,4,182.72,182.5,365.44,Low Value,359,1,0.9999999999997067,0.0013041827922958995,0.001304182792295517,667.0
16500.0,6,400.86,2011-01-13 10:28:00,2011-12-05 12:04:00,326,66.81,6.7177914110429455,400.86000000000007,Medium Value,4,0,6.240775179998532e-05,0.0014305897387251927,8.927988934196767e-08,4231.0
16503.0,4,1431.93,2010-12-14 13:50:00,2011-08-25 11:46:00,253,357.98,5.770750988142292,1431.92,High Value,106,1,0.7887581287687802,0.005110238134698842,0.00403074186868792,155.0
16504.0,1,484.38,2011-11-14 15:18:00,2011-11-14 15:18:00,1,484.38,365.0,484.38000000000005,Medium Value,24,0,0.0004636199245125067,0.0017286560336369525,8.014393798228532e-07,3322.0
16505.0,1,777.6,2011-11-08 12:14:00,2011-11-08 12:14:00,1,777.6,365.0,777.6,Medium Value,31,0,0.0008585479481415026,0.002775099987109489,2.3825563998203618e-06,2772.0
16506.0,2,90.30000000000001,2011-10-30 15:50:00,2011-11-20 12:17:00,20,45.15,36.5,90.3,Low Value,19,0,0.00042292288044340324,0.0003222627685647979,1.3629229834109015e-07,4161.0
16509.0,1,363.7,2011-02-16 09:25:00,2011-02-16 09:25:00,1,363.7,365.0,363.7,Low Value,296,1,0.999999999667432,0.0012979730778185713,0.001297973077386907,672.0
16510.0,1,248.1,2010-12-02 13:39:00,2010-12-02 13:39:00,1,248.1,365.0,248.1,Low Value,371,1,0.9999999999999063,0.00088541963323285,0.000885419633232767,961.0
16511.0,3,950.26,2011-03-18 11:24:00,2011-11-18 10:41:00,244,316.75,4.487704918032787,950.2499999999999,Medium Value,21,0,0.0003966178786416195,0.0033912535529202563,1.3450317900950872e-06,3020.0
16513.0,4,874.59,2011-10-27 14:56:00,2011-12-05 10:18:00,38,218.65,38.421052631578945,874.6,Medium Value,4,0,7.213323753547112e-05,0.0031212737252134244,2.2514757903404475e-07,3995.0
16515.0,5,1627.13,2011-02-01 13:09:00,2011-10-18 13:10:00,259,325.43,7.046332046332046,1627.15,High Value,51,0,0.009476735188095688,0.005806975236657928,5.5031166561636474e-05,1900.0
16516.0,1,101.69999999999999,2011-11-09 14:59:00,2011-11-09 14:59:00,1,101.7,365.0,101.7,Low Value,29,0,0.0009571604607432457,0.0003629471047955697,3.4739861805155457e-07,3804.0
16517.0,1,162.7,2011-03-07 13:50:00,2011-03-07 13:50:00,1,162.7,365.0,162.7,Low Value,276,1,0.9999999973694171,0.0005806439916444364,0.0005806439901170043,1212.0
16518.0,2,484.32,2011-02-28 16:36:00,2011-10-09 15:04:00,222,242.16,3.2882882882882885,484.32000000000005,Medium Value,60,0,0.0283391995618288,0.0017284419055515275,4.8982660092452384e-05,1932.0
16519.0,2,215.07999999999998,2010-12-09 14:08:00,2011-11-14 15:41:00,340,107.54,2.1470588235294117,215.07999999999998,Low Value,24,0,0.0005832864610724641,0.0007675778102205617,4.477177445213029e-07,3651.0
16520.0,3,1046.57,2010-12-09 13:08:00,2011-06-06 13:24:00,179,348.86,6.11731843575419,1046.5800000000002,Medium Value,185,1,0.9999521417225196,0.003735036194070279,0.003734857441671704,179.0
16523.0,21,9418.470000000001,2011-01-28 12:06:00,2011-12-08 09:06:00,313,448.5,24.488817891373802,9418.5,High Value,1,0,2.6032880127451863e-05,0.03361275620960741,8.750368531579729e-07,3274.0
16525.0,26,13027.45,2010-12-08 11:31:00,2011-12-07 15:07:00,364,501.06,26.07142857142857,13027.559999999998,High Value,1,0,2.1714479103400767e-05,0.04649277467601348,1.0095663841614151e-06,3175.0
16526.0,1,290.36,2011-06-21 12:02:00,2011-06-21 12:02:00,1,290.36,365.0,290.36,Low Value,171,1,0.9997586715520235,0.0010362371814006059,0.001035987107889883,877.0
16527.0,1,228.06,2011-09-19 16:21:00,2011-09-19 16:21:00,1,228.06,365.0,228.05999999999997,Low Value,80,0,0.18377012442687998,0.0008139008527008615,0.00014957066097198105,1703.0
16528.0,1,244.41,2011-12-06 12:45:00,2011-12-06 12:45:00,1,244.41,365.0,244.41,Low Value,3,0,5.36173248819059e-05,0.0008722507559792054,4.676775216182508e-08,4304.0
16529.0,1,455.25,2011-06-02 17:23:00,2011-06-02 17:23:00,1,455.25,365.0,455.25,Medium Value,189,1,0.9999627611519314,0.001624696848163059,0.0016246363463239728,535.0
16531.0,7,1244.59,2010-12-14 13:19:00,2011-11-17 16:29:00,338,177.8,7.559171597633137,1244.6000000000001,High Value,21,0,0.00036040076759559145,0.004441730252001634,1.6008029922739485e-06,2953.0
16532.0,3,6748.8,2011-01-05 12:37:00,2011-11-22 11:08:00,320,2249.6,3.421875,6748.8,High Value,17,0,9.645384788417425e-05,0.02408512704861692,2.3231031806183073e-06,2786.0
16533.0,3,1095.56,2011-10-02 15:07:00,2011-11-20 13:08:00,48,365.19,22.8125,1095.5700000000002,Medium Value,18,0,0.0003152530930375164,0.003909871775819885,1.232599170707306e-06,3072.0
16535.0,1,593.75,2011-12-04 15:18:00,2011-12-04 15:18:00,1,593.75,365.0,593.75,Medium Value,4,0,5.05003214165409e-05,0.0021189758453526992,1.0700896126419777e-07,4206.0
16536.0,1,548.97,2011-08-21 15:54:00,2011-08-21 15:54:00,1,548.97,365.0,548.97,Medium Value,106,1,0.7629371727132579,0.001959164917597089,0.0014947197431105258,578.0
16539.0,4,1388.81,2010-12-01 15:40:00,2011-12-07 08:41:00,370,347.2,3.945945945945946,1388.8,High Value,2,0,4.481596769657087e-05,0.004956351417306658,2.2212368501086845e-07,4001.0
16542.0,1,119.62,2011-10-17 10:47:00,2011-10-17 10:47:00,1,119.62,365.0,119.62,Low Value,53,0,0.012600021086765478,0.000426900026309204,5.378949333436708e-06,2472.0
16545.0,1,339.3,2011-06-28 10:37:00,2011-06-28 10:37:00,1,339.3,365.0,339.3,Low Value,164,1,0.999473037932387,0.0012108943230790246,0.001210256227702874,722.0
16546.0,2,787.15,2010-12-02 12:07:00,2011-02-22 11:20:00,81,393.58,9.012345679012345,787.1599999999999,Medium Value,290,1,0.9999999994812623,0.0028092177287205567,0.0028092177272633096,263.0
16549.0,10,4154.64,2011-01-09 14:03:00,2011-11-29 15:06:00,324,415.46,11.265432098765432,4154.6,High Value,9,0,8.215902378063825e-05,0.014826942395119705,1.2181671128347933e-06,3079.0
16550.0,5,2298.97,2010-12-06 13:53:00,2011-08-23 11:12:00,259,459.79,7.046332046332046,2298.95,High Value,108,1,0.8108871758781896,0.008204496033134463,0.006652920617812213,61.0
16551.0,3,922.12,2011-01-07 10:24:00,2011-09-05 09:38:00,240,307.37,4.5625,922.11,Medium Value,95,1,0.5461225620707351,0.0032908274808558778,0.0017971951351777949,478.0
16552.0,2,379.73,2010-12-01 12:36:00,2011-04-11 10:04:00,130,189.86,5.615384615384616,379.72,Low Value,242,1,0.9999999124829043,0.001355145276627077,0.0013551451580286983,644.0
16553.0,12,5719.82,2010-12-14 13:58:00,2011-06-29 15:42:00,197,476.65,22.23350253807107,5719.8,High Value,162,1,0.9992191974105056,0.020412830383576202,0.020396891992753796,7.0
16554.0,3,837.1,2011-01-12 12:41:00,2011-10-28 14:51:00,289,279.03,3.788927335640138,837.0899999999998,Medium Value,2,0,5.013644452824958e-05,0.0029874079838084896,1.4977801466346426e-07,4146.0
16555.0,2,285.89,2011-08-22 12:32:00,2011-11-04 14:31:00,74,142.94,9.864864864864865,285.88,Low Value,34,0,0.002013490445833216,0.0010202489510221973,2.054261515254555e-06,2840.0
16556.0,7,3313.79,2010-12-14 13:32:00,2011-10-04 11:36:00,293,473.4,8.720136518771332,3313.8,High Value,66,0,0.04032778696344209,0.011826294158029094,0.00047692827137199703,1331.0
16557.0,2,281.85,2011-07-25 13:28:00,2011-11-15 14:04:00,113,140.93,6.460176991150442,281.85999999999996,Low Value,23,0,0.0005991921176982182,0.0010059023692987144,6.027287708577518e-07,3472.0
16558.0,20,8338.49,2010-12-08 12:01:00,2011-12-09 10:20:00,365,416.92,20.0,8338.4,High Value,0,0,2.3537617921651803e-05,0.029758093791812962,7.00434641748372e-07,3394.0
16560.0,2,841.41,2010-12-16 14:36:00,2011-11-13 10:35:00,331,420.7,2.205438066465257,841.4,Medium Value,20,0,0.00032744756722845303,0.0030027895179448607,9.83256122550144e-07,3191.0
16561.0,2,511.12,2011-10-11 09:53:00,2011-12-04 11:50:00,54,255.56,13.518518518518517,511.11999999999995,Medium Value,5,0,8.36710677307471e-05,0.0018240857837080783,1.5262320515533153e-07,4140.0
16563.0,1,1077.74,2011-10-17 11:51:00,2011-10-17 11:51:00,1,1077.74,365.0,1077.74,Medium Value,53,0,0.007982229459893556,0.0038462400464343884,3.070157060847093e-05,2025.0
16565.0,1,173.7,2010-12-10 15:21:00,2010-12-10 15:21:00,1,173.7,365.0,173.7,Low Value,363,1,0.9999999999997848,0.0006199008073057075,0.0006199008073055741,1174.0
16566.0,5,614.66,2011-02-20 10:29:00,2011-11-24 16:34:00,277,122.93,6.588447653429602,614.6499999999999,Medium Value,14,0,0.00018990194693156508,0.002193563795109114,4.165620354098135e-07,3695.0
16567.0,2,865.6,2011-01-07 09:31:00,2011-05-29 13:57:00,142,432.8,5.140845070422535,865.6,Medium Value,193,1,0.9999800609814806,0.003089154512399657,0.003089092917690625,233.0
16569.0,1,124.2,2011-12-06 15:32:00,2011-12-06 15:32:00,1,124.2,365.0,124.2,Low Value,2,0,5.09828576918694e-05,0.0004432451368299878,2.2597903733616447e-08,4333.0
16570.0,10,3738.4,2011-02-01 10:37:00,2011-11-24 17:02:00,296,373.84,12.331081081081082,3738.4,High Value,8,0,7.660474558585442e-05,0.013341607242554157,1.022030428522254e-06,3171.0
16571.0,3,1421.69,2011-03-03 09:41:00,2011-11-13 11:46:00,255,473.9,4.294117647058823,1421.6999999999998,High Value,2,0,4.669931631903075e-05,0.005073764984148096,2.3694135592315397e-07,3970.0
16572.0,3,1009.6,2011-03-09 12:04:00,2011-08-04 16:34:00,148,336.53,7.398648648648649,1009.5900000000001,Medium Value,126,1,0.9730615955252285,0.003603026229405696,0.0035059664515047547,198.0
16573.0,2,663.61,2011-02-22 15:14:00,2011-09-16 09:13:00,205,331.8,3.5609756097560976,663.6,Medium Value,73,0,0.10345804803911744,0.0023682566248017707,0.0002450152076576997,1592.0
16574.0,1,451.44,2011-09-29 13:39:00,2011-09-29 13:39:00,1,451.44,365.0,451.44,Medium Value,70,0,0.06410666466374544,0.0016110997147385643,0.00010328222915260107,1780.0
16581.0,1,105.84,2011-06-10 10:05:00,2011-06-10 10:05:00,1,105.84,365.0,105.83999999999999,Low Value,154,1,0.9986110132355648,0.0003777219426899026,0.00037719729191086957,1451.0
16582.0,1,313.62,2011-08-18 17:02:00,2011-08-18 17:02:00,1,313.62,365.0,313.62,Low Value,112,1,0.8734245092645365,0.0011192475025170753,0.0009775782006315346,906.0
16583.0,1,233.45,2010-12-01 12:03:00,2010-12-01 12:03:00,1,233.45,365.0,233.45,Low Value,373,1,0.999999999999925,0.0008331366923748844,0.0008331366923748218,990.0
16584.0,2,936.08,2011-03-30 13:14:00,2011-09-20 13:45:00,174,468.04,4.195402298850575,936.08,Medium Value,79,0,0.17438268792843925,0.0033406836367456923,0.0005825573920942676,1207.0
16586.0,1,463.95,2011-04-05 09:32:00,2011-04-05 09:32:00,1,463.95,365.0,463.95,Medium Value,248,1,0.9999999370084933,0.0016557454205497007,0.001655745316251802,521.0
16587.0,1,225.15,2011-04-21 15:51:00,2011-04-21 15:51:00,1,225.15,365.0,225.15,Low Value,231,1,0.9999996463902143,0.0008035156405577435,0.0008035153564267501,1010.0
16589.0,3,459.24,2011-07-01 13:31:00,2011-09-29 14:50:00,90,153.08,12.166666666666666,459.24,Medium Value,70,0,0.08699901118595743,0.0016389363658438293,0.00014258584322511972,1716.0
16591.0,1,213.5,2011-10-02 10:43:00,2011-10-02 10:43:00,1,213.5,365.0,213.5,Low Value,68,0,0.05825428415111171,0.0007619391039710337,4.4386217068572045e-05,1954.0
16592.0,16,4113.68,2011-02-25 10:19:00,2011-12-05 13:49:00,283,257.1,20.636042402826856,4113.6,High Value,3,0,4.09198678195092e-05,0.014680621536745877,6.007290927918813e-07,3473.0
16593.0,3,330.03,2011-01-16 12:11:00,2011-10-20 12:41:00,277,110.01,3.9530685920577615,330.03,Low Value,50,0,0.009798744984401562,0.0011778115338808442,1.1541074860185232e-05,2258.0
16594.0,1,181.09,2011-09-25 14:08:00,2011-09-25 14:08:00,1,181.09,365.0,181.09,Low Value,74,0,0.10737290107515408,0.0006462742498272342,6.939234109411903e-05,1851.0
16595.0,1,360.16,2011-10-09 13:15:00,2011-10-09 13:15:00,1,360.16,365.0,360.1600000000001,Low Value,60,0,0.02367330965376414,0.00128533952077849,3.042824048561e-05,2028.0
16596.0,2,250.15,2010-12-08 16:18:00,2011-11-24 10:02:00,350,125.08,2.085714285714286,250.16000000000003,Low Value,15,0,0.0002169456002893689,0.000892771364165779,1.936828195201037e-07,4045.0
16597.0,1,90.04,2011-12-05 15:44:00,2011-12-05 15:44:00,1,90.04,365.0,90.04000000000002,Low Value,3,0,5.7752517052238304e-05,0.0003213348801946225,1.8557898147918886e-08,4334.0
16598.0,1,145.04999999999998,2011-02-27 11:42:00,2011-02-27 11:42:00,1,145.05,365.0,145.05,Low Value,276,1,0.9999999973916693,0.0005176546465152153,0.0005176546451650007,1280.0
16600.0,6,813.52,2011-01-05 12:13:00,2011-12-05 16:00:00,334,135.59,6.55688622754491,813.54,Medium Value,3,0,5.389451252644584e-05,0.0029033627102791324,1.5647531795795444e-07,4135.0
16601.0,1,244.79999999999998,2011-10-30 11:09:00,2011-10-30 11:09:00,1,244.8,365.0,244.8,Low Value,40,0,0.0029330230904249734,0.0008736425885344688,2.562413884950241e-06,2744.0
16602.0,1,528.08,2011-11-03 15:54:00,2011-11-03 15:54:00,1,528.08,365.0,528.08,Medium Value,30,0,0.0008687750506282929,0.001884612655854911,1.637304455505072e-06,2936.0
16603.0,2,482.47,2011-09-09 13:02:00,2011-09-26 10:06:00,16,241.24,45.625,482.48,Medium Value,74,0,0.1285520736549465,0.0017218753109318238,0.00022135064179554172,1614.0
16607.0,14,3347.71,2010-12-16 08:41:00,2011-11-22 10:24:00,341,239.12,14.985337243401759,3347.68,High Value,17,0,0.00019031411949940936,0.01194720515026581,2.273721828651646e-06,2793.0
16609.0,7,5493.46,2011-04-01 10:11:00,2011-11-24 13:32:00,237,784.78,10.780590717299578,5493.46,High Value,14,0,0.00013480097578830283,0.019605067869324193,2.6427822791808044e-06,2731.0
16610.0,1,75.66,2011-05-04 13:13:00,2011-05-04 13:13:00,1,75.66,365.0,75.66,Low Value,218,1,0.9999986560061609,0.0002700155157210698,0.00027001515282188023,1565.0
16611.0,1,129.49,2011-06-06 15:46:00,2011-06-06 15:46:00,1,129.49,365.0,129.49,Low Value,185,1,0.9999509165004191,0.0004621240963616354,0.00046210141369374536,1346.0
16612.0,4,1187.66,2011-02-01 10:38:00,2011-11-07 07:38:00,278,296.92,5.251798561151079,1187.68,Medium Value,32,0,0.0012545151451376945,0.004238594074961674,5.317380461130316e-06,2478.0
16613.0,1,618.59,2011-09-30 15:52:00,2011-09-30 15:52:00,1,618.59,365.0,618.59,Medium Value,69,0,0.05367463063016596,0.002207624872718697,0.0001184934496131432,1752.0
16614.0,1,506.19,2011-06-10 11:36:00,2011-06-10 11:36:00,1,506.19,365.0,506.19,Medium Value,182,1,0.9999185876972225,0.0018064915926889816,0.0018063445220484727,477.0
16616.0,2,500.42,2011-07-05 13:38:00,2011-11-24 16:31:00,142,250.21,5.140845070422535,500.4200000000001,Medium Value,14,0,0.00021071574194727704,0.0017858996084739334,3.7631716104293647e-07,3755.0
16617.0,1,151.85,2011-04-18 10:35:00,2011-04-18 10:35:00,1,151.85,365.0,151.85,Low Value,235,1,0.9999997786062259,0.0005419224961967281,0.0005419223762184615,1261.0
16618.0,5,2647.59,2011-01-21 11:55:00,2011-11-08 13:52:00,291,529.52,6.271477663230241,2647.6000000000004,High Value,30,0,0.0008736962095588449,0.00944875864952557,8.25534461712684e-06,2345.0
16619.0,1,226.21,2011-03-21 08:18:00,2011-03-21 08:18:00,1,226.21,365.0,226.21000000000004,Low Value,253,1,0.999999967300486,0.0008072985700669207,0.0008072985436686498,1005.0
16620.0,2,178.96,2011-03-24 10:37:00,2011-12-06 12:19:00,257,89.48,2.840466926070039,178.96,Low Value,3,0,6.412439396680082e-05,0.0006386727027946426,4.0954500009845154e-08,4310.0
16621.0,4,813.48,2011-03-07 11:32:00,2011-10-19 11:38:00,226,203.37,6.460176991150442,813.48,Medium Value,51,0,0.010522617342455968,0.0029031485821937077,3.0548721618717966e-05,2027.0
16623.0,1,129.45,2011-04-08 10:09:00,2011-04-08 10:09:00,1,129.45,365.0,129.45,Low Value,245,1,0.9999999258023393,0.0004619813443046853,0.00046198131002675024,1347.0
16624.0,2,810.5699999999999,2011-05-26 14:20:00,2011-09-20 12:39:00,116,405.28,6.293103448275862,810.56,Medium Value,80,0,0.20123048143610608,0.0028927276820363518,0.0005821049841197263,1210.0
16625.0,1,333.08,2011-03-10 12:50:00,2011-03-10 12:50:00,1,333.08,365.0,333.08,Low Value,274,1,0.999999996454441,0.0011886963782232877,0.0011886963740086946,737.0
16626.0,17,4413.1,2011-03-18 12:27:00,2011-12-09 11:56:00,265,259.59,23.41509433962264,4413.029999999999,High Value,0,0,2.912678529388647e-05,0.015749227747059908,4.5872437513313326e-07,3639.0
16627.0,1,322.8,2011-09-21 14:38:00,2011-09-21 14:38:00,1,322.8,365.0,322.8,Low Value,78,0,0.14765726386516814,0.0011520090995871181,0.00017010251159280986,1667.0
16628.0,5,2188.05,2011-04-19 08:55:00,2011-11-10 12:45:00,205,437.61,8.902439024390244,2188.05,High Value,29,0,0.0008671347247891732,0.007808715955240377,6.77120876080419e-06,2409.0
16629.0,2,417.73,2011-09-04 16:12:00,2011-09-27 10:34:00,22,208.86,33.18181818181818,417.71999999999997,Medium Value,73,0,0.11918590628099601,0.0014907597307296497,0.00017767754955422689,1663.0
16633.0,6,2883.1,2011-04-19 14:36:00,2011-11-22 13:41:00,216,480.52,10.138888888888888,2883.1199999999994,High Value,16,0,0.0002014450564627031,0.010289282760847618,2.072725146719666e-06,2833.0
16634.0,2,217.9,2010-12-02 17:41:00,2011-05-01 12:09:00,149,108.95,4.899328859060403,217.90000000000003,Low Value,222,1,0.9999992574346245,0.0007776418302355423,0.0007776412527856447,1026.0
16637.0,4,1154.47,2011-04-28 10:20:00,2011-11-07 13:17:00,193,288.62,7.564766839378239,1154.4799999999998,Medium Value,31,0,0.0011955488940296635,0.0041201098676931095,4.9257927956012e-06,2508.0
16638.0,10,1680.72,2010-12-06 10:19:00,2011-11-17 11:09:00,346,168.07,10.549132947976878,1680.7,High Value,22,0,0.00037248119667380964,0.005998084552899843,2.234173712014826e-06,2802.0
16639.0,3,1257.51,2011-04-18 09:31:00,2011-11-08 13:20:00,204,419.17,5.367647058823529,1257.51,High Value,24,0,0.0005363655172053821,0.00448780347838227,2.4071030337986188e-06,2768.0
16641.0,1,231.10000000000002,2011-08-26 12:49:00,2011-08-26 12:49:00,1,231.1,365.0,231.1,Low Value,105,1,0.7709352229586075,0.0008247500090290674,0.0006358288320959376,1156.0
16642.0,2,688.33,2011-05-16 12:35:00,2011-12-05 11:31:00,202,344.16,3.613861386138614,688.32,Medium Value,4,0,6.558569823513799e-05,0.002456477395996918,1.6110978521529143e-07,4119.0
16643.0,1,487.51,2011-04-08 08:24:00,2011-04-08 08:24:00,1,487.51,365.0,487.51,Medium Value,245,1,0.99999991184751,0.001739826382093296,0.0017398262287232683,495.0
16644.0,2,833.78,2011-05-11 12:53:00,2011-06-15 12:39:00,34,416.89,21.470588235294116,833.7799999999999,Medium Value,177,1,0.9998946997427876,0.002975595251095871,0.00297528192015057,248.0
16647.0,2,214.06,2011-05-19 09:31:00,2011-06-23 11:47:00,35,107.03,20.857142857142858,214.06000000000003,Low Value,169,1,0.9997843447615385,0.0007639376327683349,0.0007637728856159706,1037.0
16648.0,1,290.65999999999997,2011-10-28 08:58:00,2011-10-28 08:58:00,1,290.66,365.0,290.66,Low Value,38,0,0.0023119652686405924,0.0010373078218277316,2.3982196569549393e-06,2770.0
16650.0,1,518.42,2011-09-29 09:51:00,2011-09-29 09:51:00,1,518.42,365.0,518.42,Medium Value,71,0,0.06882065552033277,0.0018501380341014674,0.00012732771230996277,1737.0
16652.0,7,6773.97,2011-03-11 13:13:00,2011-10-12 09:38:00,214,967.71,11.939252336448597,6773.969999999999,High Value,53,0,0.008464046965318637,0.024174953780452754,0.00020461794418215944,1636.0
16653.0,2,1212.66,2011-09-29 13:38:00,2011-11-23 14:51:00,55,606.33,13.272727272727272,1212.6599999999999,High Value,15,0,0.00020849067545041276,0.004327742734526996,9.022940058971499e-07,3254.0
16654.0,4,601.27,2010-12-06 15:09:00,2011-07-21 15:23:00,227,150.32,6.431718061674009,601.2800000000001,Medium Value,140,1,0.9940289585787131,0.0021458489200735513,0.002133035967287968,385.0
16655.0,6,3794.52,2011-01-12 10:16:00,2011-11-22 11:25:00,314,632.42,6.974522292993631,3794.52,High Value,17,0,0.00019567493501310225,0.013541888378455115,2.649808128408889e-06,2727.0
16656.0,15,8625.8,2010-12-10 11:23:00,2011-11-17 14:43:00,342,575.05,16.00877192982456,8625.749999999998,High Value,21,0,0.0002433198419660546,0.03078358888092807,7.490257981655414e-06,2374.0
16657.0,4,933.62,2011-03-30 12:02:00,2011-11-30 11:48:00,244,233.4,5.983606557377049,933.6,Medium Value,9,0,0.00010986089620208521,0.0033318330092147875,3.6603816038802697e-07,3770.0
16658.0,1,123.24,2010-12-06 13:47:00,2010-12-06 13:47:00,1,123.24,365.0,123.24,Low Value,367,1,0.9999999999998639,0.00043981908746318593,0.0004398190874631261,1367.0
16659.0,1,39.12,2011-06-03 15:03:00,2011-06-03 15:03:00,1,39.12,365.0,39.12,Low Value,188,1,0.9999660355675482,0.00013961151169717488,0.00013960676987141634,1721.0
16660.0,4,1267.6499999999999,2011-01-24 12:44:00,2011-11-23 14:53:00,303,316.91,4.818481848184819,1267.64,High Value,15,0,0.00019424572693371852,0.0045239554368048775,8.787590124379115e-07,3270.0
16665.0,1,135.39999999999998,2010-12-12 14:03:00,2010-12-12 14:03:00,1,135.4,365.0,135.4,Low Value,361,1,0.9999999999997378,0.0004832157127760092,0.00048321571277588253,1321.0
16666.0,1,118.98,2011-11-20 14:01:00,2011-11-20 14:01:00,1,118.98,365.0,118.98000000000002,Low Value,18,0,0.00028877584936047313,0.00042461599339800284,1.2261884414554933e-07,4183.0
16667.0,2,570.13,2011-02-28 12:57:00,2011-10-02 15:26:00,216,285.06,3.3796296296296293,570.12,Medium Value,67,0,0.05766600553488579,0.0020346450677094416,0.00011732985373606073,1755.0
16668.0,6,306.71999999999997,2011-02-28 12:46:00,2011-11-24 17:43:00,269,51.12,8.141263940520446,306.71999999999997,Low Value,14,0,0.00019271841044940115,0.0010946227726931872,2.109539607951472e-07,4021.0
16669.0,3,1374.8700000000001,2011-09-22 14:13:00,2011-11-16 12:26:00,54,458.29,20.277777777777775,1374.87,High Value,23,0,0.0005167749362091616,0.004906638013473795,2.5356275464143678e-06,2748.0
16670.0,11,4095.9,2010-12-16 10:30:00,2011-11-23 09:34:00,341,372.35,11.774193548387096,4095.85,High Value,16,0,0.00017260379656670088,0.01461727531147428,2.522997214221166e-06,2750.0
16671.0,3,1692.27,2011-06-28 11:20:00,2011-11-11 13:40:00,136,564.09,8.051470588235295,1692.2700000000004,High Value,27,0,0.0007232435594878062,0.006039375585372654,4.367939495448671e-06,2552.0
16672.0,20,8134.9400000000005,2011-03-18 10:15:00,2011-12-07 16:29:00,264,406.75,27.651515151515152,8135.0,High Value,1,0,2.8056652601408433e-05,0.029032199582221824,8.145463379331527e-07,3313.0
16674.0,2,319.61,2011-09-02 13:59:00,2011-10-16 11:31:00,43,159.8,16.97674418604651,319.59999999999997,Low Value,54,0,0.017396598231022794,0.0011405889350311117,1.984236744948641e-05,2121.0
16676.0,4,1592.1200000000001,2011-01-06 13:00:00,2011-11-06 12:01:00,303,398.03,4.818481848184819,1592.12,High Value,33,0,0.001309416945973806,0.005681960122783897,7.4400548711206425e-06,2377.0
16678.0,12,3109.99,2011-03-02 09:24:00,2011-12-07 12:17:00,280,259.17,15.642857142857142,3110.0400000000004,High Value,2,0,4.063303344601348e-05,0.011099115179925406,4.5099071832706494e-07,3646.0
16679.0,1,129.75,2010-12-08 13:51:00,2010-12-08 13:51:00,1,129.75,365.0,129.75,Low Value,365,1,0.9999999999998304,0.00046305198473181093,0.0004630519847317324,1345.0
16680.0,1,183.7,2011-10-27 17:35:00,2011-10-27 17:35:00,1,183.7,365.0,183.7,Low Value,42,0,0.003747578388141229,0.0006555888215432267,2.4568704991223734e-06,2757.0
16681.0,6,1770.34,2011-03-31 13:46:00,2011-09-28 11:11:00,180,295.06,12.166666666666666,1770.3600000000001,High Value,72,0,0.08817968257987978,0.0063180632885534395,0.0005571248153042336,1237.0
16682.0,5,1028.0,2011-06-05 11:02:00,2011-12-05 12:13:00,183,205.6,9.972677595628415,1028.0,Medium Value,4,0,6.573960627414025e-05,0.003668727863616968,2.411807252811472e-07,3964.0
16684.0,28,66653.56,2010-12-16 17:34:00,2011-12-05 14:06:00,353,2380.48,28.951841359773372,66653.44,High Value,3,0,1.045424374099239e-05,0.23787289156996283,2.4867811878470453e-06,2753.0
16685.0,2,324.24,2011-10-09 13:44:00,2011-10-09 13:58:00,1,162.12,730.0,324.24,Low Value,60,0,0.018825888026574308,0.0011571481736373209,2.1784341947051166e-05,2099.0
16686.0,7,3062.83,2010-12-19 14:41:00,2011-10-23 13:49:00,307,437.55,8.322475570032573,3062.85,High Value,46,0,0.004838155742173904,0.010930703440738552,5.288444561780927e-05,1915.0
16688.0,4,1260.86,2011-10-10 12:23:00,2011-12-08 15:24:00,59,315.21,24.74576271186441,1260.84,High Value,0,0,4.4532242922599984e-05,0.004499687587123363,2.003811807055854e-07,4037.0
16689.0,2,422.59999999999997,2011-09-18 13:29:00,2011-09-25 11:39:00,6,211.3,121.66666666666666,422.6,Medium Value,75,0,0.1361113462233905,0.0015081754816775592,0.00020527979515224298,1635.0
16690.0,2,225.57999999999998,2011-05-22 10:53:00,2011-09-28 15:02:00,129,112.79,5.658914728682171,225.58000000000004,Low Value,43,0,0.005214052707283653,0.000805050225169957,4.197574306046728e-06,2567.0
16692.0,2,1276.0,2011-02-23 15:41:00,2011-03-28 14:46:00,32,638.0,22.8125,1276.0,High Value,255,1,0.9999999747731723,0.004553790616707443,0.004553790501829752,132.0
16693.0,2,482.01,2011-03-13 11:06:00,2011-10-02 11:10:00,203,241.0,3.5960591133004924,482.0,Medium Value,68,0,0.06564737804114136,0.0017201622862484229,0.00011292414389746423,1765.0
16696.0,4,657.9000000000001,2011-04-05 15:20:00,2011-07-27 14:23:00,112,164.48,13.035714285714285,657.9199999999998,Medium Value,134,1,0.9893500285787814,0.0023479858327148592,0.0023229798506990197,330.0
16697.0,1,112.75,2011-04-12 17:12:00,2011-04-12 17:12:00,1,112.75,365.0,112.75,Low Value,240,1,0.9999998735421041,0.00040238236052802834,0.0004023823096436017,1414.0
16698.0,2,1998.0,2011-03-31 13:33:00,2011-04-27 10:52:00,26,999.0,28.07692307692308,1998.0,High Value,226,1,0.9999993070106701,0.0071304652446563255,0.007130460303319993,55.0
16700.0,13,5076.55,2010-12-08 16:34:00,2011-12-01 11:00:00,357,390.5,13.291316526610645,5076.500000000001,High Value,8,0,6.77789036117188e-05,0.018117020427676597,1.2279517812990325e-06,3076.0
16701.0,13,5398.3,2010-12-13 11:51:00,2011-12-01 11:10:00,352,415.25,13.480113636363637,5398.25,High Value,8,0,6.719453824529563e-05,0.01926528228576877,1.2945217473575062e-06,3043.0
16705.0,20,14034.99,2010-12-16 10:51:00,2011-12-09 12:08:00,358,701.75,20.391061452513966,14035.0,High Value,0,0,2.0613801186524267e-05,0.05008812798235812,1.0325067120335131e-06,3165.0
16706.0,3,531.35,2011-08-17 15:53:00,2011-11-02 13:50:00,76,177.12,14.407894736842104,531.3599999999999,Medium Value,36,0,0.0023877919302845007,0.0018963183245248169,4.528013592550983e-06,2537.0
16708.0,1,656.63,2011-10-25 12:20:00,2011-10-25 12:20:00,1,656.63,365.0,656.63,Medium Value,45,0,0.004128167716566587,0.0023433820788782197,9.673874245605761e-06,2305.0
16709.0,5,3029.87,2011-03-03 10:55:00,2011-09-16 10:56:00,197,605.97,9.263959390862944,3029.85,High Value,84,0,0.23649985513528915,0.010812932993754737,0.0025572570866105836,296.0
16710.0,10,2483.04,2010-12-06 13:13:00,2011-11-20 14:50:00,349,248.3,10.458452722063038,2483.0000000000005,High Value,18,0,0.00023200754684861826,0.008861333935176005,2.055896348106598e-06,2839.0
16711.0,5,1651.03,2010-12-17 12:43:00,2011-12-06 16:32:00,354,330.21,5.155367231638418,1651.05,High Value,2,0,4.455164438803332e-05,0.005892269590685598,2.625102994426474e-07,3931.0
16712.0,11,3645.43,2011-03-08 15:07:00,2011-11-30 13:48:00,266,331.4,15.093984962406013,3645.399999999999,High Value,8,0,7.77300043304625e-05,0.013009708710145226,1.011244714377644e-06,3173.0
16713.0,15,6923.13,2010-12-08 13:01:00,2011-11-21 12:36:00,347,461.54,15.778097982708934,6923.1,High Value,18,0,0.00018514168017311973,0.02470716913677688,4.57432680630432e-06,2530.0
16714.0,3,1161.53,2011-01-26 13:40:00,2011-05-05 11:09:00,98,387.18,11.173469387755102,1161.5400000000002,Medium Value,218,1,0.999998698267417,0.004145305605744799,0.004145300209665426,145.0
16715.0,1,301.71999999999997,2011-09-22 18:15:00,2011-09-22 18:15:00,1,301.72,365.0,301.72,Low Value,77,0,0.13573300816681785,0.0010767787655744277,0.00014615442098156985,1708.0
16716.0,2,901.2,2011-02-01 15:35:00,2011-03-18 10:03:00,44,450.6,16.59090909090909,901.2,Medium Value,266,1,0.9999999929711747,0.0032162038430852257,0.003216203820479091,220.0
16717.0,6,3858.38,2010-12-08 16:48:00,2011-11-16 12:16:00,342,643.06,6.4035087719298245,3858.3599999999997,High Value,8,0,7.214292738750281e-05,0.013769720661347436,9.933879578177852e-07,3181.0
16718.0,1,623.75,2010-12-05 13:03:00,2010-12-05 13:03:00,1,623.75,365.0,623.75,Medium Value,368,1,0.9999999999998446,0.0022260398880652567,0.0022260398880649106,354.0
16719.0,7,1790.42,2010-12-06 12:06:00,2011-11-25 09:27:00,353,255.77,7.237960339943343,1790.3900000000003,High Value,14,0,0.00016113220490084995,0.006389546381071191,1.0295616966982474e-06,3166.0
16720.0,1,155.24,2011-11-13 16:22:00,2011-11-13 16:22:00,1,155.24,365.0,155.24,Low Value,25,0,0.0006052142869731038,0.0005540207330232473,3.3530126290498087e-07,3822.0
16721.0,1,292.47,2011-03-22 16:08:00,2011-03-22 16:08:00,1,292.47,365.0,292.47,Low Value,261,1,0.9999999857990618,0.0010437673524047225,0.0010437673375822468,871.0
16722.0,13,4730.81,2010-12-06 12:59:00,2011-11-22 13:28:00,351,363.91,13.518518518518517,4730.83,High Value,16,0,0.00016382500565420436,0.01688339283952827,2.7659219273978722e-06,2712.0
16723.0,2,589.15,2011-08-24 11:31:00,2011-09-09 13:01:00,16,294.58,45.625,589.16,Medium Value,90,0,0.448283613943258,0.002102595046817678,0.0009425589062466224,928.0
16725.0,7,781.02,2010-12-03 16:02:00,2011-02-10 16:52:00,69,111.57,37.02898550724638,780.9900000000001,Medium Value,301,1,0.9999999998423741,0.002787198223936008,0.0027871982234966733,265.0
16726.0,5,1382.02,2010-12-13 13:28:00,2011-11-13 14:53:00,335,276.4,5.447761194029851,1382.0,High Value,25,0,0.0005579879359483643,0.004932083567625146,2.752043129824e-06,2715.0
16727.0,1,272.82,2010-12-10 13:48:00,2010-12-10 13:48:00,1,272.82,365.0,272.82,Low Value,363,1,0.9999999999997744,0.0009736404044279973,0.0009736404044277776,907.0
16728.0,4,1054.67,2011-03-20 13:28:00,2011-10-24 14:36:00,218,263.67,6.697247706422019,1054.68,Medium Value,45,0,0.005395008808117302,0.0037639434856026692,2.030650825808214e-05,2113.0
16729.0,21,7239.92,2011-04-12 14:22:00,2011-11-01 14:29:00,203,344.76,37.758620689655174,7239.96,High Value,35,0,0.0011555722132885744,0.02583797955590691,2.9857651222324285e-05,2031.0
16730.0,3,743.11,2011-01-24 14:01:00,2011-10-18 14:11:00,267,247.7,4.101123595505618,743.0999999999998,Medium Value,51,0,0.010282416893322934,0.002651976337990047,2.726872629844155e-05,2059.0
16732.0,1,603.75,2011-11-08 09:54:00,2011-11-08 09:54:00,1,603.75,365.0,603.75,Medium Value,31,0,0.000933407831507768,0.0021546638595902183,2.0111801208082636e-06,2851.0
16734.0,3,650.51,2011-08-17 15:00:00,2011-10-18 13:44:00,61,216.84,17.950819672131146,650.52,Medium Value,51,0,0.011853572792278989,0.0023215767021790954,2.7518978432138905e-05,2051.0
16735.0,5,2300.56,2011-01-09 12:53:00,2011-09-22 11:49:00,255,460.11,7.1568627450980395,2300.55,High Value,78,0,0.1431928512708643,0.008210206115412467,0.001175642823187398,750.0
16737.0,1,417.59999999999997,2011-10-17 13:03:00,2011-10-17 13:03:00,1,417.6,365.0,417.6,Medium Value,52,0,0.009824154325441788,0.0014903314745587995,1.4641246402128869e-05,2192.0
16738.0,1,3.75,2011-02-15 09:46:00,2011-02-15 09:46:00,1,3.75,365.0,3.75,Low Value,297,1,0.9999999997490243,1.338300533906968e-05,1.338300533571087e-05,2217.0
16739.0,1,323.0,2011-06-16 09:17:00,2011-06-16 09:17:00,1,323.0,365.0,323.0,Low Value,171,1,0.9997548513437295,0.0011527228598718685,0.0011524402714117186,768.0
16742.0,1,464.9,2011-10-24 12:02:00,2011-10-24 12:02:00,1,464.9,365.0,464.9,Medium Value,46,0,0.005040174477485267,0.0016591357819022649,8.362333822626358e-06,2339.0
16743.0,7,2238.09,2010-12-16 12:15:00,2011-11-10 13:13:00,329,319.73,7.76595744680851,2238.11,High Value,28,0,0.0007221333895117326,0.007987370154513397,5.767946682963611e-06,2460.0
16744.0,7,1304.76,2011-06-19 15:13:00,2011-11-28 13:06:00,161,186.39,15.869565217391305,1304.7299999999998,High Value,10,0,0.00012229437328368007,0.004656322281611835,5.694420152365545e-07,3503.0
16745.0,17,7194.3,2011-02-01 11:31:00,2011-09-14 11:58:00,225,423.19,27.57777777777778,7194.2300000000005,High Value,86,0,0.2332819958790445,0.025674778266798738,0.005989463517830724,78.0
16746.0,18,6697.66,2010-12-16 11:43:00,2011-12-05 12:33:00,354,372.09,18.559322033898308,6697.620000000001,High Value,4,0,3.9245301377075796e-05,0.0239024757917493,9.380598661054597e-07,3224.0
16747.0,2,836.06,2011-10-03 10:18:00,2011-11-02 11:37:00,30,418.03,24.333333333333332,836.06,Medium Value,24,0,0.0006091765191431076,0.0029837321183420256,1.8176195459070861e-06,2883.0
16748.0,5,1515.9,2011-01-09 13:50:00,2011-11-22 10:17:00,316,303.18,5.775316455696203,1515.9,High Value,17,0,0.0002347484035855314,0.005409946078265527,1.2699762053566389e-06,3051.0
16750.0,5,623.93,2011-04-21 16:53:00,2011-10-26 12:48:00,187,124.79,9.759358288770054,623.95,Medium Value,44,0,0.005149554452456358,0.002226753648350007,1.1466789164384218e-05,2262.0
16751.0,1,1764.72,2011-11-09 10:48:00,2011-11-09 10:48:00,1,1764.72,365.0,1764.72,High Value,30,0,0.00047927511288385974,0.006297935248523479,3.0184436271713295e-06,2679.0
16752.0,1,207.5,2010-12-02 12:18:00,2010-12-02 12:18:00,1,207.5,365.0,207.5,Low Value,372,1,0.9999999999999174,0.0007405262954285223,0.0007405262954284611,1052.0
16753.0,1,223.92000000000002,2011-10-12 13:14:00,2011-10-12 13:14:00,1,223.92,365.0,223.91999999999996,Low Value,57,0,0.018368026775783326,0.0007991260148065286,1.4678368037191339e-05,2190.0
16754.0,1,2002.4,2010-12-02 17:38:00,2010-12-02 17:38:00,1,2002.4,365.0,2002.4,High Value,371,1,0.999999999999782,0.007146167970920834,0.0071461679709192765,54.0
16755.0,3,1496.83,2011-01-28 10:47:00,2011-08-17 13:21:00,201,498.94,5.447761194029851,1496.8199999999997,High Value,113,1,0.8876588883737707,0.0053418533471003395,0.004741743603942794,122.0
16756.0,1,239.4,2011-05-09 09:33:00,2011-05-09 09:33:00,1,239.4,365.0,239.4,Low Value,214,1,0.9999977578727263,0.0008543710608462083,0.0008543691452375509,977.0
16757.0,1,106.83000000000001,2011-01-25 11:59:00,2011-01-25 11:59:00,1,106.83,365.0,106.83,Low Value,318,1,0.9999999999728366,0.00038125505609941704,0.00038125505608906085,1446.0
16758.0,1,369.34000000000003,2011-10-05 14:47:00,2011-10-05 14:47:00,1,369.34,365.0,369.3399999999999,Low Value,64,0,0.03588484459300919,0.0013181011178485318,4.7299853771866257e-05,1941.0
16759.0,3,789.79,2011-11-09 09:06:00,2011-12-02 12:42:00,23,263.26,47.608695652173914,789.7800000000001,Medium Value,7,0,0.00010031190482378902,0.0028185679884507875,2.8273592379685385e-07,3898.0
16761.0,1,316.62,2011-09-04 11:15:00,2011-09-04 11:15:00,1,316.62,365.0,316.62,Low Value,96,1,0.5494013357308221,0.0011299539067883312,0.00062079818570377,1173.0
16762.0,3,1501.38,2011-07-18 12:52:00,2011-11-20 11:43:00,124,500.46,8.830645161290322,1501.3799999999999,High Value,19,0,0.0003161980716133152,0.005358127081592649,1.6942294506586762e-06,2921.0
16763.0,1,611.85,2011-05-25 11:52:00,2011-05-25 11:52:00,1,611.85,365.0,611.85,Medium Value,184,1,0.9999310137288331,0.002183571151122609,0.002183420514691065,370.0
16764.0,13,2799.25,2011-07-19 17:17:00,2011-12-06 11:41:00,139,215.33,34.13669064748201,2799.29,High Value,3,0,4.8941571222179344e-05,0.009990110137494497,4.889316868116028e-07,3600.0
16765.0,1,34.0,2011-02-18 15:41:00,2011-02-18 15:41:00,1,34.0,365.0,34.0,Low Value,293,1,0.9999999996073623,0.00012133924840756509,0.00012133924835992273,1748.0
16766.0,2,1145.6,2011-03-11 13:34:00,2011-03-11 15:22:00,1,572.8,730.0,1145.6,Medium Value,272,1,0.9999999931315049,0.004088418911050193,0.004088418882968907,147.0
16767.0,11,5580.6,2011-01-27 13:38:00,2011-11-09 09:42:00,285,507.33,14.087719298245615,5580.63,High Value,30,0,0.0007628840289097074,0.019916160289432647,1.5193720602013903e-05,2184.0
16768.0,3,478.09000000000003,2011-03-13 10:25:00,2011-10-23 10:38:00,224,159.36,4.888392857142857,478.08000000000004,Medium Value,47,0,0.007183458134212512,0.0017061725846673154,1.2256219331698812e-05,2246.0
16769.0,1,380.39,2011-03-24 13:41:00,2011-03-24 13:41:00,1,380.39,365.0,380.39000000000004,Low Value,259,1,0.9999999816044262,0.001357536373580991,0.0013575363486083303,643.0
16770.0,5,770.1,2010-12-02 15:49:00,2011-10-13 12:21:00,314,154.02,5.812101910828026,770.1,Medium Value,57,0,0.0188184475763593,0.0027483339764313493,5.171937885780044e-05,1921.0
16771.0,5,2246.81,2011-01-05 13:57:00,2011-11-06 13:28:00,304,449.36,6.003289473684211,2246.8,High Value,32,0,0.001117570627134023,0.008018383038885803,8.961109361368419e-06,2319.0
16773.0,1,171.59,2011-10-13 14:37:00,2011-10-13 14:37:00,1,171.59,365.0,171.59,Low Value,56,0,0.016928865569435677,0.0006123706363015911,1.0366740180619421e-05,2283.0
16774.0,4,661.52,2011-06-14 12:45:00,2011-10-03 12:41:00,110,165.38,13.272727272727272,661.52,Medium Value,67,0,0.06180044894673736,0.0023608335178403666,0.00014590057129103994,1710.0
16775.0,11,1695.66,2010-12-07 15:15:00,2011-11-29 15:22:00,357,154.15,11.246498599439777,1695.6500000000003,High Value,9,0,8.893715182027452e-05,0.006051438134184935,5.381976720710044e-07,3537.0
16776.0,1,388.28,2011-10-10 13:04:00,2011-10-10 13:04:00,1,388.28,365.0,388.28,Low Value,59,0,0.02101610397059408,0.0013856942168143933,2.912189373202222e-05,2038.0
16777.0,2,226.35,2011-03-27 14:34:00,2011-09-20 13:41:00,176,113.18,4.1477272727272725,226.35999999999999,Low Value,79,0,0.20014183833510096,0.0008078338902804833,0.00016168135987013217,1680.0
16778.0,2,245.94,2011-03-10 15:21:00,2011-09-26 13:48:00,199,122.97,3.6683417085427137,245.93999999999997,Low Value,73,0,0.1135616862481516,0.0008777110221575457,9.967434371479966e-05,1785.0
16779.0,22,10629.720000000001,2010-12-08 09:56:00,2011-12-07 14:54:00,364,483.17,22.060439560439562,10629.74,High Value,1,0,2.4189623303709087e-05,0.03793543124611268,9.176437917072211e-07,3236.0
16780.0,2,425.19,2011-03-25 17:34:00,2011-08-31 16:09:00,158,212.6,4.620253164556962,425.2,Medium Value,99,1,0.677756807348417,0.001517454365379314,0.0010284650259764021,888.0
16781.0,1,311.25,2010-12-02 14:26:00,2010-12-02 14:26:00,1,311.25,365.0,311.25,Low Value,364,1,0.9999999999997937,0.0011107894431427834,0.0011107894431425542,805.0
16782.0,13,2279.9,2010-12-09 11:28:00,2011-11-29 13:20:00,355,175.38,13.366197183098592,2279.94,High Value,9,0,8.387414744773825e-05,0.00813665311806894,6.824548433560136e-07,3414.0
16784.0,1,107.6,2011-11-20 12:20:00,2011-11-20 12:20:00,1,107.6,365.0,107.6,Low Value,19,0,0.00032354433641750187,0.000384003033195706,1.2424200655761265e-07,4179.0
16788.0,2,597.48,2011-03-30 13:05:00,2011-08-08 14:53:00,131,298.74,5.572519083969466,597.48,Medium Value,122,1,0.9611801574962816,0.002132287474663294,0.0020495124107242136,411.0
16789.0,1,80.8,2011-12-01 15:12:00,2011-12-01 15:12:00,1,80.8,365.0,80.8,Low Value,7,0,8.94387630061994e-05,0.00028835915503915466,2.5790486128214862e-08,4329.0
16790.0,6,1545.6200000000001,2011-11-02 11:23:00,2011-12-06 11:53:00,34,257.6,64.41176470588236,1545.6000000000004,High Value,3,0,5.941401571189042e-05,0.00551593948055096,3.277241149632914e-07,3841.0
16791.0,7,1721.78,2011-01-11 15:42:00,2011-11-10 19:12:00,303,245.97,8.432343234323431,1721.79,High Value,28,0,0.0007611644479113809,0.006144726603401809,4.677147432644713e-06,2522.0
16792.0,2,110.38000000000001,2011-03-02 14:39:00,2011-03-02 14:41:00,1,55.19,730.0,110.38,Low Value,281,1,0.9999999979789216,0.0003939243011537363,0.00039392430035758443,1431.0
16793.0,1,243.84,2011-10-13 15:08:00,2011-10-13 15:08:00,1,243.84,365.0,243.84,Low Value,56,0,0.016359761334709004,0.0008702165391676668,1.423653489029948e-05,2201.0
16794.0,10,1222.71,2011-06-12 14:15:00,2011-12-08 17:54:00,179,122.27,20.391061452513966,1222.6999999999998,High Value,0,0,3.91303935769972e-05,0.004363573500821465,1.7074834848929944e-07,4094.0
16795.0,1,414.88,2010-12-09 14:08:00,2010-12-09 14:08:00,1,414.88,365.0,414.88000000000005,Medium Value,364,1,0.9999999999997833,0.0014806243346861944,0.0014806243346858735,589.0
16796.0,1,305.62,2011-09-11 14:01:00,2011-09-11 14:01:00,1,305.62,365.0,305.62,Low Value,88,0,0.3402013874504719,0.0010906970911270602,0.0003710566636896197,1456.0
16800.0,1,1201.49,2011-11-28 14:06:00,2011-11-28 14:06:00,1,1201.49,365.0,1201.49,High Value,10,0,7.216160779793918e-05,0.004287879222623688,3.0942025874790294e-07,3865.0
16801.0,4,1619.73,2011-03-11 13:56:00,2011-06-29 15:33:00,110,404.93,13.272727272727272,1619.72,High Value,162,1,0.9994175760296238,0.005780459042079451,0.005777092364173566,86.0
16803.0,1,332.3,2011-10-05 14:28:00,2011-10-05 14:28:00,1,332.3,365.0,332.3,Low Value,64,0,0.03650675342039942,0.0011859127131127612,4.3293822995724454e-05,1959.0
16804.0,3,536.99,2011-03-14 15:48:00,2011-11-16 16:43:00,247,179.0,4.433198380566802,537.0000000000001,Medium Value,22,0,0.0004712743102742314,0.0019164463645547785,9.031719386331115e-07,3253.0
16805.0,2,460.59,2010-12-14 13:35:00,2011-06-19 11:23:00,186,230.3,3.9247311827956994,460.6000000000001,Medium Value,173,1,0.9998377843408776,0.001643789935780132,0.0016435232873122407,525.0
16806.0,4,801.49,2011-04-14 19:59:00,2011-08-28 15:27:00,135,200.37,10.814814814814815,801.48,Medium Value,102,1,0.7381959206743592,0.0028603229651086846,0.0021114787446544184,393.0
16807.0,3,1121.59,2011-03-14 09:46:00,2011-07-20 12:00:00,128,373.86,8.5546875,1121.58,Medium Value,142,1,0.9950994214021054,0.004002696300851672,0.003983080773025846,156.0
16808.0,2,288.42,2011-03-10 19:05:00,2011-09-01 19:34:00,175,144.21,4.171428571428572,288.4200000000001,Low Value,98,1,0.6585715114911787,0.0010293137066385274,0.0006778766835795226,1114.0
16809.0,5,914.69,2011-03-22 15:20:00,2011-11-16 15:45:00,239,182.94,7.635983263598326,914.7,Medium Value,22,0,0.0004495974814508846,0.0032643826623058765,1.4676582234646557e-06,2989.0
16810.0,1,309.54,2011-05-31 15:32:00,2011-05-31 15:32:00,1,309.54,365.0,309.54,Low Value,191,1,0.9999720408304505,0.0011046867927081677,0.0011046559065828313,813.0
16811.0,2,547.07,2011-11-22 17:19:00,2011-12-05 11:39:00,12,273.54,60.83333333333333,547.0799999999999,Medium Value,4,0,7.363114637512929e-05,0.001952419882906197,1.4375891418397899e-07,4151.0
16812.0,1,479.35,2010-12-14 12:35:00,2010-12-14 12:35:00,1,479.35,365.0,479.35,Medium Value,360,1,0.9999999999996554,0.0017107049624754803,0.0017107049624748908,505.0
16813.0,10,1692.98,2011-05-19 13:28:00,2011-12-01 14:03:00,196,169.3,18.622448979591837,1693.0000000000002,High Value,7,0,8.078620744254584e-05,0.0060419808104119925,4.881087151138245e-07,3603.0
16814.0,21,6509.1,2010-12-05 11:45:00,2011-11-25 13:27:00,355,309.96,21.591549295774648,6509.16,High Value,13,0,9.935077726150582e-05,0.02322989947542901,2.3079085685905185e-06,2789.0
16816.0,4,417.06,2010-12-16 17:01:00,2011-08-28 14:16:00,254,104.26,5.748031496062992,417.04,Medium Value,102,1,0.7322243522829134,0.0014883329457614986,0.0010897936271915339,834.0
16817.0,9,1604.75,2010-12-06 14:19:00,2011-12-07 11:03:00,365,178.31,9.0,1604.79,High Value,2,0,4.30800468267972e-05,0.005727176836822835,2.46727046315676e-07,3950.0
16818.0,11,3349.57,2011-05-18 11:42:00,2011-11-29 10:41:00,194,304.51,20.695876288659793,3349.6099999999997,High Value,10,0,0.00010221422478869349,0.011954092937013648,1.2218783426088461e-06,3078.0
16820.0,1,497.61,2011-09-05 12:06:00,2011-09-05 12:06:00,1,497.61,365.0,497.60999999999996,Medium Value,95,1,0.5007245221851793,0.00177587127647319,0.0008892222963744225,958.0
16823.0,1,358.38,2011-04-26 15:00:00,2011-04-26 15:00:00,1,358.38,365.0,358.38,Low Value,226,1,0.999999352232139,0.0012789870542442112,0.0012789862257575027,679.0
16824.0,2,460.64,2011-06-28 13:36:00,2011-11-24 12:38:00,148,230.32,4.9324324324324325,460.63999999999993,Medium Value,15,0,0.00023612995080137008,0.0016439326878370816,3.881817446997342e-07,3732.0
16825.0,2,775.1800000000001,2011-06-07 09:44:00,2011-11-01 11:51:00,147,387.59,4.965986394557823,775.1799999999998,Medium Value,38,0,0.002634706106829546,0.0027664634876640084,7.288818245269328e-06,2384.0
16826.0,1,341.7,2011-10-19 14:05:00,2011-10-19 14:05:00,1,341.7,365.0,341.7,Low Value,50,0,0.008219492322248681,0.0012194594464960292,1.0023337557767737e-05,2295.0
16828.0,2,128.5,2011-08-19 13:24:00,2011-09-07 15:10:00,19,64.25,38.421052631578945,128.49999999999997,Low Value,92,1,0.5308899932456425,0.0004585909829521209,0.00024346136384196398,1594.0
16829.0,1,197.22,2011-07-06 10:48:00,2011-07-06 10:48:00,1,197.22,365.0,197.22,Low Value,156,1,0.9988308344246785,0.0007038390167923526,0.0007030161124433508,1092.0
16830.0,1,325.91,2011-11-01 11:35:00,2011-11-01 11:35:00,1,325.91,365.0,325.91,Low Value,38,0,0.0022731598618389824,0.0011631080720149866,2.6439305842853923e-06,2729.0
16832.0,3,199.15,2011-05-06 14:12:00,2011-06-08 15:36:00,33,66.38,33.18181818181818,199.14,Low Value,183,1,0.9999519700145189,0.0007106911155259562,0.0007106569810419958,1084.0
16833.0,4,1106.53,2011-01-09 13:02:00,2011-12-08 14:39:00,333,276.63,4.384384384384385,1106.5200000000002,Medium Value,0,0,3.827980729385225e-05,0.003948950151409969,1.511650508090023e-07,4143.0
16834.0,1,413.46,2011-04-26 09:37:00,2011-04-26 09:37:00,1,413.46,365.0,413.46,Medium Value,227,1,0.9999994030700793,0.0014755566366644664,0.0014755557558605603,592.0
16835.0,2,180.85,2010-12-01 17:15:00,2011-08-03 13:50:00,244,90.42,2.9918032786885247,180.83999999999997,Low Value,127,1,0.9775945185280108,0.0006453820494712961,0.0006309219539195126,1163.0
16836.0,2,251.87,2011-08-15 12:38:00,2011-10-31 10:05:00,76,125.94,9.605263157894736,251.88,Low Value,39,0,0.0034786708093575854,0.0008989097026146322,3.127010942733829e-06,2667.0
16837.0,11,3170.98,2011-04-08 08:48:00,2011-11-08 14:27:00,214,288.27,18.761682242990652,3170.9699999999993,High Value,30,0,0.000886195102463271,0.011316562250674607,1.0028682043268567e-05,2294.0
16838.0,2,588.85,2011-02-24 15:01:00,2011-05-26 13:13:00,90,294.42,8.11111111111111,588.84,Medium Value,196,1,0.999986955473541,0.0021014530303620775,0.0021014256179024207,396.0
16839.0,34,16594.35,2010-12-05 11:15:00,2011-12-01 09:03:00,360,488.07,34.47222222222222,16594.379999999997,High Value,8,0,3.830781647347552e-05,0.05922204697028029,2.268667306521044e-06,2795.0
16841.0,6,1869.82,2011-02-25 12:40:00,2011-11-03 11:51:00,250,311.64,8.76,1869.84,High Value,36,0,0.001859307837157214,0.006673087654188279,1.2407324173469317e-05,2243.0
16842.0,3,1264.19,2011-02-10 14:51:00,2011-08-31 10:42:00,201,421.4,5.447761194029851,1264.2,High Value,63,0,0.03530531365820592,0.004511678759907171,0.00015928623374358817,1687.0
16843.0,16,10196.57,2011-01-16 16:10:00,2011-10-28 09:06:00,284,637.29,20.56338028169014,10196.64,High Value,42,0,0.0023150919853160076,0.03638978334948572,8.42456957797803e-05,1819.0
16846.0,1,214.32,2011-10-20 13:55:00,2011-10-20 13:55:00,1,214.32,365.0,214.32000000000002,Low Value,49,0,0.007845584617237642,0.0007648655211385104,6.00081716689975e-06,2447.0
16847.0,1,193.44,2011-10-27 13:29:00,2011-10-27 13:29:00,1,193.44,365.0,193.44000000000003,Low Value,42,0,0.003730116621611695,0.0006903489474105705,2.575082083448307e-06,2743.0
16848.0,1,281.42,2011-10-18 08:42:00,2011-10-18 08:42:00,1,281.42,365.0,281.42,Low Value,52,0,0.010482662831283868,0.0010043320966722639,1.0528074740051738e-05,2281.0
16849.0,1,124.57,2011-06-06 09:16:00,2011-06-06 09:16:00,1,124.57,365.0,124.57,Low Value,186,1,0.9999560559547863,0.00044456559335677594,0.000444546057346241,1364.0
16850.0,1,332.41,2011-01-10 11:09:00,2011-01-10 11:09:00,1,332.41,365.0,332.41,Low Value,333,1,0.9999999999940297,0.001186305281269374,0.0011863052812622914,739.0
16851.0,3,342.45,2011-10-19 09:48:00,2011-12-05 13:32:00,47,114.15,23.29787234042553,342.45000000000005,Low Value,3,0,7.018113433454208e-05,0.0012221360475638432,8.577089412916439e-08,4241.0
16852.0,2,144.91000000000003,2011-06-16 15:49:00,2011-11-29 13:22:00,165,72.46,4.424242424242424,144.91999999999996,Low Value,9,0,0.000131609205105423,0.0005171907023301273,6.806705722158349e-08,4266.0
16855.0,2,328.4,2011-10-27 16:31:00,2011-11-16 12:03:00,19,164.2,38.421052631578945,328.4,Low Value,23,0,0.0006150754256710911,0.0011719943875601287,7.208649468126759e-07,3373.0
16856.0,1,35.400000000000006,2011-11-25 08:59:00,2011-11-25 08:59:00,1,35.4,365.0,35.4,Low Value,14,0,0.00019500013268640624,0.00012633557040081777,2.4635452991172283e-08,4331.0
16858.0,1,375.69000000000005,2010-12-06 09:52:00,2010-12-06 09:52:00,1,375.69,365.0,375.69,Low Value,365,1,0.999999999999809,0.0013407630068893567,0.0013407630068891006,649.0
16859.0,2,747.81,2011-03-23 13:39:00,2011-07-18 12:19:00,116,373.9,6.293103448275862,747.8,Medium Value,105,1,0.792909770692806,0.0026687497046816817,0.002116077716375646,392.0
16861.0,2,173.76,2011-07-04 15:38:00,2011-10-11 09:05:00,98,86.88,7.448979591836734,173.75999999999996,Low Value,59,0,0.029679648268004104,0.0006201149353911326,1.8404793168144905e-05,2147.0
16863.0,2,502.8,2010-12-08 08:58:00,2011-11-08 15:26:00,335,251.4,2.1791044776119404,502.8,Medium Value,28,0,0.0008417936391194485,0.0017943933558624626,1.510508913043222e-06,2974.0
16866.0,3,207.73999999999998,2011-07-01 12:34:00,2011-07-22 10:06:00,20,69.25,54.75,207.75,Low Value,140,1,0.9949264691727899,0.0007414184957844602,0.0007376568861902341,1057.0
16869.0,4,825.42,2011-06-17 13:01:00,2011-11-17 12:02:00,152,206.36,9.605263157894736,825.4399999999999,Medium Value,22,0,0.00048238377301095073,0.00294583144722178,1.4210212881651515e-06,3000.0
16871.0,6,2812.34,2011-03-14 10:31:00,2011-11-17 19:27:00,248,468.72,8.830645161290322,2812.32,High Value,21,0,0.00034088248899699517,0.010036611620045984,3.421305150137439e-06,2641.0
16872.0,3,680.02,2011-06-08 14:32:00,2011-09-23 16:05:00,107,226.67,10.233644859813085,680.0100000000001,Medium Value,76,0,0.148453721101075,0.00242682065616554,0.0003602705568527269,1476.0
16873.0,6,7123.62,2010-12-10 15:45:00,2011-12-05 12:05:00,359,1187.27,6.100278551532034,7123.620000000001,High Value,4,0,3.5603413075200006e-05,0.025422785198267617,9.051379229360025e-07,3247.0
16875.0,5,2095.53,2011-01-04 10:37:00,2011-10-03 13:39:00,272,419.11,6.709558823529412,2095.55,High Value,63,0,0.032165932046758904,0.007478601823543325,0.00024055619806086182,1597.0
16877.0,6,853.72,2011-05-15 16:13:00,2011-11-27 13:47:00,195,142.29,11.230769230769232,853.7399999999999,Medium Value,11,0,0.00013984938286850884,0.0030468285275139593,4.260970892789947e-07,3679.0
16878.0,1,13.3,2011-09-16 17:39:00,2011-09-16 17:39:00,1,13.3,365.0,13.3,Low Value,24,0,0.0005815398968097832,4.7465058935900465e-05,2.7602825475653833e-08,4327.0
16880.0,7,1519.08,2011-06-03 16:45:00,2011-11-09 11:33:00,158,217.01,16.17088607594937,1519.0700000000002,High Value,30,0,0.0010509155957867358,0.005421259178778821,5.697285819780655e-06,2464.0
16881.0,1,432.0,2011-10-04 10:33:00,2011-10-04 10:33:00,1,432.0,365.0,432.0,Medium Value,66,0,0.042919208687600074,0.0015417222150608271,6.616949748650468e-05,1862.0
16882.0,3,705.12,2011-01-26 17:43:00,2011-10-04 10:42:00,250,235.04,4.38,705.1199999999999,Medium Value,66,0,0.050888738447850045,0.0025164332599159497,0.00012805811398533342,1734.0
16883.0,2,276.73,2010-12-03 10:33:00,2011-06-05 12:51:00,184,138.36,3.967391304347826,276.72,Low Value,186,1,0.9999620483354758,0.00098755872998063,0.0009875212504830116,902.0
16884.0,2,429.84000000000003,2011-11-02 10:16:00,2011-11-02 11:52:00,1,214.92,730.0,429.8399999999999,Medium Value,37,0,0.0015491214057744968,0.0015340136039855227,2.376373310683255e-06,2773.0
16885.0,3,471.51,2010-12-17 17:23:00,2011-11-24 13:40:00,341,157.17,3.211143695014663,471.51,Medium Value,14,0,0.00018814065577576626,0.0016827255593132651,3.1658909021984077e-07,3847.0
16887.0,1,194.88,2011-11-04 14:07:00,2011-11-04 14:07:00,1,194.88,365.0,194.88,Low Value,34,0,0.001571400874158802,0.0006954880214607731,1.0928904848904344e-06,3131.0
16889.0,3,1578.67,2011-01-07 10:47:00,2011-05-29 11:05:00,142,526.22,7.711267605633803,1578.66,High Value,194,1,0.9999807878002361,0.005633924055620198,0.005633815815545787,91.0
16891.0,5,809.7,2010-12-03 11:35:00,2011-12-08 11:15:00,369,161.94,4.94579945799458,809.7,Medium Value,1,0,4.292009811071398e-05,0.0028896585128119255,1.2402442687634768e-07,4180.0
16892.0,5,525.54,2011-06-09 11:35:00,2011-12-08 13:18:00,182,105.11,10.027472527472527,525.55,Medium Value,0,0,4.477962881925268e-05,0.0018755835882528185,8.398793690144328e-08,4243.0
16893.0,1,145.93,2010-12-08 12:06:00,2010-12-08 12:06:00,1,145.93,365.0,145.93,Low Value,366,1,0.9999999999998466,0.0005207951917681169,0.000520795191768037,1277.0
16895.0,1,219.14,2011-10-06 12:15:00,2011-10-06 12:15:00,1,219.14,365.0,219.14,Low Value,64,0,0.038471596081512564,0.0007820671440009945,3.0087371272628383e-05,2030.0
16897.0,2,289.78,2011-01-30 11:52:00,2011-02-13 15:02:00,14,144.89,52.14285714285714,289.78,Low Value,298,1,0.9999999998082592,0.0010341672765748298,0.0010341672763765377,880.0
16898.0,3,508.81,2010-12-06 12:23:00,2011-11-13 15:44:00,342,169.6,3.2017543859649122,508.8,Medium Value,25,0,0.000614481371540631,0.0018158061644049741,1.115779062355501e-06,3121.0
16899.0,6,1281.56,2010-12-14 13:11:00,2011-12-02 12:03:00,352,213.59,6.221590909090908,1281.54,High Value,7,0,7.907808618090913e-05,0.004573561776595028,3.616685123232935e-07,3779.0
16900.0,3,887.11,2011-10-07 13:17:00,2011-11-23 10:32:00,46,295.7,23.804347826086957,887.1,Medium Value,11,0,0.00015290516351969434,0.0031658837430103234,4.840799714093355e-07,3610.0
16902.0,1,1706.88,2011-08-15 14:17:00,2011-08-15 14:17:00,1,1706.88,365.0,1706.88,High Value,115,1,0.830014580255578,0.006091515774173668,0.005056046908420989,111.0
16903.0,1,373.24,2011-11-10 15:32:00,2011-11-10 15:32:00,1,373.24,365.0,373.24,Low Value,28,0,0.0007538839263014621,0.0013320194434011646,1.0041880479011581e-06,3177.0
16904.0,16,3754.27,2010-12-07 13:29:00,2011-12-05 13:10:00,362,234.64,16.132596685082873,3754.24,High Value,3,0,3.93425857833459e-05,0.013398137057106387,5.271173565062335e-07,3551.0
16905.0,7,3102.43,2010-12-03 10:43:00,2011-12-04 14:01:00,366,443.2,6.980874316939891,3102.4,High Value,4,0,4.945407244547877e-05,0.01107184953704794,5.475480491106094e-07,3529.0
16906.0,4,579.77,2011-04-05 12:30:00,2011-09-19 11:49:00,166,144.94,8.795180722891567,579.76,Medium Value,81,0,0.2263099315423846,0.00206904831343441,0.0004682461821712276,1341.0
16907.0,5,981.65,2010-12-09 16:52:00,2011-11-10 18:04:00,336,196.33,5.431547619047619,981.65,Medium Value,28,0,0.0008016656947867271,0.003503313917626067,2.8084865858297118e-06,2706.0
16909.0,1,379.14,2011-09-28 16:45:00,2011-09-28 16:45:00,1,379.14,365.0,379.14000000000004,Low Value,63,0,0.0321751912688997,0.001353075371801301,4.353545888894443e-05,1957.0
16910.0,8,1510.06,2011-09-09 14:14:00,2011-12-05 12:51:00,86,188.76,33.95348837209302,1510.08,High Value,3,0,5.79562173167882e-05,0.00538917565397929,3.1233623536036795e-07,3860.0
16912.0,11,2575.38,2011-01-20 15:42:00,2011-11-11 12:18:00,294,234.13,13.656462585034014,2575.4300000000003,High Value,22,0,0.0003640442955609813,0.009191198250773394,3.346003292564124e-06,2648.0
16913.0,1,113.44,2011-02-22 12:56:00,2011-02-22 12:56:00,1,113.44,365.0,113.44,Low Value,289,1,0.9999999993710236,0.00040484483351041717,0.00040484483325577933,1410.0
16914.0,1,208.46,2011-11-03 15:27:00,2011-11-03 15:27:00,1,208.46,365.0,208.46000000000004,Low Value,35,0,0.001739340641848557,0.0007439523447953242,1.2939865489010382e-06,3044.0
16915.0,6,621.6800000000001,2011-03-01 09:52:00,2011-11-30 16:39:00,274,103.61,7.992700729927008,621.6600000000001,Medium Value,8,0,9.783843820404131e-05,0.0022185810930896153,2.1706250917690276e-07,4008.0
16916.0,2,576.26,2010-12-02 13:14:00,2011-11-16 12:08:00,348,288.13,2.0977011494252875,576.2600000000001,Medium Value,23,0,0.0004773295876411088,0.0020565575084512786,9.81655747469275e-07,3194.0
16917.0,1,391.52,2011-03-08 11:55:00,2011-03-08 11:55:00,1,391.52,365.0,391.52,Medium Value,276,1,0.9999999970631508,0.0013972571334273495,0.001397257129323816,621.0
16918.0,6,1068.82,2011-01-26 17:37:00,2011-10-21 12:50:00,267,178.14,8.202247191011235,1068.8399999999997,Medium Value,49,0,0.007959423920678442,0.003814477713762995,3.0361045159819995e-05,2029.0
16919.0,11,2596.45,2010-12-06 12:52:00,2011-07-06 13:35:00,212,236.04,18.93867924528302,2596.44,High Value,155,1,0.9985417124389377,0.009266178768686422,0.009252666015449468,36.0
16921.0,1,169.79,2011-10-09 16:22:00,2011-10-09 16:22:00,1,169.79,365.0,169.79,Low Value,60,0,0.025886070550194543,0.0006059467937388376,1.568558145238773e-05,2175.0
16923.0,19,7247.61,2010-12-12 11:06:00,2011-11-27 13:00:00,350,381.45,19.814285714285713,7247.549999999998,High Value,11,0,8.150531897629077e-05,0.02586506675871318,2.108140516511973e-06,2826.0
16924.0,3,846.75,2011-09-16 12:54:00,2011-11-18 12:53:00,62,282.25,17.661290322580644,846.7499999999999,Medium Value,20,0,0.0004052285161584237,0.003021882605561933,1.2245530042568133e-06,3077.0
16926.0,1,230.25,2010-12-03 13:42:00,2010-12-03 13:42:00,1,230.25,365.0,230.25,Low Value,370,1,0.9999999999998963,0.0008217165278188783,0.0008217165278187931,996.0
16927.0,3,543.05,2010-12-13 11:57:00,2011-08-16 11:10:00,245,181.02,4.469387755102041,543.06,Medium Value,115,1,0.9173864161946337,0.0019380733011827144,0.0017779621200945132,485.0
16928.0,17,2847.6,2010-12-01 15:21:00,2011-09-20 15:10:00,292,167.51,21.25,2847.6699999999996,High Value,79,0,0.13413064139247513,0.010162768750375613,0.001363138690811284,640.0
16929.0,7,1295.39,2011-07-07 12:39:00,2011-12-06 08:37:00,151,185.06,16.920529801324502,1295.4199999999998,High Value,3,0,5.770692700200322e-05,0.004623096740356705,2.6678470611896343e-07,3924.0
16930.0,3,380.55,2011-10-02 14:25:00,2011-11-13 16:13:00,42,126.85,26.07142857142857,380.5499999999999,Low Value,25,0,0.0007549988248135274,0.0013581073818087906,1.0253694772362134e-06,3169.0
16931.0,21,4604.22,2010-12-05 11:40:00,2011-12-04 13:15:00,364,219.25,21.05769230769231,4604.250000000001,High Value,4,0,3.8958519899631384e-05,0.016431653955309756,6.401529176017918e-07,3441.0
16932.0,1,161.94,2011-10-17 14:12:00,2011-10-17 14:12:00,1,161.94,365.0,161.94,Low Value,52,0,0.01109626522876434,0.0005779317025623851,6.4128834557435686e-06,2427.0
16933.0,2,563.23,2011-04-14 13:33:00,2011-12-08 12:54:00,237,281.62,3.0801687763713077,563.2399999999999,Medium Value,0,0,4.282327014168892e-05,0.002010091713914028,8.60787004745109e-08,4239.0
16934.0,2,950.9300000000001,2011-10-16 12:25:00,2011-10-16 12:40:00,1,475.46,730.0,950.92,Medium Value,54,0,0.00854534800476389,0.0033936446498741705,2.899987453767989e-05,2039.0
16936.0,1,262.68,2011-11-14 11:04:00,2011-11-14 11:04:00,1,262.68,365.0,262.68,Low Value,25,0,0.0005747308460823691,0.0009374527579911529,5.387830167625057e-07,3535.0
16938.0,4,2736.38,2011-02-04 09:34:00,2011-12-01 10:20:00,300,684.1,4.866666666666667,2736.4000000000005,High Value,8,0,7.646380884125213e-05,0.00976566821595474,7.467201876718549e-07,3347.0
16940.0,3,3049.88,2011-02-23 12:27:00,2011-10-18 13:15:00,237,1016.63,4.620253164556962,3049.8900000000003,High Value,51,0,0.0072675377476930985,0.010884451774286728,7.910316413257392e-05,1830.0
16942.0,9,1920.59,2011-04-26 11:59:00,2011-11-27 12:40:00,215,213.4,15.279069767441861,1920.6000000000004,High Value,12,0,0.00013776791756276715,0.006854240014457928,9.442943732672598e-07,3219.0
16943.0,3,816.73,2011-01-25 14:00:00,2011-05-12 11:57:00,106,272.24,10.330188679245284,816.7199999999999,Medium Value,211,1,0.9999973598766162,0.0029147114988066635,0.0029147038036086786,252.0
16945.0,19,4345.5,2010-12-16 17:49:00,2011-11-18 11:39:00,336,228.71,20.639880952380953,4345.490000000001,High Value,21,0,0.0002612012159082797,0.01550819089889971,4.050758319330322e-06,2576.0
16947.0,1,406.48,2011-04-18 09:38:00,2011-04-18 09:38:00,1,406.48,365.0,406.48,Medium Value,235,1,0.9999997497407975,0.0014506464027266783,0.0014506460396890664,602.0
16948.0,3,435.02,2011-01-18 10:58:00,2011-07-24 12:46:00,187,145.01,5.855614973262033,435.03000000000003,Medium Value,138,1,0.9929850844020021,0.0015525356833747954,0.0015416447765930412,561.0
16949.0,6,1286.27,2011-01-27 12:11:00,2011-12-06 11:07:00,312,214.38,7.01923076923077,1286.2800000000002,High Value,3,0,5.265324603846979e-05,0.004590477895343613,2.4170356205768427e-07,3961.0
16950.0,3,1178.56,2010-12-07 15:20:00,2011-10-14 09:06:00,310,392.85,3.532258064516129,1178.55,Medium Value,56,0,0.01591443545870465,0.004206010917962819,6.693628929252639e-05,1860.0
16951.0,3,1277.75,2011-02-08 14:58:00,2011-07-28 12:05:00,169,425.92,6.479289940828402,1277.76,High Value,122,1,0.9567830396876142,0.004560071707213246,0.004362999269220978,141.0
16952.0,2,167.61,2011-08-22 12:58:00,2011-08-22 13:03:00,1,83.8,730.0,167.6,Low Value,108,1,0.7824223656994376,0.0005981311186208209,0.0004679911648297536,1342.0
16953.0,1,20.8,2011-11-09 15:54:00,2011-11-09 15:54:00,1,20.8,365.0,20.8,Low Value,29,0,0.0009951271329808268,7.423106961403982e-05,7.386935148311962e-08,4259.0
16954.0,9,2085.08,2010-12-15 10:41:00,2011-12-09 09:46:00,358,231.68,9.175977653631286,2085.1200000000003,High Value,0,0,3.397155861986996e-05,0.007441379224693593,2.527952505443609e-07,3939.0
16955.0,4,518.67,2010-12-01 13:31:00,2011-06-08 10:36:00,188,129.67,7.76595744680851,518.68,Medium Value,184,1,0.9999504737885881,0.0018510659224716427,0.001850974246189429,460.0
16956.0,1,308.74,2011-11-22 08:56:00,2011-11-22 08:56:00,1,308.74,365.0,308.74,Low Value,8,0,8.930780646563355e-05,0.0011018317515691662,9.840217682682912e-08,4217.0
16957.0,2,416.64,2011-03-03 09:25:00,2011-04-14 13:56:00,42,208.32,17.38095238095238,416.63999999999993,Medium Value,238,1,0.9999998705224077,0.0014869054251919975,0.001486905232671063,585.0
16959.0,1,117.35000000000001,2011-09-13 15:03:00,2011-09-13 15:03:00,1,117.35,365.0,117.35,Low Value,86,0,0.31254074361545214,0.0004187988470772871,0.00013089170309082935,1730.0
16960.0,3,507.05,2011-04-01 11:54:00,2011-11-01 11:35:00,213,169.02,5.140845070422535,507.06000000000006,Medium Value,38,0,0.002731120259308342,0.001809596449927646,4.942225525569847e-06,2505.0
16961.0,1,234.17,2011-08-15 13:46:00,2011-08-15 13:46:00,1,234.17,365.0,234.16999999999996,Low Value,115,1,0.908424760313623,0.0008357062293999856,0.0007591762311352835,1041.0
16963.0,1,110.55000000000001,2011-06-05 13:48:00,2011-06-05 13:48:00,1,110.55,365.0,110.55,Low Value,186,1,0.999956351472617,0.00039453099739577413,0.00039451377669873087,1429.0
16965.0,1,201.19,2011-04-27 12:08:00,2011-04-27 12:08:00,1,201.19,365.0,201.19000000000003,Low Value,226,1,0.9999993994317223,0.0007180071584446478,0.0007180067272323253,1078.0
16966.0,7,2154.97,2011-04-13 14:17:00,2011-12-01 13:40:00,231,307.85,11.06060606060606,2154.95,High Value,7,0,7.980295575528093e-05,0.007690588628114187,6.137317040214631e-07,3462.0
16967.0,1,319.02,2011-06-03 14:24:00,2011-06-03 14:24:00,1,319.02,365.0,319.02,Low Value,188,1,0.9999611376530821,0.0011385190302053358,0.0011384747846838114,777.0
16968.0,2,439.43,2011-08-24 10:51:00,2011-12-05 15:02:00,103,219.72,7.0873786407766985,439.44,Medium Value,3,0,6.666173521926873e-05,0.0015682740976535412,1.0454387264901795e-07,4209.0
16969.0,3,650.41,2011-06-01 12:10:00,2011-10-31 13:12:00,152,216.8,7.203947368421052,650.4,Medium Value,38,0,0.0027775023185787604,0.002321148446008245,6.446995190553387e-06,2424.0
16971.0,1,357.21,2011-11-01 15:06:00,2011-11-01 15:06:00,1,357.21,365.0,357.21,Low Value,2,0,4.55744076255447e-05,0.0012748115565784214,5.809878152526012e-08,4283.0
16976.0,1,251.51999999999998,2011-03-17 16:33:00,2011-03-17 16:33:00,1,251.52,365.0,251.52,Low Value,266,1,0.999999991895787,0.0008976249341020816,0.000897624926827538,951.0
16978.0,1,344.33,2011-09-23 12:50:00,2011-09-23 12:50:00,1,344.33,365.0,344.33,Low Value,77,0,0.13334510593501256,0.0012288453942404967,0.0001638605192727513,1677.0
16979.0,6,1852.0,2011-02-15 09:20:00,2011-12-06 12:21:00,294,308.67,7.448979591836734,1852.0199999999998,High Value,3,0,5.092052981038704e-05,0.00660949161281702,3.3655881470195217e-07,3820.0
16980.0,2,1078.96,2011-02-21 12:58:00,2011-03-29 16:36:00,36,539.48,20.277777777777775,1078.9599999999998,Medium Value,254,1,0.9999999731748292,0.003850593984171365,0.0038505938808785236,167.0
16982.0,1,384.06,2011-10-10 12:28:00,2011-10-10 12:28:00,1,384.06,365.0,384.06,Low Value,60,0,0.023408890311255873,0.0013706338748061602,3.208501803222902e-05,2014.0
16983.0,7,1931.25,2010-12-05 12:34:00,2011-11-27 12:10:00,356,275.89,7.176966292134831,1931.2299999999998,High Value,12,0,0.00012826430763085368,0.0068921763735924095,8.840202306285583e-07,3264.0
16984.0,2,4481.35,2011-08-01 17:37:00,2011-09-12 13:43:00,41,2240.68,17.804878048780488,4481.36,High Value,77,0,0.07274912757431674,0.01599308394834488,0.001163482904464899,760.0
16985.0,10,5464.12,2010-12-16 10:38:00,2011-11-22 13:33:00,341,546.41,10.703812316715544,5464.1,High Value,16,0,0.00016273508708004644,0.019500287859522836,3.173381042905421e-06,2663.0
16986.0,2,1873.2,2011-11-09 15:52:00,2011-11-10 11:55:00,1,936.6,730.0,1873.2,High Value,29,0,0.0004609280622365151,0.006685078826972087,3.081340429614599e-06,2673.0
16987.0,7,1625.05,2011-05-18 15:55:00,2011-12-06 17:26:00,202,232.15,12.64851485148515,1625.05,High Value,2,0,4.907081011370347e-05,0.005799480753668048,2.845852188213227e-07,3893.0
16988.0,1,126.12,2011-12-04 16:02:00,2011-12-04 16:02:00,1,126.12,365.0,126.12,Low Value,4,0,6.324644559589789e-05,0.00045009723556359147,2.8467050321936725e-08,4326.0
16989.0,6,1133.25,2011-07-12 09:11:00,2011-12-02 16:39:00,143,188.88,15.314685314685315,1133.28,Medium Value,6,0,8.219040946081985e-05,0.004044451277509569,3.324151065428474e-07,3830.0
16990.0,1,179.0,2011-05-05 08:30:00,2011-05-05 08:30:00,1,179.0,365.0,179.0,Low Value,218,1,0.9999985874684816,0.0006388154548515927,0.0006388145525046283,1149.0
16992.0,5,1614.31,2011-02-28 10:37:00,2011-11-29 11:50:00,274,322.86,6.6605839416058386,1614.3,High Value,10,0,0.00011209794478426906,0.0057611161383627155,6.45809278773945e-07,3433.0
16996.0,6,1456.96,2010-12-21 13:22:00,2011-11-09 16:43:00,323,242.83,6.780185758513932,1456.9800000000002,High Value,29,0,0.0008594050127335362,0.005199672298378065,4.468624437797816e-06,2544.0
16997.0,3,702.0,2011-01-18 11:51:00,2011-02-24 17:28:00,37,234.0,29.594594594594597,702.0000000000001,Medium Value,287,1,0.9999999993278219,0.0025052985994738442,0.0025052985977898376,305.0
16998.0,4,295.0,2011-02-08 15:42:00,2011-07-13 09:44:00,154,73.75,9.480519480519481,295.0,Low Value,149,1,0.9979196339023941,0.0010527964200068149,0.001050606218026952,868.0
16999.0,2,484.82,2011-09-26 15:43:00,2011-11-16 13:53:00,50,242.41,14.6,484.82,Medium Value,22,0,0.0005309820723195591,0.0017302263062634032,9.18719149681558e-07,3234.0
17001.0,11,3989.57,2010-12-16 09:35:00,2011-12-09 09:38:00,358,362.69,11.21508379888268,3989.5899999999997,High Value,0,0,3.034935822841443e-05,0.0142380544721864,4.321158156520632e-07,3667.0
17002.0,3,1493.73,2011-02-22 11:46:00,2011-09-15 12:40:00,205,497.91,5.341463414634147,1493.7300000000002,High Value,72,0,0.08525052348451069,0.005330825750700948,0.00045445568585196554,1355.0
17004.0,2,1412.94,2011-09-08 12:16:00,2011-10-24 14:25:00,46,706.47,15.869565217391305,1412.9400000000003,High Value,45,0,0.00510533184017648,0.005042502283676031,2.5743647463013854e-05,2068.0
17006.0,4,781.78,2011-09-25 12:15:00,2011-12-05 12:09:00,70,195.44,20.857142857142858,781.7600000000001,Medium Value,4,0,7.242511958018683e-05,0.002789946201032297,2.0206218723205208e-07,4033.0
17007.0,6,889.9300000000001,2010-12-17 13:57:00,2011-10-20 10:47:00,306,148.32,7.1568627450980395,889.92,Medium Value,50,0,0.008761915843855309,0.0031759477630253037,2.7827387024108233e-05,2049.0
17010.0,1,195.36,2011-11-21 14:49:00,2011-11-21 14:49:00,1,195.36,365.0,195.36,Low Value,16,0,0.00022418409761382305,0.000697201046144174,1.5630138738524506e-07,4136.0
17011.0,1,270.9,2011-11-09 13:30:00,2011-11-09 13:30:00,1,270.9,365.0,270.9,Low Value,29,0,0.0008823681298264432,0.0009667883056943935,8.530631892336378e-07,3287.0
17014.0,3,586.33,2011-10-04 11:36:00,2011-12-01 14:09:00,58,195.44,18.879310344827587,586.32,Medium Value,7,0,0.00010365687456849076,0.0020924596507742228,2.168978275599316e-07,4010.0
17015.0,3,1842.56,2011-06-07 13:19:00,2011-11-11 10:45:00,156,614.19,7.01923076923077,1842.5700000000002,High Value,28,0,0.0007766915889429466,0.006575766439362566,5.107342484306214e-06,2494.0
17017.0,20,8694.26,2010-12-02 10:17:00,2011-12-07 09:32:00,369,434.71,19.78319783197832,8694.2,High Value,2,0,2.890373690570682e-05,0.031027873338383898,8.968214877162433e-07,3258.0
17018.0,2,920.1,2011-01-18 08:46:00,2011-10-30 11:42:00,285,460.05,2.56140350877193,920.1,Medium Value,40,0,0.002880645450066581,0.0032836541899941367,9.459043501998675e-06,2311.0
17019.0,4,1272.61,2010-12-06 12:55:00,2011-11-28 13:06:00,357,318.15,4.089635854341736,1272.6,High Value,10,0,0.00010898093535815843,0.004541656691866686,4.94953994355271e-07,3588.0
17022.0,1,71.0,2011-11-08 17:09:00,2011-11-08 17:09:00,1,71.0,365.0,71.0,Low Value,30,0,0.0010823227432974157,0.00025338490108638595,2.742442412539616e-07,3912.0
17024.0,3,95.85,2011-07-05 09:31:00,2011-10-25 13:47:00,112,31.95,9.776785714285714,95.85,Low Value,44,0,0.005941331037593897,0.000342069616466621,2.0323488293309756e-06,2845.0
17025.0,3,357.77,2010-12-01 15:45:00,2011-10-10 09:06:00,312,119.26,3.509615384615385,357.7800000000001,Low Value,60,0,0.027620711385923463,0.0012768457733899603,3.5267388591140324e-05,1996.0
17026.0,2,154.82999999999998,2010-12-05 12:47:00,2011-06-07 14:28:00,184,77.41,3.967391304347826,154.82000000000002,Low Value,184,1,0.9999542379133163,0.0005525218364252714,0.0005524965518730983,1249.0
17027.0,6,890.29,2011-01-26 14:19:00,2011-09-22 12:24:00,238,148.38,9.201680672268909,890.2800000000001,Medium Value,78,0,0.16069127050467963,0.003177232531537855,0.0005105535321816175,1289.0
17029.0,2,716.0,2011-04-17 10:57:00,2011-08-21 11:06:00,126,358.0,5.7936507936507935,716.0,Medium Value,110,1,0.8681865364255847,0.002555261819406371,0.0022184439086509553,361.0
17030.0,1,146.87,2011-10-07 08:49:00,2011-10-07 08:49:00,1,146.87,365.0,146.87,Low Value,63,0,0.03584448044814332,0.0005241498651064437,1.878787959170488e-05,2139.0
17031.0,2,380.35,2011-07-08 09:38:00,2011-11-28 10:23:00,143,190.18,5.104895104895105,380.35999999999996,Low Value,11,0,0.00015665969991606002,0.001357429309538278,2.126544682895312e-07,4016.0
17033.0,3,1030.14,2010-12-15 13:21:00,2011-09-14 14:34:00,273,343.38,4.010989010989011,1030.14,Medium Value,85,0,0.28154851758249483,0.0036763650986637976,0.0010350751436208146,879.0
17034.0,3,745.52,2011-02-25 10:10:00,2011-11-23 15:14:00,271,248.51,4.040590405904059,745.5299999999999,Medium Value,15,0,0.00021029326225389274,0.0026606485254497643,5.595164581278403e-07,3515.0
17035.0,2,433.53000000000003,2011-02-01 12:27:00,2011-04-08 11:23:00,65,216.76,11.230769230769232,433.52000000000004,Medium Value,245,1,0.9999999384153451,0.00154714679322493,0.0015471466979444287,560.0
17037.0,1,1267.32,2011-09-13 12:49:00,2011-09-13 12:49:00,1,1267.32,365.0,1267.32,High Value,77,0,0.08981150260408043,0.004522813420349276,0.0004062006692794689,1404.0
17038.0,1,112.4,2011-11-09 13:50:00,2011-11-09 13:50:00,1,112.4,365.0,112.4,Low Value,29,0,0.0009522484872324864,0.0004011332800297152,3.8197855908690166e-07,3744.0
17040.0,1,449.73,2011-07-25 10:19:00,2011-07-25 10:19:00,1,449.73,365.0,449.73,Medium Value,137,1,0.9897699759565335,0.0016049970643039486,0.001588577905746426,550.0
17041.0,3,1081.57,2010-12-14 11:43:00,2011-11-13 11:21:00,333,360.52,3.2882882882882885,1081.5600000000002,Medium Value,26,0,0.0006284043608297096,0.0038598728678731213,2.425560942419747e-06,2764.0
17042.0,5,1044.3799999999999,2011-04-06 14:53:00,2011-12-07 12:26:00,244,208.88,7.479508196721311,1044.3999999999999,Medium Value,2,0,5.0811790506416625e-05,0.003727256206966499,1.8938856155212278e-07,4060.0
17043.0,4,1735.18,2011-03-18 14:53:00,2011-11-07 15:33:00,234,433.8,6.23931623931624,1735.2000000000003,High Value,31,0,0.0010854361612262769,0.006192584230494323,6.721654855218136e-06,2413.0
17044.0,1,948.48,2011-11-14 14:28:00,2011-11-14 14:28:00,1,948.48,365.0,948.48,Medium Value,8,0,6.564119309045553e-05,0.003384936774400216,2.221912884073883e-07,4000.0
17045.0,3,339.44,2011-04-06 12:08:00,2011-08-18 17:09:00,134,113.15,8.171641791044776,339.45,Low Value,112,1,0.8991585679777386,0.0012114296432925874,0.0010892673432687456,836.0
17046.0,1,642.02,2011-07-05 14:24:00,2011-07-05 14:24:00,1,642.02,365.0,642.02,Medium Value,156,1,0.9985521277643996,0.002291241890077204,0.002287924464559517,337.0
17047.0,3,1100.9,2011-05-18 16:50:00,2011-09-15 13:27:00,119,366.97,9.201680672268909,1100.9100000000003,Medium Value,84,0,0.27774273058541854,0.003928929175422721,0.0010912315174586235,832.0
17048.0,3,925.35,2011-01-12 16:51:00,2011-08-14 11:49:00,213,308.45,5.140845070422535,925.3499999999998,Medium Value,114,1,0.9054279212304823,0.0033023903974688336,0.002990076472671712,245.0
17049.0,9,5659.9800000000005,2011-03-09 08:33:00,2011-12-07 10:48:00,273,628.89,12.032967032967033,5660.009999999999,High Value,2,0,3.68338846800389e-05,0.020199451746450072,7.440242762287523e-07,3352.0
17050.0,6,3228.84,2011-02-13 12:41:00,2011-09-04 13:48:00,203,538.14,10.788177339901477,3228.8399999999997,High Value,95,1,0.5054973002001399,0.01152308878906713,0.005824890272839934,83.0
17051.0,1,247.14000000000001,2011-05-29 14:13:00,2011-05-29 14:13:00,1,247.14,365.0,247.14,Low Value,193,1,0.9999781493178959,0.0008819935838660481,0.0008819743117046292,962.0
17052.0,1,413.75,2011-11-11 14:50:00,2011-11-11 14:50:00,1,413.75,365.0,413.75,Medium Value,27,0,0.0006635394384740243,0.0014765915890773546,9.797767538718552e-07,3196.0
17053.0,1,498.48,2011-08-01 10:23:00,2011-08-01 10:23:00,1,498.48,365.0,498.48,Medium Value,128,1,0.9727346798116782,0.0017789761337118543,0.0017304717798188177,500.0
17054.0,5,1356.33,2011-04-08 13:14:00,2011-11-11 12:56:00,216,271.27,8.449074074074074,1356.35,High Value,27,0,0.0007512665125903254,0.004840543811105909,3.6365384680102195e-06,2618.0
17058.0,3,1179.89,2011-04-14 09:18:00,2011-09-19 10:13:00,158,393.3,6.9303797468354436,1179.9,Medium Value,81,0,0.21118619690605567,0.004210828799884885,0.0008892689200701794,957.0
17059.0,5,3095.04,2010-12-05 12:35:00,2011-11-10 12:27:00,339,619.01,5.383480825958702,3095.05,High Value,29,0,0.0007274645904823241,0.011045618846583364,8.035296590853609e-06,2353.0
17060.0,1,234.24,2011-03-18 13:27:00,2011-03-18 13:27:00,1,234.24,365.0,234.24,Low Value,265,1,0.9999999910441223,0.0008359560454996485,0.0008359560380129284,987.0
17061.0,11,5232.2300000000005,2011-04-21 13:29:00,2011-09-27 11:24:00,158,475.66,25.41139240506329,5232.259999999999,High Value,73,0,0.08085418526178184,0.01867289693744019,0.0015097818683539477,573.0
17062.0,4,538.37,2010-12-05 11:59:00,2011-01-30 11:01:00,55,134.59,26.545454545454543,538.36,Medium Value,313,1,0.9999999999602709,0.0019212999344910807,0.0019212999344147491,441.0
17063.0,7,1461.14,2011-02-23 13:44:00,2011-11-18 16:19:00,268,208.73,9.533582089552239,1461.1099999999997,High Value,8,0,9.106176976852952e-05,0.005214411448258158,4.74833534779669e-07,3623.0
17064.0,3,859.35,2011-01-16 16:10:00,2011-10-12 10:18:00,268,286.45,4.085820895522388,859.3499999999998,Medium Value,58,0,0.021277381347676635,0.003066849503501207,6.525452642192792e-05,1865.0
17068.0,21,4552.14,2010-12-06 13:58:00,2011-11-27 13:14:00,355,216.77,21.591549295774648,4552.17,High Value,11,0,8.368328816484171e-05,0.016245790777160752,1.359501191070871e-06,3016.0
17069.0,9,2709.7000000000003,2010-12-01 16:49:00,2011-11-11 17:13:00,345,301.08,9.521739130434781,2709.7199999999993,High Value,27,0,0.000615648725261575,0.009670452593969035,5.953601812179527e-06,2450.0
17070.0,1,312.14,2011-08-17 17:01:00,2011-08-17 17:01:00,1,312.14,365.0,312.14,Low Value,113,1,0.8849880452237057,0.0011139656764099226,0.0009858463064123205,904.0
17071.0,9,2429.03,2011-02-03 08:18:00,2011-11-11 16:31:00,281,269.89,11.690391459074734,2429.01,High Value,8,0,8.338319501033057e-05,0.008668654346307638,7.228200958353195e-07,3371.0
17073.0,4,1446.09,2011-08-22 14:37:00,2011-11-22 11:47:00,91,361.52,16.043956043956044,1446.08,High Value,17,0,0.0002702320328171876,0.005160772362859168,1.3946060065221934e-06,3010.0
17075.0,4,834.12,2011-01-26 13:20:00,2011-11-22 11:58:00,299,208.53,4.882943143812709,834.1200000000001,Medium Value,17,0,0.0002547767142471847,0.002976808643579947,7.584215251539177e-07,3344.0
17076.0,3,841.0799999999999,2010-12-10 10:08:00,2011-11-03 17:53:00,328,280.36,3.3384146341463414,841.08,Medium Value,35,0,0.0017340468367398178,0.0030016475014892604,5.204997354965429e-06,2484.0
17078.0,2,378.2,2011-11-03 18:49:00,2011-11-03 19:17:00,1,189.1,730.0,378.2,Low Value,35,0,0.0012635375094302967,0.001349720698462974,1.7054227297624268e-06,2917.0
17079.0,1,118.80000000000001,2011-09-22 15:34:00,2011-09-22 15:34:00,1,118.8,365.0,118.8,Low Value,77,0,0.1463960241050492,0.0004239736091417274,6.206805070381704e-05,1875.0
17080.0,2,287.62,2011-03-15 12:05:00,2011-11-17 12:59:00,247,143.81,2.9554655870445345,287.62,Low Value,21,0,0.00044115492939205444,0.0010264586654995258,4.528273001023057e-07,3644.0
17081.0,2,290.16,2011-10-24 13:08:00,2011-11-14 12:56:00,20,145.08,36.5,290.15999999999997,Low Value,24,0,0.0006923130615065496,0.0010355234211158555,7.169063899344539e-07,3379.0
17082.0,2,2003.85,2011-01-25 14:36:00,2011-11-06 15:17:00,285,1001.92,2.56140350877193,2003.84,High Value,32,0,0.0009353972462576155,0.007151307044971036,6.689312917008593e-06,2414.0
17083.0,3,1405.78,2011-02-09 11:38:00,2011-08-22 15:43:00,194,468.59,5.644329896907217,1405.77,High Value,108,1,0.8241977934681068,0.005016913977467729,0.004134929430248206,146.0
17084.0,2,2949.75,2011-11-04 14:49:00,2011-11-04 14:54:00,1,1474.88,730.0,2949.76,High Value,34,0,0.0006110814704002937,0.010527107687726448,6.432920444878113e-06,2425.0
17085.0,5,1566.65,2010-12-12 12:24:00,2011-08-08 14:15:00,239,313.33,7.635983263598326,1566.6499999999996,High Value,122,1,0.9549904603675056,0.005591062750520935,0.0053394115900636,100.0
17086.0,6,2050.08,2011-10-07 11:22:00,2011-12-02 13:54:00,56,341.68,39.107142857142854,2050.08,High Value,6,0,7.943476971662187e-05,0.007316328422805325,5.811708634367163e-07,3492.0
17088.0,4,1991.01,2011-03-31 09:48:00,2011-11-11 14:23:00,225,497.75,6.488888888888889,1991.0,High Value,27,0,0.0006869869051848725,0.007105483634690062,4.881374212037485e-06,2510.0
17090.0,7,2043.95,2010-12-20 13:52:00,2011-12-05 13:44:00,349,291.99,7.320916905444126,2043.9299999999998,High Value,3,0,4.827395469423873e-05,0.00729438029404925,3.5212858383748123e-07,3798.0
17091.0,9,3827.76,2010-12-07 09:55:00,2011-12-07 10:43:00,365,425.31,9.0,3827.7900000000004,High Value,2,0,3.825150067660652e-05,0.013660622401823343,5.225393070462118e-07,3558.0
17092.0,4,1777.78,2011-03-07 14:51:00,2011-10-20 19:51:00,227,444.44,6.431718061674009,1777.76,High Value,49,0,0.007563552904547255,0.006344472419089204,4.79867527932221e-05,1937.0
17094.0,1,302.0,2011-01-21 13:09:00,2011-01-21 13:09:00,1,302.0,365.0,302.0,Low Value,317,1,0.9999999999667504,0.0010777780299730782,0.0010777780299372425,848.0
17095.0,3,1324.16,2011-01-09 11:05:00,2011-11-17 12:21:00,312,441.39,3.509615384615385,1324.17,High Value,21,0,0.00035690058763272064,0.004725699781289573,1.686605028918068e-06,2924.0
17096.0,4,1022.13,2011-03-23 12:05:00,2011-11-24 15:01:00,246,255.53,5.9349593495934965,1022.1200000000001,Medium Value,8,0,9.741787493446786e-05,0.0036477433112453075,3.5535540168793705e-07,3791.0
17097.0,8,954.42,2010-12-09 14:55:00,2011-12-07 17:05:00,363,119.3,8.044077134986226,954.4,Medium Value,1,0,4.082849190397254e-05,0.003406064078828827,1.3906445966687444e-07,4158.0
17100.0,2,971.74,2011-11-21 16:36:00,2011-11-21 16:36:00,1,485.87,730.0,971.7399999999999,Medium Value,17,0,0.00015626755233776157,0.003467947095516685,5.419276042532418e-07,3533.0
17101.0,4,1621.73,2011-06-14 14:49:00,2011-11-29 13:57:00,167,405.43,8.742514970059881,1621.72,High Value,9,0,0.00010633931494797407,0.005787596644926955,6.154490624167254e-07,3460.0
17102.0,1,25.5,2011-03-23 10:08:00,2011-03-23 10:08:00,1,25.5,365.0,25.5,Low Value,261,1,0.9999999875114224,9.100443630567383e-05,9.100443516915785e-05,1806.0
17105.0,2,665.78,2011-02-06 14:46:00,2011-07-03 15:53:00,147,332.89,4.965986394557823,665.78,Medium Value,158,1,0.9991582055264241,0.0023760366119055494,0.0023740364774166335,323.0
17107.0,6,10815.43,2011-03-06 15:17:00,2011-11-06 14:14:00,244,1802.57,8.975409836065573,10815.419999999998,High Value,32,0,0.0005914516341630005,0.03859808629447493,2.282890121443171e-05,2086.0
17109.0,6,885.04,2011-04-21 15:46:00,2011-11-10 16:59:00,203,147.51,10.788177339901477,885.06,Medium Value,28,0,0.0008733729794681741,0.0031586033881058693,2.7586388520282926e-06,2713.0
17110.0,1,163.29999999999998,2011-06-27 12:58:00,2011-06-27 12:58:00,1,163.3,365.0,163.3,Low Value,164,1,0.999515817478773,0.0005827852724986877,0.0005825030980561154,1208.0
17111.0,1,248.61,2011-10-23 15:59:00,2011-10-23 15:59:00,1,248.61,365.0,248.61,Low Value,46,0,0.005590054435240421,0.0008872397219589635,4.9597183428581816e-06,2504.0
17114.0,8,808.62,2011-01-09 11:39:00,2011-12-04 12:17:00,329,101.08,8.875379939209726,808.64,Medium Value,5,0,6.494844250231157e-05,0.002885875583302748,1.874331243909634e-07,4064.0
17115.0,3,837.5,2011-04-20 14:46:00,2011-12-01 14:30:00,224,279.17,4.888392857142857,837.5100000000001,Medium Value,7,0,8.995177928208363e-05,0.0029889068804064664,2.688574920010236e-07,3922.0
17117.0,1,116.19999999999999,2011-02-24 13:54:00,2011-02-24 13:54:00,1,116.2,365.0,116.2,Low Value,287,1,0.9999999992179585,0.0004146947254399725,0.000414694725115664,1393.0
17118.0,1,157.02,2011-01-26 12:19:00,2011-01-26 12:19:00,1,157.02,365.0,157.02,Low Value,317,1,0.9999999999689912,0.0005603731995575256,0.0005603731995401491,1235.0
17119.0,2,606.91,2011-10-11 11:03:00,2011-12-06 14:40:00,56,303.46,13.035714285714285,606.9199999999998,Medium Value,2,0,5.9037591648805276e-05,0.0021659769601035115,1.2787406329131172e-07,4173.0
17120.0,1,307.46,2011-04-20 15:21:00,2011-04-20 15:21:00,1,307.46,365.0,307.46,Low Value,232,1,0.9999996698433626,0.0010972636857467636,0.001097263323477875,823.0
17122.0,1,138.32,2011-08-12 14:33:00,2011-08-12 14:33:00,1,138.32,365.0,138.32,Low Value,118,1,0.934954622370809,0.0004936366129333647,0.0004615278330335192,1348.0
17123.0,1,345.29999999999995,2011-07-01 10:47:00,2011-07-01 10:47:00,1,345.3,365.0,345.3,Low Value,161,1,0.9992689068378902,0.0012323071316215361,0.0012314062003039885,713.0
17124.0,1,298.89,2011-06-07 14:02:00,2011-06-07 14:02:00,1,298.89,365.0,298.89,Low Value,184,1,0.9999406597156938,0.0010666790575452098,0.0010666157605066715,858.0
17125.0,1,259.35,2011-10-20 14:41:00,2011-10-20 14:41:00,1,259.35,365.0,259.35,Low Value,49,0,0.007678667494272172,0.0009255686492500591,7.10713390071383e-06,2392.0
17126.0,5,1004.75,2010-12-12 11:26:00,2011-07-10 13:52:00,210,200.95,8.69047619047619,1004.7499999999999,Medium Value,151,1,0.9981054164476543,0.003585753230514736,0.003578959721421432,195.0
17128.0,1,157.09,2011-01-09 12:02:00,2011-01-09 12:02:00,1,157.09,365.0,157.09,Low Value,334,1,0.9999999999950757,0.0005606230156571882,0.0005606230156544275,1234.0
17131.0,5,2463.17,2011-09-25 12:42:00,2011-12-04 12:52:00,70,492.63,26.07142857142857,2463.1499999999996,High Value,4,0,6.1017954833684174e-05,0.008790493226914527,5.363779186856773e-07,3541.0
17133.0,7,4892.240000000001,2011-03-18 13:47:00,2011-11-24 12:27:00,250,698.89,10.22,4892.2300000000005,High Value,15,0,0.00015523847870836533,0.01745939738932183,2.710370289883126e-06,2719.0
17134.0,2,425.0,2011-03-20 11:56:00,2011-08-25 09:53:00,157,212.5,4.649681528662421,425.0,Medium Value,106,1,0.8178559112068122,0.0015167406050945636,0.001240475269643986,710.0
17135.0,7,1139.73,2010-12-03 09:31:00,2011-11-23 16:48:00,355,162.82,7.19718309859155,1139.74,Medium Value,15,0,0.0001875131070674236,0.004067505734707007,7.627106383294745e-07,3341.0
17138.0,1,380.5,2011-03-09 11:54:00,2011-03-09 11:54:00,1,380.5,365.0,380.5,Low Value,275,1,0.9999999967447266,0.0013579289417376035,0.0013579289373171735,642.0
17139.0,12,10668.47,2011-02-24 09:32:00,2011-11-24 10:12:00,273,889.04,16.043956043956044,10668.48,High Value,15,0,0.00012309267188785134,0.03807368661326882,4.6865918138479765e-06,2521.0
17140.0,1,465.32,2011-04-06 13:33:00,2011-04-06 13:33:00,1,465.32,365.0,465.32,Medium Value,246,1,0.9999999217315082,0.0016606346785002408,0.0016606345485248692,520.0
17142.0,1,579.0,2011-04-14 18:22:00,2011-04-14 18:22:00,1,579.0,365.0,579.0,Medium Value,238,1,0.9999998034723832,0.0020663360243523585,0.002066335618260264,406.0
17144.0,2,984.57,2011-09-16 12:50:00,2011-12-08 17:57:00,83,492.28,8.795180722891567,984.5600000000001,Medium Value,0,0,4.277508116090238e-05,0.0035136991297691853,1.5029876545086898e-07,4144.0
17146.0,3,749.78,2010-12-16 12:20:00,2011-08-26 12:44:00,253,249.93,4.328063241106719,749.79,Medium Value,105,1,0.7835406305328783,0.002675851619514948,0.0020966384651671657,398.0
17147.0,4,1714.59,2011-02-01 09:36:00,2011-11-17 12:32:00,289,428.65,5.051903114186851,1714.5999999999997,High Value,22,0,0.0003963096700554683,0.006119066921165032,2.4250453925742443e-06,2765.0
17148.0,1,124.88,2011-10-19 09:59:00,2011-10-19 09:59:00,1,124.88,365.0,124.88,Low Value,51,0,0.010146840641399773,0.0004456719217981391,4.522161968832099e-06,2538.0
17152.0,3,1689.5,2011-03-21 16:20:00,2011-05-29 12:19:00,68,563.17,16.10294117647059,1689.51,High Value,194,1,0.999981274726186,0.006029525693443097,0.006029412788923519,76.0
17153.0,1,213.78,2011-11-15 13:42:00,2011-11-15 13:42:00,1,213.78,365.0,213.78,Low Value,23,0,0.00047392666440540916,0.0007629383683696843,3.615768360683498e-07,3781.0
17154.0,1,329.34,2011-09-25 13:42:00,2011-09-25 13:42:00,1,329.34,365.0,329.34,Low Value,74,0,0.10072323580025416,0.0011753490608984553,0.0001183849606084824,1753.0
17155.0,2,251.70000000000002,2011-06-15 10:22:00,2011-11-22 12:38:00,160,125.85,4.5625,251.7,Low Value,17,0,0.00030588345859369146,0.0008982673183583568,2.747651140811347e-07,3909.0
17157.0,2,319.0,2011-06-16 15:08:00,2011-12-02 09:10:00,168,159.5,4.345238095238095,319.0,Low Value,7,0,0.00010144414562839125,0.0011384476541768608,1.1548884962061787e-07,4194.0
17158.0,3,1266.97,2010-12-14 13:03:00,2011-11-07 15:15:00,328,422.32,3.3384146341463414,1266.9599999999998,High Value,31,0,0.0010511073639386252,0.004521528651836725,4.752612062205066e-06,2515.0
17159.0,3,1538.88,2011-06-21 09:49:00,2011-11-18 10:52:00,150,512.96,7.3,1538.88,High Value,21,0,0.0003838746708873589,0.005491957134983347,2.1082232377192147e-06,2825.0
17160.0,6,3518.03,2011-04-12 12:00:00,2011-11-08 14:05:00,210,586.34,10.428571428571429,3518.0400000000004,High Value,30,0,0.0008740725865096374,0.012555186160816186,1.0974144041694608e-05,2274.0
17162.0,10,1715.46,2011-02-07 12:27:00,2011-11-11 11:34:00,276,171.55,13.22463768115942,1715.5,High Value,28,0,0.0007447933195746305,0.00612227884244641,4.559832382427188e-06,2534.0
17163.0,2,293.1,2011-09-22 15:54:00,2011-11-18 08:57:00,56,146.55,13.035714285714285,293.1,Low Value,21,0,0.0004976378117100416,0.0010460156973016862,5.205369626195644e-07,3563.0
17164.0,7,2467.35,2011-03-11 14:26:00,2011-11-07 09:14:00,240,352.48,10.645833333333334,2467.36,High Value,32,0,0.0011612807748575323,0.008805517880908524,1.0225678627763306e-05,2290.0
17165.0,1,158.68,2011-02-28 16:39:00,2011-02-28 16:39:00,1,158.68,365.0,158.68,Low Value,283,1,0.999999998769316,0.0005662974099209538,0.0005662974092240207,1226.0
17166.0,2,206.34,2011-05-20 08:18:00,2011-11-01 09:46:00,165,103.17,4.424242424242424,206.33999999999997,Low Value,38,0,0.0029846667118627367,0.00073638648577697,2.197868231164105e-06,2811.0
17169.0,2,835.78,2011-06-09 13:16:00,2011-10-13 10:25:00,125,417.89,5.84,835.7799999999999,Medium Value,49,0,0.008611727198428539,0.0029827328539433744,2.5686481643950537e-05,2069.0
17171.0,1,224.91,2011-02-23 16:37:00,2011-02-23 16:37:00,1,224.91,365.0,224.91,Low Value,288,1,0.9999999992604902,0.0008026591282160431,0.0008026591276224689,1011.0
17172.0,1,317.76,2011-09-22 09:36:00,2011-09-22 09:36:00,1,317.76,365.0,317.76,Low Value,74,0,0.10122919683763532,0.0011340223404114084,0.00011479617071578235,1761.0
17173.0,8,3766.6,2011-07-31 15:26:00,2011-12-04 14:40:00,125,470.82,23.36,3766.56,High Value,4,0,5.539212545459581e-05,0.013442104690647012,7.445867493981301e-07,3350.0
17174.0,1,59.9,2011-05-06 11:47:00,2011-05-06 11:47:00,1,59.9,365.0,59.9,Low Value,217,1,0.9999985136802558,0.00021377120528273967,0.00021377088755037652,1626.0
17175.0,4,1443.69,2011-02-16 14:56:00,2011-10-26 15:31:00,252,360.92,5.7936507936507935,1443.6800000000003,High Value,43,0,0.004059611054318405,0.005152207239442165,2.0915957463378725e-05,2112.0
17176.0,1,306.13,2011-05-22 12:41:00,2011-05-22 12:41:00,1,306.13,365.0,306.13,Low Value,201,1,0.9999905435859077,0.0010925171798531735,0.0010925068485583178,830.0
17179.0,3,711.79,2010-12-13 14:24:00,2011-06-14 16:48:00,183,237.26,5.983606557377049,711.7800000000001,Medium Value,177,1,0.9998919028487868,0.002540201477398138,0.0025399268888549238,297.0
17180.0,4,796.03,2011-01-27 18:05:00,2011-10-14 15:46:00,259,199.01,5.637065637065637,796.04,Medium Value,55,0,0.015822065882347403,0.002840908685363474,4.494904438555383e-05,1950.0
17181.0,2,239.92000000000002,2010-12-01 12:38:00,2011-10-13 14:48:00,316,119.96,2.310126582278481,239.92000000000002,Low Value,56,0,0.0184835356305608,0.0008562268375865594,1.5826099260373566e-05,2172.0
17183.0,6,3347.31,2011-08-26 15:25:00,2011-12-02 10:07:00,97,557.88,22.577319587628867,3347.2799999999997,High Value,7,0,7.864823918656789e-05,0.011945777629696307,9.395143762899071e-07,3223.0
17186.0,2,144.0,2011-10-10 12:52:00,2011-10-24 10:20:00,13,72.0,56.15384615384616,144.00000000000003,Low Value,46,0,0.007615454431890795,0.0005139074050202758,3.913638425143156e-06,2593.0
17187.0,1,203.95,2011-04-27 12:39:00,2011-04-27 12:39:00,1,203.95,365.0,203.95,Low Value,226,1,0.9999993986333992,0.0007278570503742029,0.0007278566126652826,1064.0
17188.0,7,2474.23,2010-12-12 12:56:00,2011-11-28 13:53:00,351,353.46,7.279202279202279,2474.2199999999993,High Value,10,0,9.984569860071088e-05,0.00882999985867546,8.816375045336296e-07,3267.0
17189.0,2,384.40000000000003,2010-12-15 17:28:00,2011-08-25 19:39:00,253,192.2,2.885375494071146,384.4,Low Value,105,1,0.7923925557391502,0.0013718472672902358,0.001087041562211879,839.0
17190.0,2,444.74,2011-05-16 15:29:00,2011-10-12 11:33:00,148,222.37,4.9324324324324325,444.74,Medium Value,58,0,0.02430139234342891,0.0015871887451994265,3.857089642016588e-05,1980.0
17191.0,7,2095.13,2010-12-06 14:36:00,2011-11-11 16:58:00,340,299.3,7.514705882352941,2095.1000000000004,High Value,27,0,0.0006497445427016038,0.0074769958629026375,4.858137257723458e-06,2513.0
17193.0,7,1699.3000000000002,2011-06-16 10:04:00,2011-11-04 12:47:00,141,242.76,18.120567375886527,1699.3199999999997,High Value,35,0,0.0017998398150445246,0.006064535635410102,1.0915192696367448e-05,2275.0
17194.0,2,262.62,2010-12-14 12:06:00,2011-03-11 12:05:00,86,131.31,8.488372093023255,262.61999999999995,Low Value,273,1,0.999999997112146,0.0009372386299057276,0.0009372386271991193,930.0
17197.0,1,1013.01,2011-11-10 10:32:00,2011-11-10 10:32:00,1,1013.01,365.0,1013.0100000000001,Medium Value,29,0,0.0006175093653334,0.0036152315302749273,2.2324393277933667e-06,2804.0
17198.0,3,692.22,2010-12-03 14:54:00,2011-11-16 10:39:00,347,230.74,3.155619596541787,692.2200000000001,Medium Value,23,0,0.0004789659171389967,0.002470395721549551,1.1832353524682342e-06,3098.0
17201.0,1,342.63,2011-10-17 11:55:00,2011-10-17 11:55:00,1,342.63,365.0,342.63,Low Value,53,0,0.011332176800560213,0.0012227784318201184,1.3856741377297344e-05,2207.0
17203.0,6,3563.85,2011-10-10 14:37:00,2011-11-04 12:27:00,24,593.98,91.25,3563.8800000000006,High Value,35,0,0.0015864285672850054,0.012718780018080975,2.0177435961697356e-05,2115.0
17204.0,4,1564.56,2011-03-21 12:42:00,2011-06-17 14:46:00,88,391.14,16.59090909090909,1564.5599999999997,High Value,168,1,0.9997013843110948,0.005583603955545294,0.005581936603803535,93.0
17205.0,1,384.08,2011-10-17 12:46:00,2011-10-17 12:46:00,1,384.08,365.0,384.0799999999999,Low Value,53,0,0.011110826729890938,0.001370705250834635,1.5229668539775327e-05,2183.0
17206.0,1,204.24,2011-10-17 13:25:00,2011-10-17 13:25:00,1,204.24,365.0,204.24,Low Value,52,0,0.010875070908057678,0.0007288920027870911,7.92675221462579e-06,2357.0
17211.0,8,2317.2200000000003,2010-12-05 12:44:00,2011-11-13 12:03:00,342,289.65,8.538011695906432,2317.1999999999994,High Value,26,0,0.0005706890434267265,0.008269626659117934,4.71938532758817e-06,2519.0
17212.0,1,226.85,2011-03-31 19:42:00,2011-03-31 19:42:00,1,226.85,365.0,226.85,Low Value,252,1,0.9999999635511039,0.0008095826029781217,0.0008095825734697296,1003.0
17213.0,7,2781.23,2010-12-08 13:03:00,2011-10-30 14:53:00,326,397.32,7.837423312883436,2781.24,High Value,39,0,0.002289193448462097,0.009925693271795774,2.2721832009239202e-05,2087.0
17214.0,6,1069.1200000000001,2010-12-15 15:14:00,2011-10-10 13:17:00,298,178.19,7.348993288590604,1069.1399999999999,Medium Value,59,0,0.022677705702794756,0.0038155483541901214,8.652788267110646e-05,1813.0
17217.0,1,113.5,2011-04-19 17:19:00,2011-04-19 17:19:00,1,113.5,365.0,113.5,Low Value,233,1,0.9999997301218115,0.0004050589615958423,0.0004050588522792635,1409.0
17218.0,10,1960.72,2010-12-06 15:25:00,2011-12-05 13:52:00,363,196.07,10.055096418732782,1960.7,High Value,3,0,4.6490028154994914e-05,0.006997348951550379,3.2530694976790127e-07,3844.0
17219.0,1,114.23,2011-11-08 11:25:00,2011-11-08 11:25:00,1,114.23,365.0,114.23000000000002,Low Value,31,0,0.0011811005818555922,0.0004076641866351813,4.814924080364993e-07,3613.0
17220.0,14,3198.25,2010-12-10 14:54:00,2011-11-15 13:47:00,339,228.45,15.073746312684365,3198.3,High Value,23,0,0.0003666409059782812,0.011414097593585748,4.184875082636798e-06,2568.0
17221.0,2,335.13,2011-11-03 17:39:00,2011-12-02 13:35:00,28,167.56,26.07142857142857,335.11999999999995,Low Value,6,0,9.797466905689601e-05,0.0011959767331277413,1.1717542462793809e-07,4189.0
17222.0,1,354.15,2011-10-05 13:58:00,2011-10-05 13:58:00,1,354.15,365.0,354.15,Low Value,64,0,0.03613864423290257,0.0012638910242217403,4.567530807350832e-05,1944.0
17223.0,2,426.79,2010-12-06 14:08:00,2011-02-02 15:57:00,58,213.4,12.586206896551724,426.8,Medium Value,309,1,0.9999999999399389,0.001523164447657317,0.0015231644475658342,570.0
17226.0,1,393.49,2011-02-04 11:52:00,2011-02-04 11:52:00,1,393.49,365.0,393.49,Medium Value,308,1,0.9999999999079558,0.0014042876722321408,0.0014042876721028844,618.0
17227.0,6,939.32,2010-12-06 11:16:00,2011-11-21 10:51:00,349,156.55,6.275071633237823,939.3000000000002,Medium Value,18,0,0.00026783586008161055,0.0033521751773301738,8.978327217644524e-07,3257.0
17228.0,8,1906.09,2010-12-02 16:00:00,2011-11-24 10:24:00,356,238.26,8.202247191011235,1906.0799999999995,High Value,15,0,0.00017627270935165114,0.006802421017785047,1.1990811829555866e-06,3088.0
17229.0,2,318.76,2011-07-20 12:38:00,2011-09-04 13:56:00,46,159.38,15.869565217391305,318.76,Low Value,95,1,0.599434893109329,0.0011375911418351602,0.0006819118245080788,1110.0
17230.0,8,3638.41,2010-12-15 11:22:00,2011-03-20 16:12:00,95,454.8,30.736842105263158,3638.4,High Value,263,1,0.9999999882086693,0.012984727100178966,0.012984726947071755,16.0
17231.0,10,3174.32,2010-12-13 14:16:00,2011-11-27 15:18:00,349,317.43,10.458452722063038,3174.3000000000006,High Value,11,0,0.00010520635988320708,0.011328446359415704,1.1918246046062957e-06,3093.0
17232.0,2,421.52,2011-11-25 12:24:00,2011-12-07 12:21:00,11,210.76,66.36363636363636,421.52,Medium Value,2,0,6.087765940211518e-05,0.001504321176139907,9.157955219243458e-08,4228.0
17233.0,1,190.88,2011-11-04 14:06:00,2011-11-04 14:06:00,1,190.88,365.0,190.88,Low Value,34,0,0.0015744243037531783,0.0006812128157657654,1.0725180131697574e-06,3144.0
17234.0,1,149.89000000000001,2011-06-10 11:20:00,2011-06-10 11:20:00,1,149.89,365.0,149.89,Low Value,182,1,0.9999314165824503,0.0005349276454061744,0.0005348909582401106,1268.0
17235.0,2,550.06,2010-12-02 13:38:00,2011-11-14 15:51:00,347,275.03,2.1037463976945245,550.06,Medium Value,24,0,0.0005355926997661323,0.001963054911148978,1.051397879651446e-06,3152.0
17236.0,6,916.13,2010-12-12 11:49:00,2011-11-27 12:00:00,350,152.69,6.257142857142857,916.14,Medium Value,12,0,0.0001400830252632065,0.003269521736356079,4.580044959925714e-07,3642.0
17237.0,2,314.69,2011-11-17 12:55:00,2011-11-28 15:02:00,11,157.34,66.36363636363636,314.68,Low Value,10,0,0.00014847747613822175,0.0011230304320262526,1.667447241736748e-07,4107.0
17238.0,17,3744.65,2010-12-03 15:05:00,2011-12-07 11:35:00,368,220.27,16.861413043478258,3744.5899999999997,High Value,2,0,3.4545872875403456e-05,0.013363698123367181,4.6166061651511036e-07,3635.0
17239.0,1,382.5,2011-01-31 09:41:00,2011-01-31 09:41:00,1,382.5,365.0,382.5,Low Value,312,1,0.9999999999406171,0.0013650665445851073,0.0013650665445040457,639.0
17242.0,2,1135.04,2011-06-12 13:04:00,2011-08-23 14:55:00,72,567.52,10.138888888888888,1135.0399999999997,Medium Value,107,1,0.8164751562981893,0.004050732368015372,0.0033073223432974856,213.0
17243.0,26,8676.85,2010-12-05 10:03:00,2011-12-08 13:26:00,368,333.72,25.788043478260867,8676.72,High Value,0,0,2.1068666665350103e-05,0.030965490689496708,6.524016014660083e-07,3430.0
17244.0,1,954.9,2011-10-17 15:19:00,2011-10-17 15:19:00,1,954.9,365.0,954.9,Medium Value,52,0,0.007602528137960907,0.003407848479540703,2.590826395561549e-05,2066.0
17245.0,1,171.45,2011-05-19 10:43:00,2011-05-19 10:43:00,1,171.45,365.0,171.45,Low Value,204,1,0.9999935945731632,0.0006118710041022657,0.0006118670848073153,1183.0
17247.0,1,282.19,2011-11-24 15:21:00,2011-11-24 15:21:00,1,282.19,365.0,282.19,Low Value,14,0,0.00017316435586846662,0.0010070800737685527,1.7439037228209928e-07,4090.0
17248.0,1,318.65,2011-08-11 13:34:00,2011-08-11 13:34:00,1,318.65,365.0,318.65,Low Value,119,1,0.936246953306576,0.0011371985736785474,0.0010646986999111238,861.0
17250.0,2,384.52,2011-03-23 16:45:00,2011-12-06 12:15:00,257,192.26,2.840466926070039,384.52000000000004,Low Value,3,0,6.102963521751919e-05,0.0013722755234610864,8.37494746147603e-08,4244.0
17251.0,1,283.28000000000003,2010-12-12 11:06:00,2010-12-12 11:06:00,1,283.28,365.0,283.28,Low Value,362,1,0.9999999999997473,0.0010109700673204423,0.001010970067320187,893.0
17252.0,2,353.86,2011-06-06 16:41:00,2011-08-15 09:45:00,69,176.93,10.579710144927537,353.86,Low Value,116,1,0.9344106474382987,0.0012628560718088526,0.0011800261596802966,747.0
17253.0,1,178.26,2011-11-21 12:59:00,2011-11-21 12:59:00,1,178.26,365.0,178.26,Low Value,17,0,0.00025187000443134566,0.0006361745417980163,1.6023328466177565e-07,4120.0
17254.0,2,272.44,2011-11-24 14:09:00,2011-12-05 12:46:00,10,136.22,73.0,272.44,Low Value,4,0,7.797131147082837e-05,0.0009722842598869716,7.581027886583089e-08,4256.0
17255.0,2,298.41,2011-02-13 15:18:00,2011-10-30 12:18:00,258,149.21,2.8294573643410854,298.4200000000001,Low Value,40,0,0.00340515236737246,0.0010650017208760467,3.6264931310968143e-06,2619.0
17256.0,2,240.0,2011-01-31 14:53:00,2011-08-24 13:30:00,204,120.0,3.5784313725490198,240.0,Low Value,106,1,0.81983723783948,0.0008565123417004595,0.0007022007123951296,1093.0
17259.0,2,603.37,2010-12-06 12:55:00,2011-07-14 15:01:00,220,301.68,3.318181818181818,603.36,Medium Value,147,1,0.9971428388492914,0.0021532720270349553,0.0021471197818524034,382.0
17262.0,5,1253.3600000000001,2010-12-08 13:30:00,2011-10-18 12:56:00,313,250.67,5.830670926517572,1253.35,High Value,51,0,0.009478281195237257,0.004472957264459462,4.2395946726826e-05,1963.0
17263.0,1,63.440000000000005,2011-05-15 14:32:00,2011-05-15 14:32:00,1,63.44,365.0,63.44,Low Value,207,1,0.9999956051507837,0.00022640476232282144,0.00022640376730802917,1603.0
17265.0,2,562.9,2011-06-12 12:00:00,2011-07-24 10:49:00,41,281.45,17.804878048780488,562.8999999999999,Medium Value,138,1,0.9933111058584557,0.002008878321429952,0.001995441146994664,427.0
17266.0,3,310.64,2011-07-15 11:57:00,2011-12-07 14:12:00,145,103.55,7.551724137931035,310.65000000000003,Low Value,1,0,5.384116223271653e-05,0.0011086481622885323,5.96909055647799e-08,4282.0
17267.0,2,317.62,2011-08-04 17:19:00,2011-08-04 17:22:00,1,158.81,730.0,317.62,Low Value,126,1,0.9605362426630853,0.001133522708212083,0.001088789643119319,838.0
17268.0,4,763.64,2011-04-08 13:20:00,2011-08-24 10:06:00,137,190.91,10.656934306569342,763.64,Medium Value,107,1,0.8293671008312021,0.002725279519233912,0.002260257173821682,344.0
17272.0,4,2148.63,2011-03-22 12:05:00,2011-10-28 16:37:00,220,537.16,6.636363636363636,2148.6399999999994,High Value,41,0,0.0030706576654257202,0.007668069491130311,2.3546016361956394e-05,2081.0
17274.0,1,111.97999999999999,2011-11-04 13:16:00,2011-11-04 13:16:00,1,111.98,365.0,111.98000000000002,Low Value,34,0,0.0016352629173968492,0.00039963438343173943,6.535072877426773e-07,3428.0
17277.0,2,1065.3500000000001,2011-01-21 12:37:00,2011-04-26 12:47:00,95,532.68,7.684210526315789,1065.36,Medium Value,227,1,0.999999487994862,0.0038020582848083393,0.0038020563381349626,170.0
17278.0,1,246.04,2011-04-12 13:10:00,2011-04-12 13:10:00,1,246.04,365.0,246.03999999999996,Low Value,240,1,0.999999865163578,0.0008780679022999209,0.0008780677839043867,964.0
17279.0,1,187.82999999999998,2011-10-13 11:58:00,2011-10-13 11:58:00,1,187.83,365.0,187.83000000000004,Low Value,57,0,0.01868385777041712,0.0006703279714233223,1.2524312477605586e-05,2240.0
17282.0,3,1703.41,2011-02-13 11:36:00,2011-08-01 14:29:00,169,567.8,6.479289940828402,1703.4,High Value,129,1,0.977833488684168,0.006079096345219011,0.005944343987292681,79.0
17284.0,6,1652.58,2011-01-07 14:31:00,2011-10-10 14:38:00,276,275.43,7.934782608695652,1652.5800000000002,High Value,59,0,0.02197307165909119,0.005897729856863939,0.00012959124077083299,1731.0
17286.0,1,153.92,2011-11-18 12:47:00,2011-11-18 12:47:00,1,153.92,365.0,153.92,Low Value,21,0,0.00039286210742099686,0.0005493099151438947,2.1580305089067943e-07,4011.0
17287.0,7,1064.11,2010-12-02 12:22:00,2011-11-13 13:27:00,346,152.02,7.384393063583815,1064.14,Medium Value,25,0,0.0005595239751930699,0.003797704347071363,2.124906632881371e-06,2823.0
17288.0,7,1419.73,2010-12-16 13:33:00,2011-11-30 16:09:00,349,202.82,7.320916905444126,1419.74,High Value,8,0,8.65728556741942e-05,0.005066770133357543,4.386447594894803e-07,3657.0
17289.0,3,944.41,2011-06-12 13:51:00,2011-11-08 12:01:00,148,314.8,7.398648648648649,944.4000000000002,Medium Value,31,0,0.0012470527936041679,0.003370376064591309,4.203036886845213e-06,2566.0
17290.0,2,525.24,2011-11-23 15:53:00,2011-12-06 12:38:00,12,262.62,60.83333333333333,525.2399999999999,Medium Value,3,0,6.642597958603015e-05,0.0018744772598114552,1.2451398819471345e-07,4178.0
17291.0,1,550.8000000000001,2011-02-04 13:04:00,2011-02-04 13:04:00,1,550.8,365.0,550.8,Medium Value,307,1,0.9999999998893663,0.0019656958242025542,0.001965695823985082,434.0
17293.0,9,1875.1100000000001,2010-12-13 14:55:00,2011-12-01 14:37:00,352,208.35,9.332386363636365,1875.1500000000003,High Value,7,0,7.358014342257213e-05,0.0066920379897484035,4.924011150749888e-07,3595.0
17295.0,3,556.95,2011-10-06 12:22:00,2011-11-11 10:49:00,35,185.65,31.285714285714285,556.95,Medium Value,28,0,0.0010156616671820999,0.001987643952958629,2.0187737710263803e-06,2849.0
17297.0,1,131.78,2011-11-22 14:43:00,2011-11-22 14:43:00,1,131.78,365.0,131.78,Low Value,16,0,0.00023114885376360964,0.0004702966516220273,1.0870853195129527e-07,4205.0
17298.0,2,498.42,2011-08-07 12:21:00,2011-08-30 16:43:00,23,249.21,31.73913043478261,498.4200000000001,Medium Value,100,1,0.7116684644040627,0.0017787620056264296,0.0012658888250844519,689.0
17299.0,4,669.11,2011-06-19 16:04:00,2011-11-28 12:01:00,161,167.28,9.068322981366459,669.12,Medium Value,11,0,0.0001486390953716767,0.002387956408660881,3.5494368037035127e-07,3792.0
17301.0,1,197.63,2011-11-18 13:43:00,2011-11-18 13:43:00,1,197.63,365.0,197.63,Low Value,20,0,0.0003452350961553702,0.0007053022253760908,2.434950815963113e-07,3960.0
17302.0,5,1135.63,2011-02-07 10:14:00,2011-11-25 09:36:00,290,227.13,6.293103448275862,1135.65,Medium Value,14,0,0.00017906455423327146,0.004052909336883862,7.257324037569727e-07,3368.0
17303.0,1,250.04,2010-12-13 13:32:00,2010-12-13 13:32:00,1,250.04,365.0,250.03999999999996,Low Value,360,1,0.9999999999996914,0.0008923431079949286,0.0008923431079946532,953.0
17306.0,19,8631.31,2010-12-21 13:34:00,2011-11-29 12:14:00,342,454.28,20.277777777777775,8631.319999999998,High Value,10,0,7.09838040707712e-05,0.030803467104858366,2.186547273671712e-06,2813.0
17309.0,1,82.75,2011-09-05 15:20:00,2011-09-05 15:20:00,1,82.75,365.0,82.75,Low Value,94,1,0.5235647186170496,0.0002953183178154709,0.00015461825196951744,1693.0
17311.0,2,1384.85,2011-01-27 10:56:00,2011-09-22 14:11:00,238,692.42,3.0672268907563023,1384.84,High Value,77,0,0.1276307047769325,0.004942218963668601,0.0006307788894949444,1164.0
17312.0,3,644.3,2011-07-03 13:12:00,2011-07-24 11:52:00,20,214.77,54.75,644.3100000000001,Medium Value,138,1,0.9932544691654307,0.0022994144453375963,0.0022839036742951175,338.0
17313.0,1,2328.84,2011-11-08 15:45:00,2011-11-08 15:45:00,1,2328.84,365.0,2328.84,High Value,17,0,8.947808590550679e-05,0.008311167507690408,7.436673602281791e-07,3354.0
17314.0,8,2527.92,2011-01-31 11:25:00,2011-11-15 09:41:00,287,315.99,10.174216027874564,2527.92,High Value,24,0,0.00047056265051735645,0.00902164449513094,4.2452489456541335e-06,2559.0
17315.0,38,6292.26,2010-12-17 12:24:00,2011-12-08 12:15:00,355,165.59,39.070422535211264,6292.419999999999,High Value,0,0,1.7090546030861284e-05,0.02245639745484502,3.83792094389345e-07,3740.0
17317.0,3,2600.34,2011-09-11 12:45:00,2011-10-24 17:19:00,43,866.78,25.46511627906977,2600.34,High Value,45,0,0.0045890328133959225,0.009280097094239053,4.258667007696317e-05,1962.0
17320.0,3,1200.6200000000001,2010-12-06 15:38:00,2011-08-31 13:31:00,267,400.21,4.101123595505618,1200.6299999999997,High Value,99,1,0.6353579538320997,0.00428481005339926,0.0027223881480869638,276.0
17321.0,2,700.86,2011-10-03 11:34:00,2011-12-01 13:41:00,59,350.43,12.372881355932204,700.86,Medium Value,7,0,9.901292564266372e-05,0.002501230165850767,2.476541164265694e-07,3949.0
17323.0,7,921.07,2011-02-20 14:38:00,2011-11-24 17:29:00,277,131.58,9.223826714801444,921.0600000000001,Medium Value,14,0,0.00017985651821745223,0.0032870802393609386,5.912028069528479e-07,3483.0
17324.0,4,990.23,2010-12-08 12:45:00,2011-11-22 10:34:00,348,247.56,4.195402298850575,990.2400000000001,Medium Value,17,0,0.00024195850784619076,0.0035339699218560963,8.550740890656204e-07,3286.0
17325.0,1,96.8,2011-03-04 13:09:00,2011-03-04 13:09:00,1,96.8,365.0,96.8,Low Value,279,1,0.9999999981581715,0.0003454599778191853,0.0003454599771829073,1492.0
17329.0,2,523.11,2011-01-28 15:29:00,2011-11-25 14:24:00,300,261.56,2.4333333333333336,523.12,Medium Value,13,0,0.00016924299840697754,0.0018669114007931016,3.159616832303951e-07,3851.0
17330.0,2,363.9,2011-10-03 11:26:00,2011-11-17 08:56:00,44,181.95,16.59090909090909,363.8999999999999,Low Value,22,0,0.0005479794812558503,0.0012986868381033214,7.116537398576585e-07,3383.0
17331.0,1,175.2,2011-08-08 11:55:00,2011-08-08 11:55:00,1,175.2,365.0,175.2,Low Value,123,1,0.9604135463404624,0.0006252540094413354,0.0006005024205711459,1192.0
17333.0,1,494.25,2011-09-15 10:11:00,2011-09-15 10:11:00,1,494.25,365.0,494.25,Medium Value,85,0,0.2539009848861022,0.0017638801036893837,0.00044785089554773456,1363.0
17334.0,2,307.02,2011-02-04 09:03:00,2011-02-10 14:59:00,6,153.51,121.66666666666666,307.0199999999999,Low Value,300,1,0.9999999998365479,0.0010956934131203125,0.001095693412941219,825.0
17337.0,4,2027.8700000000001,2011-02-02 17:06:00,2011-07-11 14:55:00,158,506.97,9.240506329113924,2027.8799999999999,High Value,150,1,0.9976949237371474,0.007237101031198032,0.007220418961399151,53.0
17338.0,8,6643.93,2010-12-13 12:57:00,2011-11-22 14:23:00,344,830.49,8.488372093023255,6643.919999999999,High Value,16,0,0.00014888977754649014,0.023710831155293818,3.530300376154084e-06,2626.0
17339.0,2,243.36,2010-12-09 14:44:00,2011-09-06 13:29:00,270,121.68,2.7037037037037037,243.36,Low Value,93,1,0.5157423613129016,0.0008685035144842659,0.0004479240533686692,1362.0
17340.0,11,12353.29,2010-12-08 15:56:00,2011-11-10 10:45:00,336,1123.03,11.949404761904763,12353.33,High Value,8,0,5.076140553791381e-05,0.044086581692077235,2.2378968520518988e-06,2800.0
17341.0,3,781.36,2010-12-08 12:46:00,2011-07-06 12:33:00,209,260.45,5.239234449760765,781.3499999999998,Medium Value,156,1,0.9989213834903046,0.0027884829924485575,0.0027854752886558977,266.0
17343.0,1,193.64,2010-12-19 15:07:00,2010-12-19 15:07:00,1,193.64,365.0,193.64,Low Value,354,1,0.9999999999994249,0.0006910627076953206,0.0006910627076949232,1103.0
17344.0,1,160.57,2011-10-24 12:56:00,2011-10-24 12:56:00,1,160.57,365.0,160.57,Low Value,45,0,0.005235573955597811,0.0005730424446118449,3.0002060984618765e-06,2681.0
17345.0,4,537.74,2011-05-27 12:26:00,2011-11-24 15:03:00,181,134.44,8.066298342541437,537.7600000000001,Medium Value,14,0,0.00020627169784226407,0.00191915865363683,3.958681139143425e-07,3722.0
17346.0,15,2676.56,2010-12-01 14:34:00,2011-12-06 12:18:00,369,178.44,14.83739837398374,2676.6,High Value,3,0,4.1250317935225686e-05,0.009552253890814374,3.940335099940895e-07,3726.0
17347.0,1,228.96,2011-09-14 13:12:00,2011-09-14 13:12:00,1,228.96,365.0,228.96000000000004,Low Value,85,0,0.2788387836763164,0.0008171127739822385,0.00022784273202358822,1601.0
17348.0,5,1159.52,2011-02-15 10:49:00,2011-11-25 11:25:00,283,231.9,6.448763250883393,1159.5,Medium Value,14,0,0.00017948556188258663,0.004138025250840345,7.427157872314109e-07,3355.0
17349.0,1,110.75,2011-06-13 14:29:00,2011-06-13 14:29:00,1,110.75,365.0,110.75,Low Value,178,1,0.9998962328900827,0.00039524475768052455,0.00039520374427431005,1428.0
17350.0,4,1286.07,2011-10-19 16:05:00,2011-12-01 15:47:00,42,321.52,34.76190476190476,1286.0799999999997,High Value,7,0,9.50157034194969e-05,0.004589764135058861,4.3609966782219646e-07,3661.0
17351.0,3,587.15,2011-03-11 16:05:00,2011-11-03 18:45:00,237,195.72,4.620253164556962,587.1599999999999,Medium Value,35,0,0.0019193959320298044,0.0020954574439701738,4.022012493697923e-06,2580.0
17353.0,2,1740.0,2011-07-08 16:17:00,2011-08-02 17:19:00,25,870.0,29.2,1740.0,High Value,128,1,0.9743261910704649,0.006209714477328331,0.006050287454330436,73.0
17354.0,1,1393.06,2011-10-20 10:34:00,2011-10-20 10:34:00,1,1393.06,365.0,1393.06,High Value,50,0,0.004971663776054491,0.004971554511371842,2.4716897474867672e-05,2077.0
17356.0,1,178.22,2011-02-01 11:07:00,2011-02-01 11:07:00,1,178.22,365.0,178.22,Low Value,311,1,0.9999999999400249,0.0006360317897410662,0.00063603178970292,1155.0
17357.0,2,388.14,2011-11-15 16:29:00,2011-11-15 16:30:00,1,194.07,730.0,388.14000000000004,Low Value,23,0,0.0003442208730579521,0.0013851945846150683,4.7681288927134615e-07,3620.0
17358.0,2,365.85,2010-12-19 14:16:00,2011-02-09 16:57:00,52,182.92,14.03846153846154,365.84000000000003,Low Value,302,1,0.9999999998740965,0.0013056103128654005,0.0013056103127010196,666.0
17359.0,1,127.86,2011-11-28 14:37:00,2011-11-28 14:37:00,1,127.86,365.0,127.86,Low Value,10,0,0.00012097709851380923,0.0004563069500409198,5.520269084763618e-08,4287.0
17360.0,3,585.79,2011-06-08 17:09:00,2011-11-22 13:11:00,166,195.26,6.596385542168674,585.78,Medium Value,16,0,0.00025770424167715825,0.0020905324980053965,5.387390920999361e-07,3536.0
17361.0,3,488.2,2011-02-21 09:55:00,2011-10-21 15:43:00,242,162.73,4.524793388429752,488.19,Medium Value,48,0,0.007890937627386277,0.0017422531670614472,1.3748011072398082e-05,2210.0
17362.0,2,312.23,2011-02-03 10:26:00,2011-04-14 14:43:00,70,156.12,10.428571428571429,312.24000000000007,Low Value,238,1,0.9999998720465783,0.001114322556552298,0.001114322413970914,798.0
17364.0,11,4481.18,2011-01-12 16:57:00,2011-12-09 09:00:00,330,407.38,12.166666666666666,4481.179999999999,High Value,0,0,3.0252212096231773e-05,0.015992441564088602,4.83806734133401e-07,3611.0
17365.0,8,4801.56,2011-01-11 12:11:00,2011-11-27 12:13:00,320,600.2,9.125,4801.6,High Value,12,0,0.00010961251855771671,0.017135956916287193,1.878315395490764e-06,2868.0
17367.0,1,168.4,2011-04-15 14:21:00,2011-04-15 14:21:00,1,168.4,365.0,168.4,Low Value,237,1,0.9999998202759409,0.0006009861597598224,0.0006009860517481503,1190.0
17368.0,8,1912.67,2011-01-06 11:57:00,2011-11-16 15:26:00,314,239.08,9.299363057324841,1912.6399999999999,High Value,22,0,0.0003863946097236568,0.006825832355124861,2.6374648288975797e-06,2732.0
17370.0,4,446.18,2011-06-23 11:50:00,2011-09-28 10:14:00,96,111.54,15.208333333333332,446.15999999999997,Medium Value,72,0,0.10479996085066746,0.001592256443221154,0.00016686841291379997,1672.0
17371.0,3,423.89,2010-12-13 15:20:00,2011-11-22 13:30:00,343,141.3,3.1924198250728866,423.9000000000001,Medium Value,16,0,0.00023507825397078768,0.0015128149235284368,3.556298908040156e-07,3790.0
17372.0,8,1342.68,2010-12-12 12:00:00,2011-10-30 11:37:00,321,167.84,9.096573208722742,1342.72,High Value,40,0,0.0027864141195450363,0.0047919010477001705,1.3352220738774407e-05,2220.0
17373.0,4,646.92,2011-01-31 11:46:00,2011-10-30 15:28:00,272,161.73,5.367647058823529,646.9199999999998,Medium Value,39,0,0.0028630885758070546,0.002308729017053588,6.610095673360378e-06,2419.0
17374.0,2,495.77,2011-03-03 12:53:00,2011-05-05 09:05:00,62,247.88,11.774193548387096,495.76,Medium Value,218,1,0.9999988397891889,0.001769268993839249,0.0017692669411142347,486.0
17375.0,3,400.1,2010-12-13 15:16:00,2011-05-24 15:45:00,162,133.37,6.759259259259259,400.10999999999996,Medium Value,189,1,0.9999723253320294,0.0014279131376573784,0.001427873620635403,613.0
17376.0,2,203.2,2011-02-01 14:12:00,2011-09-30 12:36:00,240,101.6,3.0416666666666665,203.2,Low Value,70,0,0.08342075252680702,0.000725180449306389,6.0495098798867e-05,1887.0
17377.0,20,4100.92,2010-12-01 12:35:00,2011-11-16 11:17:00,349,205.05,20.916905444126076,4101.000000000001,High Value,23,0,0.00031735272544595284,0.014635654638806605,4.644664888310978e-06,2525.0
17379.0,1,404.66,2011-11-28 13:56:00,2011-11-28 13:56:00,1,404.66,365.0,404.6600000000001,Medium Value,10,0,0.00010588901616440464,0.00144415118413545,1.5291974808076277e-07,4139.0
17381.0,29,20275.61,2010-12-02 12:58:00,2011-12-01 11:59:00,363,699.16,29.15977961432507,20275.640000000003,High Value,8,0,3.911198256320127e-05,0.07235973289948128,2.830132611442413e-06,2704.0
17382.0,1,65.4,2011-10-05 13:05:00,2011-10-05 13:05:00,1,65.4,365.0,65.4,Low Value,64,0,0.04130425287064143,0.00023339961311337522,9.640396639944727e-06,2306.0
17383.0,1,199.29,2011-12-05 17:36:00,2011-12-05 17:36:00,1,199.29,365.0,199.28999999999996,Low Value,3,0,5.479437156492075e-05,0.0007112264357395189,3.897120558670543e-08,4313.0
17384.0,2,336.4,2011-05-04 16:07:00,2011-11-20 15:48:00,199,168.2,3.6683417085427137,336.4,Low Value,18,0,0.0003254437450241253,0.001200544798950144,3.9070979543957043e-07,3727.0
17385.0,1,261.11,2011-11-25 11:02:00,2011-11-25 11:02:00,1,261.11,365.0,261.11,Low Value,14,0,0.00017492989440557726,0.0009318497397558625,1.6300837657735768e-07,4116.0
17386.0,6,2686.42,2011-06-27 12:11:00,2011-12-02 11:28:00,157,447.74,13.949044585987261,2686.44,High Value,7,0,8.018096919894076e-05,0.009587370896824094,7.687246905770736e-07,3335.0
17387.0,2,784.11,2011-11-06 11:25:00,2011-11-20 11:00:00,13,392.06,56.15384615384616,784.12,Medium Value,19,0,0.0003537607381904365,0.0027983685723923513,9.89952931898436e-07,3185.0
17388.0,4,1259.56,2011-02-25 12:28:00,2011-09-23 10:31:00,209,314.89,6.985645933014354,1259.56,High Value,77,0,0.14531210720078824,0.004495119521300961,0.0006531952897596412,1139.0
17389.0,34,31833.68,2011-01-12 15:48:00,2011-12-09 09:38:00,330,936.28,37.6060606060606,31833.519999999997,High Value,0,0,1.3221605750431499e-05,0.11360751149903503,1.5020737273278541e-06,2979.0
17391.0,2,508.8,2011-06-28 12:21:00,2011-06-29 09:58:00,1,254.4,730.0,508.8,Medium Value,163,1,0.9992166046082934,0.0018158061644049741,0.001814383670223547,475.0
17392.0,2,457.91,2010-12-16 19:04:00,2011-02-06 12:48:00,51,228.96,14.313725490196079,457.9200000000001,Medium Value,306,1,0.9999999999165496,0.001634225547964477,0.0016342255478281002,529.0
17394.0,1,203.86999999999998,2011-05-04 13:22:00,2011-05-04 13:22:00,1,203.87,365.0,203.87,Low Value,218,1,0.9999985704588771,0.0007275715462603028,0.0007275705061668575,1066.0
17396.0,8,7330.8,2010-12-03 09:45:00,2011-10-31 14:12:00,332,916.35,8.795180722891567,7330.800000000001,High Value,38,0,0.0015558021189151447,0.026162169477240538,4.070315870810795e-05,1969.0
17397.0,2,696.41,2011-11-17 13:58:00,2011-11-17 14:08:00,1,348.2,730.0,696.4,Medium Value,21,0,0.00025741799249117856,0.0024853133115008332,6.397643633581477e-07,3442.0
17398.0,3,653.38,2011-03-29 13:04:00,2011-08-17 09:48:00,140,217.79,7.821428571428571,653.37,Medium Value,114,1,0.9129527152325635,0.0023317477862367882,0.002128775472682395,387.0
17400.0,5,2129.96,2010-12-21 17:16:00,2011-08-05 15:38:00,226,425.99,8.075221238938052,2129.95,High Value,125,1,0.9655713891331955,0.007601368592520389,0.007339664031193355,50.0
17402.0,13,2633.85,2010-12-05 13:53:00,2011-12-05 10:15:00,364,202.6,13.035714285714285,2633.8,High Value,4,0,4.790285496480434e-05,0.009399509189877793,4.502633254630614e-07,3647.0
17403.0,1,281.62,2011-11-03 15:18:00,2011-11-03 15:18:00,1,281.62,365.0,281.62,Low Value,35,0,0.001679261502197638,0.0010050458569570142,1.687734815531148e-06,2922.0
17404.0,15,31906.82,2010-12-14 13:28:00,2011-12-05 16:26:00,356,2127.12,15.379213483146067,31906.799999999996,High Value,3,0,1.6284137617966277e-05,0.11386903326736757,1.8542590081505935e-06,2873.0
17405.0,3,1031.41,2011-07-12 14:17:00,2011-12-08 17:12:00,149,343.8,7.348993288590604,1031.4,Medium Value,0,0,4.2931860073719675e-05,0.003680861788457725,1.580262432527686e-07,4128.0
17406.0,3,2200.42,2010-12-08 10:35:00,2011-01-10 15:07:00,33,733.47,33.18181818181818,2200.41,High Value,329,1,0.9999999999909299,0.00785282634083795,0.007852826340766724,45.0
17408.0,1,32.65,2011-06-29 12:53:00,2011-06-29 12:53:00,1,32.65,365.0,32.65,Low Value,162,1,0.9994354747585404,0.0001165213664855,0.00011645558723294959,1758.0
17409.0,2,771.85,2011-04-05 16:42:00,2011-06-08 10:36:00,63,385.92,11.587301587301587,771.8399999999999,Medium Value,184,1,0.9999508056913772,0.0027545436909086774,0.002754408183036232,273.0
17410.0,5,1214.72,2011-05-08 15:21:00,2011-11-23 15:46:00,199,242.94,9.170854271356784,1214.7,High Value,15,0,0.00021019050139431606,0.0043350230894314504,9.111806767235336e-07,3240.0
17411.0,3,778.94,2011-03-23 13:44:00,2011-11-27 14:25:00,249,259.65,4.397590361445784,778.95,Medium Value,11,0,0.00013768249687163534,0.002779917869031554,3.827460333063401e-07,3742.0
17412.0,7,1258.06,2010-12-02 16:29:00,2011-12-07 11:36:00,369,179.72,6.924119241192412,1258.04,High Value,2,0,4.5122358100615715e-05,0.004489694943136858,2.0258562298674483e-07,4031.0
17414.0,2,778.0,2011-06-08 11:43:00,2011-10-27 12:13:00,141,389.0,5.177304964539007,778.0,Medium Value,43,0,0.004532704250325607,0.0027765275076789895,1.2585178035202519e-05,2236.0
17415.0,1,507.84,2011-09-21 12:50:00,2011-09-21 12:50:00,1,507.84,365.0,507.8399999999999,Medium Value,79,0,0.15008782469269227,0.001812380115038172,0.00027201618898237064,1563.0
17416.0,7,6893.42,2011-03-03 13:45:00,2011-11-10 12:47:00,251,984.77,10.179282868525895,6893.389999999999,High Value,29,0,0.0006150234164775715,0.024601140046477208,1.5130277200627616e-05,2186.0
17418.0,2,463.46000000000004,2011-01-20 11:39:00,2011-10-28 13:00:00,281,231.73,2.597864768683274,463.4599999999999,Medium Value,41,0,0.0035899379754463557,0.001653996707852062,5.9377455927813685e-06,2451.0
17419.0,12,4226.57,2010-12-07 15:03:00,2011-11-28 13:47:00,355,352.21,12.338028169014084,4226.5199999999995,High Value,10,0,8.799699810862214e-05,0.01508361059351594,1.327312452868815e-06,3025.0
17420.0,3,598.83,2010-12-01 09:56:00,2011-10-20 14:52:00,323,199.61,3.390092879256966,598.8300000000002,Medium Value,49,0,0.008179360748095093,0.0021371053565853596,1.7480155668198057e-05,2154.0
17422.0,6,1979.37,2011-02-16 14:44:00,2011-11-23 13:27:00,279,329.9,7.849462365591399,1979.4,High Value,15,0,0.00018655466427736612,0.00706408553817454,1.3178381060007484e-06,3031.0
17423.0,2,698.41,2011-05-06 09:14:00,2011-10-24 13:36:00,171,349.2,4.269005847953216,698.3999999999999,Medium Value,44,0,0.005045508788518559,0.0024924509143483364,1.257568299329565e-05,2237.0
17425.0,2,759.17,2011-10-10 11:37:00,2011-11-20 15:30:00,41,379.58,17.804878048780488,759.1599999999999,Medium Value,18,0,0.00032356541663182154,0.002709291288855503,8.766329646554955e-07,3272.0
17426.0,6,5037.26,2011-03-02 16:34:00,2011-12-01 18:07:00,274,839.54,7.992700729927008,5037.240000000001,High Value,3,0,3.9963042130878176e-05,0.017976909283780096,7.18411983090679e-07,3377.0
17427.0,1,100.8,2011-09-29 11:29:00,2011-09-29 11:29:00,1,100.8,365.0,100.8,Low Value,71,0,0.08287228998321206,0.00035973518351419296,2.9812078445352202e-05,2032.0
17428.0,28,17256.85,2010-12-06 09:37:00,2011-12-09 09:45:00,368,616.32,27.771739130434785,17256.960000000003,High Value,0,0,1.7498657394731202e-05,0.06158666341762985,1.07768392322973e-06,3139.0
17429.0,3,524.9200000000001,2011-05-05 09:53:00,2011-08-03 13:22:00,90,174.97,12.166666666666666,524.91,Medium Value,120,1,0.9548157651615803,0.0018732995553416172,0.0017886559483103544,481.0
17430.0,2,265.76,2010-12-09 13:05:00,2011-11-07 09:24:00,332,132.88,2.198795180722892,265.76000000000005,Low Value,32,0,0.0013761508356452095,0.000948444666376309,1.3052029201969996e-06,3038.0
17431.0,1,403.3,2011-01-30 14:36:00,2011-01-30 14:36:00,1,403.3,365.0,403.3,Medium Value,312,1,0.9999999999400195,0.0014392976141991472,0.0014392976141128174,609.0
17432.0,2,365.76,2011-11-02 17:30:00,2011-11-21 17:33:00,19,182.88,38.421052631578945,365.76,Low Value,17,0,0.0003184907216721079,0.0013053248087515003,4.1573384035577156e-07,3696.0
17433.0,1,303.15999999999997,2011-09-12 14:24:00,2011-09-12 14:24:00,1,303.16,365.0,303.16,Low Value,87,0,0.3165968365541419,0.0010819178396246304,0.0003425317654366494,1494.0
17434.0,7,2373.82,2011-09-15 13:54:00,2011-12-07 13:16:00,82,339.12,31.158536585365855,2373.84,High Value,1,0,4.469709813705707e-05,0.008471763571759246,3.7866324776086815e-07,3749.0
17436.0,2,216.29999999999998,2011-04-27 11:33:00,2011-12-08 12:30:00,225,108.15,3.2444444444444445,216.30000000000004,Low Value,1,0,5.2292599931487626e-05,0.0007719317479575392,4.036631807035754e-08,4312.0
17438.0,1,388.45000000000005,2011-03-31 10:26:00,2011-03-31 10:26:00,1,388.45,365.0,388.45,Low Value,246,1,0.9999999245743564,0.001386300913056431,0.0013863008084937923,627.0
17440.0,3,186.42000000000002,2011-04-06 12:05:00,2011-07-06 11:54:00,90,62.14,12.166666666666666,186.42000000000002,Low Value,147,1,0.997594609056758,0.0006652959614158319,0.0006636956645356668,1128.0
17442.0,6,2248.56,2011-02-22 13:02:00,2011-11-03 09:17:00,253,374.76,8.656126482213438,2248.56,High Value,28,0,0.0007580728771761733,0.008024664129391604,6.083280224940325e-06,2442.0
17443.0,1,534.24,2011-05-04 10:47:00,2011-05-04 10:47:00,1,534.24,365.0,534.24,Medium Value,219,1,0.9999984960142443,0.0019065964726252228,0.001906593605131286,447.0
17444.0,3,2940.04,2011-06-20 09:04:00,2011-07-15 12:05:00,25,980.01,43.8,2940.0299999999997,High Value,147,1,0.9963294313809754,0.01049238324987334,0.010453870237177575,30.0
17446.0,2,120.9,2011-02-02 14:40:00,2011-06-16 10:42:00,133,60.45,5.488721804511278,120.9,Low Value,176,1,0.9998956592082126,0.0004314680921316065,0.00043142307240924245,1378.0
17447.0,2,541.53,2011-09-29 10:10:00,2011-10-30 14:18:00,31,270.76,23.548387096774192,541.5199999999999,Medium Value,39,0,0.003307356920115409,0.0019325773469901363,6.391723062226105e-06,2428.0
17449.0,7,2520.86,2010-12-15 10:57:00,2011-12-07 16:56:00,357,360.12,7.1568627450980395,2520.84,High Value,1,0,3.74237766116096e-05,0.008996377381050776,3.3667841742218165e-07,3819.0
17450.0,46,194550.79,2010-12-07 09:23:00,2011-12-01 13:29:00,359,4229.36,46.76880222841226,194550.56000000003,High Value,7,0,4.217325978892064e-06,0.6943123155197324,2.928141365706071e-06,2694.0
17451.0,7,1721.4,2011-08-26 11:54:00,2011-12-08 15:02:00,104,245.91,24.56730769230769,1721.37,High Value,0,0,4.155588556287377e-05,0.006143227706803833,2.5528726757061554e-07,3938.0
17453.0,2,486.71999999999997,2011-10-06 17:02:00,2011-11-22 09:42:00,46,243.36,15.869565217391305,486.72,Medium Value,17,0,0.00030949571823818157,0.0017370070289685318,5.375962380153856e-07,3539.0
17454.0,4,517.53,2010-12-15 10:54:00,2011-05-31 13:58:00,167,129.38,8.742514970059881,517.5200000000001,Medium Value,191,1,0.9999770989877294,0.0018469261128200912,0.0018468838163425184,463.0
17455.0,1,131.7,2011-05-20 12:31:00,2011-05-20 12:31:00,1,131.7,365.0,131.7,Low Value,203,1,0.9999929975780383,0.0004700111475081271,0.0004700078562917455,1338.0
17456.0,1,249.86,2010-12-09 15:23:00,2010-12-09 15:23:00,1,249.86,365.0,249.86,Low Value,364,1,0.9999999999997997,0.0008917007237386534,0.0008917007237384748,955.0
17457.0,5,1737.7,2011-01-04 14:33:00,2011-08-05 12:48:00,212,347.54,8.608490566037737,1737.7000000000003,High Value,126,1,0.9703713447279139,0.0062015062340537025,0.0060177639436772325,77.0
17458.0,1,316.5,2011-11-24 13:01:00,2011-11-24 13:01:00,1,316.5,365.0,316.5,Low Value,14,0,0.0001703287663155593,0.001129525650617481,1.92390710591455e-07,4051.0
17459.0,2,657.3,2011-10-10 17:00:00,2011-10-27 13:25:00,16,328.65,45.625,657.3,Medium Value,42,0,0.004409097990570951,0.0023457731758321334,1.0342743795896697e-05,2284.0
17460.0,6,622.4300000000001,2010-12-01 16:24:00,2011-09-06 15:04:00,278,103.74,7.8776978417266195,622.44,Medium Value,78,0,0.16005949477686046,0.002221364758200142,0.0003555505209126375,1480.0
17461.0,3,757.46,2011-11-10 12:01:00,2011-11-17 10:21:00,6,252.49,182.5,757.4700000000001,Medium Value,22,0,0.00046196291291225426,0.002703260014449363,1.2488058706342504e-06,3063.0
17462.0,2,675.69,2011-02-28 17:01:00,2011-10-10 13:56:00,223,337.84,3.273542600896861,675.6799999999998,Medium Value,50,0,0.009341427074275854,0.002411367746000693,2.252561594852641e-05,2088.0
17463.0,5,1896.41,2011-01-30 15:48:00,2011-11-23 13:40:00,296,379.28,6.165540540540541,1896.4,High Value,15,0,0.0001847063581033354,0.006767875020003131,1.2500695470433165e-06,3062.0
17464.0,1,289.96000000000004,2011-07-04 13:19:00,2011-07-04 13:19:00,1,289.96,365.0,289.96,Low Value,157,1,0.9989028065251401,0.0010348096608311051,0.0010336742744235193,881.0
17466.0,2,763.28,2011-09-22 09:16:00,2011-11-29 13:15:00,68,381.64,10.735294117647058,763.2799999999999,Medium Value,9,0,0.00012053308406161428,0.002723994750721361,3.2833148827209385e-07,3840.0
17468.0,2,137.0,2011-11-25 12:52:00,2011-11-29 15:33:00,4,68.5,182.5,137.0,Low Value,9,0,0.0001267955947578826,0.0004889257950540123,6.19936369763441e-08,4275.0
17469.0,5,1870.97,2011-05-19 08:55:00,2011-11-23 13:15:00,188,374.19,9.707446808510639,1870.95,High Value,15,0,0.0001987224353516094,0.006677049023768645,1.326879442965391e-06,3026.0
17470.0,5,1125.07,2010-12-07 09:57:00,2011-10-26 12:42:00,323,225.01,5.65015479876161,1125.05,Medium Value,44,0,0.004490685072855872,0.004015080041792091,1.8030460009997276e-05,2150.0
17472.0,3,710.29,2011-02-13 14:40:00,2011-06-01 14:57:00,108,236.76,10.138888888888888,710.28,Medium Value,190,1,0.9999747700452369,0.0025348482752625095,0.0025347843211551936,299.0
17475.0,1,194.37,2011-09-21 14:55:00,2011-09-21 14:55:00,1,194.37,365.0,194.37,Low Value,78,0,0.15560743718270562,0.0006936679327346596,0.00010793988926866581,1771.0
17480.0,1,511.82,2011-09-23 11:39:00,2011-09-23 11:39:00,1,511.82,365.0,511.82,Medium Value,73,0,0.08430165298365412,0.0018265839447047048,0.0001539840458520101,1696.0
17481.0,4,1255.59,2011-09-07 09:57:00,2011-12-06 12:28:00,90,313.9,16.22222222222222,1255.6,High Value,3,0,6.0797105138936654e-05,0.004480987067662904,2.72431041878917e-07,3914.0
17483.0,3,414.04,2011-06-09 19:40:00,2011-10-05 13:10:00,117,138.01,9.35897435897436,414.03,Medium Value,64,0,0.04701588590714739,0.0014775908534760051,6.94702429844724e-05,1850.0
17486.0,1,396.87,2011-03-23 14:00:00,2011-03-23 14:00:00,1,396.87,365.0,396.86999999999995,Medium Value,260,1,0.9999999833601729,0.0014163502210444222,0.0014163501974765993,615.0
17489.0,2,376.64,2011-05-11 11:34:00,2011-10-12 08:56:00,153,188.32,4.771241830065359,376.63999999999993,Low Value,58,0,0.024614250806410207,0.0013441533682419207,3.308532812818769e-05,2006.0
17490.0,7,2092.32,2011-06-16 09:15:00,2011-12-09 09:08:00,175,298.9,14.6,2092.2999999999997,High Value,0,0,3.89175857723166e-05,0.00746700321891613,2.9059773823433264e-07,3884.0
17491.0,10,3558.87,2010-12-07 12:18:00,2011-12-08 16:18:00,366,355.89,9.972677595628415,3558.9,High Value,0,0,3.105081850484503e-05,0.012701007386990688,3.9437667520214385e-07,3724.0
17492.0,1,374.57,2011-04-05 15:21:00,2011-04-05 15:21:00,1,374.57,365.0,374.57,Low Value,247,1,0.9999999327629853,0.0013367659492947545,0.0013367658594146026,651.0
17495.0,2,497.56,2011-11-01 12:06:00,2011-12-02 12:08:00,31,248.78,23.548387096774192,497.56,Medium Value,7,0,0.00010499555473119327,0.0017756928364020025,1.8643985439023427e-07,4066.0
17496.0,1,271.05,2010-12-16 08:39:00,2010-12-16 08:39:00,1,271.05,365.0,271.05,Low Value,358,1,0.9999999999996128,0.0009673236259079565,0.0009673236259075819,910.0
17498.0,1,272.22,2011-09-25 12:25:00,2011-09-25 12:25:00,1,272.22,365.0,272.22,Low Value,75,0,0.11370128430683084,0.0009714991235737463,0.00011046069805329552,1768.0
17499.0,1,622.88,2011-02-23 09:14:00,2011-02-23 09:14:00,1,622.88,365.0,622.88,Medium Value,289,1,0.9999999991962494,0.0022229350308265927,0.0022229350290399073,359.0
17500.0,3,1138.0,2011-11-10 09:08:00,2011-11-22 14:25:00,12,379.33,91.25,1137.99,Medium Value,16,0,0.00024406908350244655,0.0040612603322154415,9.912280871486643e-07,3183.0
17501.0,2,288.6,2011-05-03 09:46:00,2011-05-03 09:47:00,1,144.3,730.0,288.6,Low Value,220,1,0.9999984448350792,0.0010299560908948026,0.00102995448914322,886.0
17502.0,4,689.1,2011-11-10 16:39:00,2011-11-30 13:13:00,19,172.28,76.84210526315789,689.1199999999999,Medium Value,8,0,0.00011156186175930444,0.002459332437135919,2.7436770537193066e-07,3911.0
17503.0,2,558.96,2011-11-01 11:12:00,2011-12-07 09:18:00,35,279.48,20.857142857142858,558.96,Medium Value,2,0,6.018934976165055e-05,0.0019948172438203704,1.2006675279887601e-07,4185.0
17504.0,9,2997.0299999999997,2011-01-21 11:09:00,2011-05-17 12:59:00,116,333.0,28.31896551724138,2997.0000000000005,High Value,205,1,0.999993856672011,0.01069569786698449,0.010695632159804421,27.0
17505.0,2,1145.84,2011-05-18 09:01:00,2011-07-01 12:50:00,44,572.92,16.59090909090909,1145.84,Medium Value,161,1,0.9993570923541427,0.0040892754233918934,0.004086646396956178,148.0
17506.0,1,302.2,2011-09-25 11:39:00,2011-09-25 11:39:00,1,302.2,365.0,302.2,Low Value,69,0,0.06195635094225238,0.0010784917902578286,6.681941584555207e-05,1861.0
17507.0,2,605.58,2011-02-03 18:08:00,2011-03-23 11:48:00,47,302.79,15.53191489361702,605.58,Medium Value,261,1,0.9999999887400403,0.0021611947661956846,0.0021611947418607187,376.0
17508.0,1,387.31,2011-03-04 08:10:00,2011-03-04 08:10:00,1,387.31,365.0,387.31,Low Value,280,1,0.9999999980990775,0.001382232479433354,0.0013822324768058372,629.0
17509.0,8,6115.14,2011-10-07 13:14:00,2011-10-13 10:26:00,5,764.39,584.0,6115.12,High Value,57,0,0.010024346261827449,0.021823648962413806,0.0002187678138958073,1617.0
17510.0,1,308.48,2011-11-15 10:00:00,2011-11-15 10:00:00,1,308.48,365.0,308.48,Low Value,24,0,0.0005045593238826657,0.0011009038631989907,5.554713088754974e-07,3522.0
17511.0,31,91062.38,2010-12-01 10:19:00,2011-12-07 10:12:00,370,2937.5,30.581081081081084,91062.5,High Value,2,0,6.5911549995404956e-06,0.3249839796504087,2.142019782243358e-06,2817.0
17512.0,10,2924.9900000000002,2011-02-11 12:22:00,2011-11-11 12:11:00,272,292.5,13.419117647058824,2925.0,High Value,28,0,0.0007045076465658614,0.01043874416447435,7.354175084416945e-06,2382.0
17513.0,1,513.2,2011-09-28 16:42:00,2011-09-28 16:42:00,1,513.2,365.0,513.2,Medium Value,71,0,0.06898183590825678,0.0018315088906694827,0.00012634084576067567,1738.0
17514.0,1,208.65,2011-08-03 15:45:00,2011-08-03 15:45:00,1,208.65,365.0,208.65,Low Value,127,1,0.9735514432170205,0.000744630417065837,0.0007249360171977375,1069.0
17515.0,4,639.02,2011-01-25 14:33:00,2011-11-08 14:04:00,286,159.76,5.104895104895105,639.04,Medium Value,30,0,0.001073716332390374,0.0022806068618344234,2.4487248353131777e-06,2760.0
17516.0,5,768.08,2011-02-27 12:41:00,2011-11-24 16:51:00,270,153.62,6.759259259259259,768.1,Medium Value,14,0,0.00018798657155114418,0.0027411963735838457,5.153081082184565e-07,3571.0
17517.0,1,153.94,2011-02-04 11:48:00,2011-02-04 11:48:00,1,153.94,365.0,153.94,Low Value,308,1,0.9999999999179794,0.0005493812911723697,0.000549381291127309,1251.0
17519.0,6,1844.02,2010-12-06 15:18:00,2011-11-22 16:43:00,351,307.34,6.23931623931624,1844.04,High Value,16,0,0.00020034600534720476,0.00658101257745548,1.3184795810329173e-06,3029.0
17520.0,1,546.81,2011-10-17 12:04:00,2011-10-17 12:04:00,1,546.81,365.0,546.81,Medium Value,53,0,0.01028241197384346,0.0019514563065217842,2.006567769261193e-05,2117.0
17521.0,3,723.2099999999999,2011-05-24 15:14:00,2011-11-10 11:22:00,169,241.07,6.479289940828402,723.2099999999999,Medium Value,23,0,0.0005365915120434516,0.002580992877671622,1.3849388708031948e-06,3012.0
17522.0,5,1070.71,2011-05-05 16:31:00,2011-12-08 12:31:00,216,214.14,8.449074074074074,1070.7,Medium Value,1,0,4.632336990995116e-05,0.0038211156844111752,1.7700695531769505e-07,4084.0
17523.0,4,652.74,2011-11-20 13:40:00,2011-11-28 13:20:00,7,163.18,208.57142857142856,652.7199999999999,Medium Value,10,0,0.00012563744730713803,0.0023294280653113494,2.9266339581132316e-07,3883.0
17524.0,1,145.0,2010-12-13 14:32:00,2010-12-13 14:32:00,1,145.0,365.0,145.0,Low Value,360,1,0.9999999999997065,0.0005174762064440276,0.0005174762064438757,1281.0
17525.0,1,422.70000000000005,2010-12-15 12:05:00,2010-12-15 12:05:00,1,422.7,365.0,422.7,Medium Value,359,1,0.9999999999996263,0.0015085323618199342,0.0015085323618193704,574.0
17526.0,4,1195.8999999999999,2010-12-09 12:20:00,2011-12-05 11:05:00,360,298.97,4.055555555555555,1195.88,Medium Value,0,0,3.7189597337891525e-05,0.00426785824663644,1.5871992968760892e-07,4125.0
17527.0,4,939.37,2011-05-05 13:43:00,2011-10-17 12:32:00,164,234.84,8.902439024390244,939.3599999999999,Medium Value,53,0,0.013359705155493692,0.003352389305415598,4.4786932686782686e-05,1952.0
17528.0,8,3628.5,2011-09-29 13:04:00,2011-12-08 13:27:00,70,453.56,41.714285714285715,3628.48,High Value,0,0,3.703826112403117e-05,0.012949324590055347,4.796204655463078e-07,3615.0
17530.0,10,2385.0,2010-12-09 20:01:00,2011-12-08 18:42:00,363,238.5,10.055096418732782,2385.0,High Value,0,0,3.292067682097176e-05,0.008511591395648317,2.802073495683022e-07,3901.0
17531.0,1,296.7,2011-06-02 19:17:00,2011-06-02 19:17:00,1,296.7,365.0,296.7,Low Value,120,1,0.9429814437538645,0.001058863382427193,0.0009984885210992949,899.0
17534.0,1,223.36,2011-10-17 12:47:00,2011-10-17 12:47:00,1,223.36,365.0,223.36,Low Value,53,0,0.011993704927240285,0.0007971274860092277,9.560511856587536e-06,2308.0
17535.0,1,164.4,2011-03-04 15:20:00,2011-03-04 15:20:00,1,164.4,365.0,164.4,Low Value,279,1,0.99999999809726,0.0005867109540648147,0.0005867109529484563,1202.0
17536.0,1,76.5,2011-06-15 13:23:00,2011-06-15 13:23:00,1,76.5,365.0,76.5,Low Value,176,1,0.9998732613256429,0.0002730133089170215,0.00027297870757216747,1556.0
17537.0,2,897.62,2011-02-09 13:37:00,2011-11-10 10:56:00,273,448.81,2.673992673992674,897.62,Medium Value,29,0,0.0008894413962851358,0.0032034275339881935,2.8492610587287083e-06,2700.0
17538.0,1,98.42,2011-11-14 12:12:00,2011-11-14 12:12:00,1,98.42,365.0,98.42,Low Value,25,0,0.0006219834449341591,0.00035124143612566344,2.1846635844506154e-07,4006.0
17540.0,2,578.9,2011-01-27 14:35:00,2011-11-15 11:56:00,291,289.45,2.508591065292096,578.9,Medium Value,8,0,9.779221616645712e-05,0.0020659791442099833,2.0203667906597476e-07,4034.0
17542.0,1,170.75,2011-03-15 11:45:00,2011-03-15 11:45:00,1,170.75,365.0,170.75,Low Value,269,1,0.9999999943662212,0.0006093728431056394,0.0006093728396725676,1184.0
17545.0,3,645.96,2011-10-27 13:48:00,2011-10-27 14:04:00,1,215.32,1095.0,645.96,Medium Value,42,0,0.0019135490219108747,0.002305302967686787,4.411310239025288e-06,2548.0
17548.0,1,103.3,2011-04-20 12:01:00,2011-04-20 12:01:00,1,103.3,365.0,103.3,Low Value,217,1,0.9999984823066693,0.00036865718707357277,0.00036865662756501864,1459.0
17549.0,2,148.86,2011-10-19 10:05:00,2011-11-16 09:59:00,27,74.43,27.037037037037035,148.85999999999999,Low Value,23,0,0.0006448318571670463,0.00053125177993971,3.425680718818222e-07,3813.0
17550.0,3,267.16,2011-04-10 15:19:00,2011-05-26 14:09:00,45,89.05,24.333333333333332,267.15,Low Value,196,1,0.9999881016837648,0.0009534053003553239,0.00095339395643756,918.0
17551.0,1,306.84,2010-12-15 14:12:00,2010-12-15 14:12:00,1,306.84,365.0,306.84,Low Value,358,1,0.9999999999996061,0.0010950510288640373,0.001095051028863606,827.0
17552.0,4,930.41,2010-12-02 18:45:00,2011-10-10 17:00:00,311,232.6,4.694533762057878,930.4,Medium Value,42,0,0.0037270360534039327,0.0033204128446587813,1.237529838422879e-05,2245.0
17553.0,1,1487.6,2011-08-02 10:00:00,2011-08-02 10:00:00,1,1487.6,365.0,1487.6,High Value,129,1,0.961084576551588,0.005308948997973348,0.005102348999651192,109.0
17554.0,5,1952.45,2011-07-14 20:01:00,2011-12-08 14:15:00,146,390.49,12.5,1952.45,High Value,0,0,3.9920561275492775e-05,0.006967906339804425,2.7816273200005713e-07,3905.0
17555.0,2,483.26,2011-01-09 12:31:00,2011-11-20 12:22:00,314,241.63,2.3248407643312103,483.26,Medium Value,19,0,0.00032400912854480115,0.0017246589760423502,5.58805251864451e-07,3516.0
17556.0,1,157.9,2011-05-18 10:48:00,2011-05-18 10:48:00,1,157.9,365.0,157.9,Low Value,205,1,0.9999942890711363,0.0005635137448104273,0.000563510526623517,1229.0
17557.0,3,541.46,2011-09-19 14:23:00,2011-11-25 12:57:00,66,180.49,16.59090909090909,541.4699999999999,Medium Value,13,0,0.00019915857109373129,0.001932398906918949,3.848538050850661e-07,3737.0
17560.0,4,854.95,2011-02-02 11:14:00,2011-09-06 09:18:00,215,213.74,6.790697674418604,854.9599999999999,Medium Value,94,1,0.5282278094426779,0.0030511824652509367,0.0016117194298294118,543.0
17561.0,1,167.62,2011-11-20 12:53:00,2011-11-20 12:53:00,1,167.62,365.0,167.62,Low Value,18,0,0.00028209583595385535,0.000598202494649296,1.6875043279777484e-07,4100.0
17562.0,7,1122.38,2011-06-19 13:06:00,2011-11-25 14:21:00,159,160.34,16.069182389937104,1122.3799999999999,Medium Value,13,0,0.00017154501862227053,0.004005551341990673,6.871323795542507e-07,3409.0
17564.0,3,454.01,2011-09-20 14:00:00,2011-11-15 13:27:00,55,151.34,19.909090909090907,454.01999999999987,Medium Value,23,0,0.0005987761845179878,0.0016203072224118438,9.702013763827024e-07,3202.0
17566.0,2,901.21,2011-11-14 13:42:00,2011-12-01 19:54:00,17,450.6,42.94117647058823,901.2,Medium Value,7,0,9.464336321299899e-05,0.0032162038430852257,3.0439234848815825e-07,3872.0
17567.0,8,4331.48,2010-12-02 15:18:00,2011-12-02 15:48:00,365,541.43,8.0,4331.44,High Value,6,0,5.7172808008466614e-05,0.015458049238895991,8.83780081320824e-07,3265.0
17569.0,1,344.14,2011-01-11 14:15:00,2011-01-11 14:15:00,1,344.14,365.0,344.14,Low Value,331,1,0.9999999999925446,0.0012281673219699837,0.0012281673219608272,716.0
17571.0,4,1498.51,2011-02-14 15:15:00,2011-10-20 15:57:00,248,374.63,5.887096774193548,1498.5199999999998,High Value,49,0,0.007713107915916801,0.005347920309520718,4.1249086473056476e-05,1967.0
17572.0,4,226.75000000000003,2010-12-01 12:51:00,2011-09-29 17:53:00,302,56.69,4.8344370860927155,226.76000000000002,Low Value,70,0,0.07821013831765501,0.0008092614108499842,6.32924468777179e-05,1869.0
17573.0,3,380.6,2011-09-07 10:36:00,2011-11-10 13:01:00,64,126.87,17.109375,380.60999999999996,Low Value,28,0,0.0010365417705840653,0.001358321509894216,1.4079569828881716e-06,3004.0
17574.0,1,185.65,2011-04-11 09:47:00,2011-04-11 09:47:00,1,185.65,365.0,185.65,Low Value,242,1,0.999999894521133,0.000662547984319543,0.0006625479144347322,1129.0
17576.0,19,3622.68,2010-12-09 16:57:00,2011-12-01 17:56:00,357,190.67,19.425770308123248,3622.729999999999,High Value,7,0,5.769056814418726e-05,0.01292880398186877,7.458700471388398e-07,3348.0
17578.0,1,143.45999999999998,2011-05-05 18:38:00,2011-05-05 18:38:00,1,143.46,365.0,143.46,Low Value,190,1,0.9999712380756117,0.0005119802522514496,0.0005119655267141461,1287.0
17579.0,3,448.90000000000003,2011-06-13 14:12:00,2011-12-05 12:28:00,174,149.63,6.293103448275862,448.88999999999993,Medium Value,4,0,7.151036295318787e-05,0.0016019992711079967,1.1455954932767527e-07,4196.0
17580.0,3,215.72,2010-12-16 15:27:00,2011-04-01 12:41:00,105,71.91,10.428571428571429,215.73,Low Value,252,1,0.9999999716789773,0.0007698975311460005,0.000769897509341715,1033.0
17581.0,25,11045.04,2010-12-02 14:47:00,2011-12-09 12:21:00,371,441.8,24.595687331536386,11044.999999999998,High Value,0,0,2.0464969913121876e-05,0.03941741172533989,8.066761450122184e-07,3316.0
17582.0,1,175.27,2011-04-17 13:18:00,2011-04-17 13:18:00,1,175.27,365.0,175.27,Low Value,235,1,0.9999997760965293,0.0006255038255409981,0.0006255036854885207,1168.0
17584.0,2,1242.3,2011-08-04 14:12:00,2011-12-02 17:12:00,120,621.15,6.083333333333333,1242.2999999999997,High Value,6,0,7.521762624444032e-05,0.004433522008727002,3.334790013989279e-07,3828.0
17585.0,4,1133.07,2011-01-05 15:09:00,2011-08-22 13:30:00,228,283.27,6.4035087719298245,1133.08,Medium Value,108,1,0.8301123399650266,0.004043737517224819,0.003356756412627862,208.0
17588.0,3,1240.2,2011-04-21 10:31:00,2011-08-31 13:37:00,132,413.4,8.295454545454545,1240.1999999999998,High Value,99,1,0.6541884250750757,0.004426027525737124,0.002895455976400903,257.0
17589.0,4,2404.17,2011-04-13 13:47:00,2011-10-10 16:58:00,180,601.04,8.11111111111111,2404.16,High Value,59,0,0.021059684581346494,0.008579969630927402,0.000180691454144863,1660.0
17590.0,3,1479.22,2011-10-30 14:05:00,2011-12-07 12:55:00,37,493.07,29.594594594594597,1479.21,High Value,1,0,4.717169472520196e-05,0.005279006754028069,2.490196950532914e-07,3947.0
17591.0,7,2225.9700000000003,2010-12-07 15:39:00,2011-09-27 13:42:00,293,318.0,8.720136518771332,2226.0000000000005,High Value,72,0,0.07978300876528763,0.007944151969271764,0.0006338083461971861,1159.0
17593.0,5,3927.34,2010-12-22 10:29:00,2011-12-06 10:30:00,349,785.47,5.229226361031519,3927.35,High Value,3,0,4.000990708033342e-05,0.01401593227157208,5.607761478298455e-07,3514.0
17594.0,2,993.18,2011-03-30 10:32:00,2011-09-15 16:34:00,169,496.59,4.319526627218935,993.1800000000001,Medium Value,84,0,0.26422974186960807,0.0035444621980419266,0.0009365523316552019,931.0
17595.0,2,388.79,2011-11-02 16:19:00,2011-11-27 16:08:00,24,194.4,30.416666666666664,388.8,Medium Value,11,0,0.00016600704832759954,0.0013875499935547444,2.303430788370029e-07,3984.0
17596.0,7,2827.93,2010-12-06 12:34:00,2011-11-16 14:11:00,345,403.99,7.4057971014492745,2827.93,High Value,22,0,0.0003585072496650376,0.01009232061027075,3.6181701047259406e-06,2622.0
17597.0,1,2044.3700000000001,2011-05-10 11:54:00,2011-05-10 11:54:00,1,2044.37,365.0,2044.37,High Value,213,1,0.9999940439783167,0.007295950566675701,0.007295907111835926,51.0
17600.0,1,161.67000000000002,2011-11-22 09:43:00,2011-11-22 09:43:00,1,161.67,365.0,161.67,Low Value,17,0,0.0002538886805936645,0.000576968126177972,1.4648567629992425e-07,4148.0
17601.0,1,116.00999999999999,2011-04-14 18:02:00,2011-04-14 18:02:00,1,116.01,365.0,116.01,Low Value,238,1,0.999999842729968,0.0004140166531694596,0.0004140165880570473,1394.0
17602.0,6,5102.97,2011-01-19 16:18:00,2011-12-07 13:53:00,321,850.5,6.822429906542055,5102.999999999999,High Value,1,0,3.103521101882533e-05,0.018211593665406017,5.652006523949784e-07,3507.0
17603.0,1,394.72,2011-09-22 14:18:00,2011-09-22 14:18:00,1,394.72,365.0,394.72,Medium Value,49,0,0.007197807256589187,0.0014086772979833558,1.0139387677617047e-05,2293.0
17604.0,2,309.36,2011-01-31 15:09:00,2011-05-06 13:43:00,94,154.68,7.76595744680851,309.35999999999996,Low Value,216,1,0.9999985968718067,0.001104044408451892,0.0011040428593360558,815.0
17608.0,2,193.42,2011-11-06 13:00:00,2011-11-06 13:06:00,1,96.71,730.0,193.41999999999996,Low Value,32,0,0.0009550066982968674,0.0006902775713820952,6.592197043539948e-07,3424.0
17609.0,5,1112.22,2011-01-16 16:23:00,2011-10-30 12:28:00,286,222.44,6.381118881118882,1112.2000000000003,Medium Value,40,0,0.00299337186500961,0.00396922094349688,1.188135429827046e-05,2251.0
17611.0,15,3984.22,2010-12-13 13:52:00,2011-12-02 13:29:00,353,265.61,15.509915014164307,3984.1500000000005,High Value,3,0,3.996708227961033e-05,0.014218640192441193,5.682775624754716e-07,3504.0
17612.0,6,2048.45,2011-02-15 10:40:00,2011-10-17 14:59:00,244,341.41,8.975409836065573,2048.46,High Value,52,0,0.010310595658395785,0.007310546964498847,7.53760937926603e-05,1837.0
17613.0,14,4559.150000000001,2011-02-07 11:20:00,2011-11-17 10:51:00,282,325.65,18.120567375886527,4559.1,High Value,22,0,0.0003256197062801813,0.016270522571027356,5.298002780602988e-06,2481.0
17614.0,1,390.07,2011-10-13 16:01:00,2011-10-13 16:01:00,1,390.07,365.0,390.07,Medium Value,56,0,0.015264901537809314,0.0013920823713629092,2.125000033137491e-05,2107.0
17615.0,3,329.6,2011-05-01 15:33:00,2011-08-01 14:06:00,91,109.87,12.032967032967033,329.60999999999996,Low Value,129,1,0.9829719578265027,0.0011763126372828683,0.0011562823360859978,766.0
17616.0,3,571.1999999999999,2010-12-07 10:04:00,2011-06-19 10:11:00,194,190.4,5.644329896907217,571.2,Medium Value,173,1,0.9998358777398137,0.002038499373247094,0.0020381648101225683,416.0
17618.0,3,971.58,2010-12-12 16:05:00,2011-12-04 11:50:00,356,323.86,3.0758426966292136,971.58,Medium Value,5,0,6.489558994837073e-05,0.003467376087288885,2.2501741675748564e-07,3996.0
17619.0,1,218.52,2011-01-31 14:18:00,2011-01-31 14:18:00,1,218.52,365.0,218.52,Low Value,311,1,0.9999999999388502,0.0007798544871182684,0.0007798544870705806,1021.0
17620.0,1,81.44,2011-10-11 12:08:00,2011-10-11 12:08:00,1,81.44,365.0,81.44,Low Value,59,0,0.02427951860342261,0.0002906431879503559,7.0566766887987206e-06,2398.0
17621.0,3,1379.9,2010-12-20 13:31:00,2011-11-18 17:11:00,333,459.97,3.2882882882882885,1379.9100000000003,High Value,20,0,0.00031299156349687973,0.004924624772649506,1.5413660072270347e-06,2964.0
17623.0,1,527.0500000000001,2011-11-07 11:32:00,2011-11-07 11:32:00,1,527.05,365.0,527.05,Medium Value,32,0,0.0010790705183038648,0.0018809367903884465,2.029663437301269e-06,2846.0
17624.0,2,843.48,2011-05-05 17:59:00,2011-11-25 10:52:00,203,421.74,3.5960591133004924,843.48,Medium Value,14,0,0.000186356095677621,0.0030102126249062647,5.609714719370146e-07,3513.0
17625.0,4,2047.0,2011-03-27 12:21:00,2011-11-21 13:36:00,239,511.75,6.108786610878661,2046.9999999999998,High Value,17,0,0.00022914937811074708,0.007305336514420168,1.6740133191691143e-06,2927.0
17628.0,1,75.75,2011-09-19 15:21:00,2011-09-19 15:21:00,1,75.75,365.0,75.75,Low Value,80,0,0.19502192857193656,0.0002703367078492075,5.2721586128540626e-05,1917.0
17629.0,8,1814.12,2010-12-15 09:58:00,2011-12-04 10:56:00,354,226.76,8.248587570621469,1814.08,High Value,5,0,6.013425686742408e-05,0.0064740912867998724,3.893146684235756e-07,3729.0
17630.0,2,503.59999999999997,2011-04-21 14:03:00,2011-06-23 11:58:00,62,251.8,11.774193548387096,503.6,Medium Value,169,1,0.9997662717708357,0.0017972483970014642,0.0017968283293162647,479.0
17631.0,3,528.33,2011-04-21 13:22:00,2011-12-08 09:47:00,230,176.11,4.760869565217391,528.3299999999999,Medium Value,1,0,4.9179362742222244e-05,0.0018855048562108488,9.272792727581493e-08,4226.0
17633.0,4,1324.84,2011-08-11 15:43:00,2011-11-08 13:25:00,88,331.21,16.59090909090909,1324.8399999999997,High Value,30,0,0.0011207628982766304,0.004728090878243486,5.2990688360154675e-06,2480.0
17634.0,9,2361.9700000000003,2011-01-06 12:45:00,2011-11-03 13:09:00,301,262.44,10.913621262458472,2361.96,High Value,35,0,0.0015332543641266138,0.008429366210845073,1.2924362529599626e-05,2229.0
17636.0,1,285.56,2011-11-20 14:40:00,2011-11-20 14:40:00,1,285.56,365.0,285.56,Low Value,8,0,9.030966769620736e-05,0.0010191069345665967,9.203520860760989e-08,4227.0
17637.0,2,547.0600000000001,2011-08-16 13:25:00,2011-11-08 12:51:00,83,273.53,8.795180722891567,547.06,Medium Value,30,0,0.0012209074307712828,0.001952348506877722,2.3836367995022297e-06,2771.0
17639.0,1,108.5,2011-03-08 15:22:00,2011-03-08 15:22:00,1,108.5,365.0,108.5,Low Value,275,1,0.9999999971441722,0.00038721495447708275,0.00038721495337126354,1439.0
17640.0,1,621.66,2011-09-14 09:13:00,2011-09-14 09:13:00,1,621.66,365.0,621.66,Medium Value,86,0,0.26289145860945556,0.002218581093089615,0.0005832460196056892,1206.0
17642.0,2,712.29,2011-06-16 12:55:00,2011-08-12 09:11:00,56,356.14,13.035714285714285,712.2799999999999,Medium Value,119,1,0.9479348373052217,0.002541985878110013,0.0024096369697983863,317.0
17643.0,1,101.55,2010-12-01 14:38:00,2010-12-01 14:38:00,1,101.55,365.0,101.55,Low Value,372,1,0.9999999999999216,0.00036241178458200693,0.0003624117845819785,1471.0
17644.0,11,2895.64,2011-03-24 09:44:00,2011-12-08 13:43:00,259,263.24,15.5019305019305,2895.6399999999994,High Value,0,0,3.393954823834949e-05,0.010333964154672992,3.5073007492089853e-07,3801.0
17646.0,3,1008.39,2010-12-09 14:28:00,2011-05-04 13:17:00,145,336.13,7.551724137931035,1008.39,Medium Value,218,1,0.9999986924500139,0.003598743667697193,0.0035987389621599604,194.0
17647.0,1,133.06,2011-10-05 15:38:00,2011-10-05 15:38:00,1,133.06,365.0,133.06,Low Value,64,0,0.04003382637277098,0.00047486471744442974,1.901065164872525e-05,2134.0
17648.0,4,1797.5,2011-04-04 10:29:00,2011-10-10 09:41:00,188,449.38,7.76595744680851,1797.5199999999998,High Value,60,0,0.02501269546146333,0.00641499193522254,0.0001604562396634647,1683.0
17649.0,1,868.49,2011-07-24 15:53:00,2011-07-24 15:53:00,1,868.49,365.0,868.4899999999999,Medium Value,134,1,0.9828062524613935,0.0030994683485143,0.003046176872226044,239.0
17650.0,1,166.08,2011-11-18 14:52:00,2011-11-18 14:52:00,1,166.08,365.0,166.08,Low Value,20,0,0.00035051568906980824,0.000592706540456718,2.077529414443687e-07,4026.0
17651.0,10,3945.0,2011-06-15 15:57:00,2011-11-28 10:29:00,165,394.5,22.12121212121212,3945.0,High Value,11,0,0.00011381494373162675,0.014078921616701302,1.6023916716068422e-06,2949.0
17652.0,12,4867.72,2011-03-03 14:05:00,2011-11-14 12:55:00,255,405.64,17.176470588235293,4867.68,High Value,24,0,0.0004160575381627912,0.01737178331436872,7.227661399273703e-06,2388.0
17653.0,4,1207.56,2011-08-11 15:24:00,2011-11-03 12:46:00,83,301.89,17.590361445783135,1207.5600000000002,High Value,28,0,0.0009179732549317209,0.004309541847265863,3.956044156799105e-06,2588.0
17654.0,1,117.55,2011-03-07 13:17:00,2011-03-07 13:17:00,1,117.55,365.0,117.55,Low Value,276,1,0.9999999974259652,0.00041951260736203754,0.0004195126062821975,1392.0
17655.0,7,2638.94,2010-12-08 16:45:00,2011-11-29 11:34:00,355,376.99,7.19718309859155,2638.9300000000003,High Value,10,0,9.845921711117416e-05,0.009417817141181641,9.272709026169408e-07,3227.0
17656.0,5,1674.69,2011-08-03 10:45:00,2011-09-27 13:04:00,55,334.94,33.18181818181818,1674.6999999999996,High Value,72,0,0.09418422787450434,0.0059766717443573295,0.0005629082135016621,1230.0
17658.0,2,595.42,2011-05-12 15:23:00,2011-11-14 12:07:00,185,297.71,3.945945945945946,595.42,Medium Value,10,0,0.0001298559450536538,0.0021249357437303647,2.7593553918039524e-07,3908.0
17659.0,12,2999.46,2010-12-02 16:46:00,2011-11-22 13:29:00,354,249.96,12.372881355932204,2999.52,High Value,3,0,4.335894982356536e-05,0.010704691246572343,4.6414417063688954e-07,3633.0
17660.0,1,196.0,2011-07-21 13:37:00,2011-07-21 13:37:00,1,196.0,365.0,196.0,Low Value,140,1,0.993432256490165,0.0006994850790553752,0.0006948910404671829,1099.0
17663.0,7,1802.91,2011-02-25 14:11:00,2011-11-14 08:56:00,261,257.56,9.789272030651341,1802.92,High Value,25,0,0.0005624234921399289,0.006434263462910802,3.618780926158645e-06,2621.0
17664.0,2,604.64,2011-05-11 14:17:00,2011-11-21 11:29:00,193,302.32,3.7823834196891193,604.64,Medium Value,18,0,0.0003063271469613102,0.0021578400928573575,6.610049992437231e-07,3423.0
17666.0,2,728.16,2011-10-05 11:06:00,2011-12-06 09:06:00,61,364.08,11.967213114754099,728.1599999999999,Medium Value,3,0,6.373407646247774e-05,0.0025986584447191935,1.6562309601559658e-07,4108.0
17667.0,5,2055.51,2011-02-14 09:24:00,2011-10-04 14:32:00,232,411.1,7.866379310344828,2055.5000000000005,High Value,65,0,0.040796982703871755,0.007335671326522062,0.00029927325622940853,1533.0
17668.0,2,347.75,2011-11-01 14:45:00,2011-12-08 13:25:00,36,173.88,20.277777777777775,347.76,Low Value,0,0,5.0990893268587325e-05,0.0012410863831239657,6.328410329897121e-08,4273.0
17669.0,7,3406.7200000000003,2011-04-04 10:11:00,2011-10-28 08:53:00,206,486.67,12.402912621359222,3406.6899999999996,High Value,42,0,0.0032771303563350644,0.012157800122281409,3.984269584698256e-05,1972.0
17670.0,1,205.7,2011-04-26 09:12:00,2011-04-26 09:12:00,1,205.7,365.0,205.7,Low Value,227,1,0.9999994598730775,0.0007341024528657688,0.0007341020563572701,1061.0
17671.0,4,1572.71,2010-12-09 14:27:00,2011-11-24 12:21:00,349,393.18,4.1833810888252145,1572.72,High Value,15,0,0.00018155912097263154,0.005612725375163111,1.0190414853753982e-06,3172.0
17672.0,2,3178.17,2011-02-03 13:29:00,2011-10-20 14:18:00,259,1589.08,2.8185328185328187,3178.16,High Value,43,0,0.002356982351156743,0.011342221932911385,2.6733416918775057e-05,2062.0
17673.0,6,1629.12,2011-01-23 15:16:00,2011-12-08 12:50:00,318,271.52,6.886792452830188,1629.12,High Value,0,0,3.687490664978923e-05,0.005814005775462719,2.143909202315232e-07,4013.0
17674.0,2,551.04,2010-12-06 10:20:00,2011-09-26 13:35:00,294,275.52,2.4829931972789114,551.04,Medium Value,73,0,0.10046231850475729,0.001966552336544255,0.0001975644071901836,1645.0
17675.0,31,20374.28,2010-12-07 13:22:00,2011-12-08 18:03:00,366,657.23,30.915300546448087,20374.13,High Value,0,0,1.594562168321385e-05,0.0727112241517066,1.1594256724464753e-06,3104.0
17676.0,6,1387.68,2010-12-08 13:49:00,2011-12-05 15:16:00,362,231.28,6.049723756906077,1387.6799999999998,High Value,3,0,5.051654825355669e-05,0.004952354359712056,2.5017584798110593e-07,3943.0
17677.0,30,16363.23,2010-12-06 08:42:00,2011-12-08 09:56:00,367,545.44,29.83651226158038,16363.200000000003,High Value,1,0,1.9210259307840666e-05,0.058397011457137334,1.1218217328945505e-06,3113.0
17678.0,1,298.11,2011-03-21 11:52:00,2011-03-21 11:52:00,1,298.11,365.0,298.11,Low Value,263,1,0.9999999885322729,0.0010638953924346833,0.0010638953802342213,862.0
17679.0,2,1992.1100000000001,2011-09-15 10:35:00,2011-10-18 07:43:00,32,996.06,22.8125,1992.12,High Value,52,0,0.009468314259530071,0.007109480692284663,6.73147974166126e-05,1859.0
17680.0,1,184.4,2011-11-16 12:42:00,2011-11-16 12:42:00,1,184.4,365.0,184.4,Low Value,23,0,0.0004806726812669312,0.0006580869825398531,3.163244344042953e-07,3848.0
17682.0,6,2474.33,2010-12-06 13:35:00,2011-11-29 15:59:00,358,412.39,6.11731843575419,2474.34,High Value,9,0,8.887431667474361e-05,0.008830428114846313,7.847982646524104e-07,3328.0
17684.0,1,239.41,2011-10-27 11:10:00,2011-10-27 11:10:00,1,239.41,365.0,239.41,Low Value,43,0,0.004064218559735061,0.0008544067488604458,3.472495766281517e-06,2632.0
17685.0,7,3191.53,2010-12-02 14:42:00,2011-11-23 11:36:00,355,455.93,7.19718309859155,3191.51,High Value,16,0,0.00018145775005573632,0.011389865431918474,2.0667793547135335e-06,2836.0
17686.0,7,5739.46,2011-02-10 10:18:00,2011-12-02 15:39:00,295,819.92,8.661016949152543,5739.4400000000005,High Value,6,0,5.369040981997648e-05,0.02048292164353869,1.0997364573520585e-06,3127.0
17690.0,15,4757.95,2010-12-01 16:15:00,2011-11-09 15:17:00,342,317.2,16.00877192982456,4758.0,High Value,29,0,0.0006545924570944139,0.01698035717421161,1.1115213725007936e-05,2268.0
17691.0,2,290.40000000000003,2010-12-06 11:10:00,2010-12-16 17:20:00,10,145.2,73.0,290.4,Low Value,357,1,0.9999999999996723,0.0010363799334575559,0.0010363799334572163,876.0
17692.0,4,740.9399999999999,2010-12-15 13:37:00,2011-08-04 14:01:00,232,185.24,6.293103448275862,740.96,Medium Value,126,1,0.9728629247757634,0.0026443391029432185,0.002572579473788258,294.0
17693.0,1,200.47,2011-07-25 15:48:00,2011-07-25 15:48:00,1,200.47,365.0,200.47,Low Value,135,1,0.9887450615083125,0.0007154376214195463,0.0007073854149958302,1088.0
17694.0,1,283.12,2011-07-21 12:00:00,2011-07-21 12:00:00,1,283.12,365.0,283.12,Low Value,141,1,0.9938510579433374,0.001010399059092642,0.001004186173824175,897.0
17695.0,2,765.34,2011-06-21 12:35:00,2011-07-31 10:40:00,39,382.67,18.71794871794872,765.3400000000001,Medium Value,131,1,0.9851497600712183,0.0027313464816542906,0.0026907853310730906,280.0
17696.0,8,2285.71,2010-12-10 09:51:00,2011-11-01 13:43:00,326,285.71,8.957055214723926,2285.6799999999994,High Value,37,0,0.0018981731645421975,0.008157138038241274,1.5483660523655974e-05,2180.0
17697.0,1,338.95,2011-04-17 15:40:00,2011-04-17 15:40:00,1,338.95,365.0,338.95,Low Value,235,1,0.9999997577440601,0.0012096452425807115,0.0012096449495369664,723.0
17698.0,1,154.95,2011-03-24 11:34:00,2011-03-24 11:34:00,1,154.95,365.0,154.95,Low Value,260,1,0.9999999851891193,0.0005529857806103591,0.0005529857724201527,1247.0
17700.0,4,2534.64,2011-03-03 16:34:00,2011-11-23 11:51:00,264,633.66,5.53030303030303,2534.64,High Value,16,0,0.0001907425826763128,0.009045626840698552,1.7253862255210177e-06,2909.0
17701.0,1,417.95,2011-04-01 12:25:00,2011-04-01 12:25:00,1,417.95,365.0,417.95,Medium Value,252,1,0.9999999600396274,0.0014915805550571126,0.001491580495452998,581.0
17702.0,4,1824.37,2011-05-17 16:23:00,2011-11-09 16:03:00,175,456.09,8.342857142857143,1824.3600000000001,High Value,29,0,0.0008989209406099749,0.0065107785654360435,5.852675192145031e-06,2456.0
17703.0,3,798.74,2011-07-24 13:30:00,2011-11-04 15:51:00,103,266.25,10.63106796116505,798.75,Medium Value,34,0,0.0018153910633832023,0.0028505801372218417,5.174917706570194e-06,2488.0
17704.0,2,885.19,2011-04-14 09:28:00,2011-06-24 09:40:00,71,442.6,10.28169014084507,885.2,Medium Value,168,1,0.9997131177488766,0.003159103020305195,0.003158196729719199,226.0
17705.0,9,1823.52,2011-02-11 10:57:00,2011-12-06 13:45:00,298,202.61,11.023489932885907,1823.4900000000005,High Value,2,0,4.449479115339526e-05,0.00650767370819738,2.8955758254068376e-07,3887.0
17706.0,17,10504.49,2010-12-08 11:02:00,2011-12-05 13:34:00,362,617.91,17.14088397790055,10504.47,High Value,3,0,3.191279474290336e-05,0.037488367491759274,1.1963585770110445e-06,3090.0
17707.0,2,152.4,2011-01-07 13:30:00,2011-06-07 15:03:00,151,76.2,4.8344370860927155,152.40000000000003,Low Value,184,1,0.9999552500675504,0.0005438853369797919,0.0005438609981477017,1258.0
17708.0,2,267.08,2011-01-19 10:09:00,2011-06-05 10:12:00,137,133.54,5.328467153284671,267.08,Low Value,187,1,0.9999670551638327,0.0009531554842556613,0.0009531240827043905,919.0
17709.0,1,137.45,2011-06-23 11:55:00,2011-06-23 11:55:00,1,137.45,365.0,137.45,Low Value,169,1,0.9997216132004159,0.0004905317556947006,0.0004903951981291383,1307.0
17711.0,2,385.1,2011-02-23 11:32:00,2011-11-29 11:40:00,279,192.55,2.6164874551971327,385.1,Low Value,10,0,0.0001282567208148267,0.0013743454282868623,1.7626903789892153e-07,4088.0
17712.0,1,522.91,2011-10-26 12:28:00,2011-10-26 12:28:00,1,522.91,365.0,522.91,Medium Value,44,0,0.00395162899901566,0.0018661619524941136,7.3743796883354234e-06,2379.0
17714.0,1,153.0,2011-01-23 10:32:00,2011-01-23 10:32:00,1,153.0,365.0,153.0,Low Value,320,1,0.9999999999776326,0.000546026617834043,0.0005460266178218297,1254.0
17715.0,1,326.4,2011-05-23 12:32:00,2011-05-23 12:32:00,1,326.4,365.0,326.4,Low Value,200,1,0.9999893592495557,0.0011648567847126249,0.0011648443897622754,758.0
17716.0,11,5655.99,2011-03-17 10:38:00,2011-11-17 12:00:00,245,514.18,16.387755102040817,5655.98,High Value,22,0,0.00032821247228047144,0.020185069476712354,6.624991556104844e-06,2418.0
17718.0,1,139.35,2011-04-21 13:39:00,2011-04-21 13:39:00,1,139.35,365.0,139.35,Low Value,231,1,0.9999996606954181,0.0004973124783998293,0.0004973123096594268,1299.0
17719.0,15,5396.04,2011-03-29 11:29:00,2011-11-02 10:36:00,217,359.74,25.23041474654378,5396.1,High Value,37,0,0.0016458940359603638,0.019257609362707706,3.1695984396935074e-05,2016.0
17720.0,4,1195.94,2010-12-07 10:43:00,2011-11-13 15:04:00,341,298.98,4.281524926686217,1195.92,Medium Value,25,0,0.0005635984594768634,0.00426800099869339,2.405438787909309e-06,2769.0
17722.0,4,2424.04,2010-12-08 12:41:00,2011-09-04 15:22:00,270,606.01,5.407407407407407,2424.04,High Value,95,1,0.4990284932298735,0.008650917403231592,0.004317054276790752,142.0
17723.0,6,3276.4000000000005,2011-05-09 14:44:00,2011-08-04 18:37:00,87,546.07,25.17241379310345,3276.42,High Value,126,1,0.9689554461431114,0.011692892360809249,0.011329891734171304,23.0
17724.0,3,1033.0,2011-07-24 13:26:00,2011-09-29 15:26:00,67,344.33,16.34328358208955,1032.99,Medium Value,57,0,0.02108561431802257,0.00368653618272149,7.773288011830051e-05,1833.0
17725.0,11,3439.08,2011-03-17 19:47:00,2011-11-23 16:34:00,250,312.64,16.06,3439.0399999999995,High Value,15,0,0.00016901466493068608,0.012273250848339782,2.0743593797424067e-06,2831.0
17727.0,1,1060.25,2011-11-24 17:06:00,2011-11-24 17:06:00,1,1060.25,365.0,1060.25,Medium Value,8,0,6.220351959161905e-05,0.0037838217095329672,2.3536702784012742e-07,3975.0
17728.0,3,2876.01,2011-09-14 11:39:00,2011-12-06 08:52:00,82,958.67,13.353658536585366,2876.0099999999998,High Value,3,0,4.602013728861464e-05,0.010263908582724742,4.723464820947828e-07,3627.0
17730.0,13,5298.4800000000005,2011-01-17 14:49:00,2011-12-06 15:43:00,323,407.58,14.690402476780186,5298.54,High Value,2,0,3.5896015374731365e-05,0.018909437095806468,6.787734447185846e-07,3419.0
17731.0,4,1240.11,2011-06-09 14:18:00,2011-09-21 15:02:00,104,310.03,14.03846153846154,1240.1200000000001,High Value,78,0,0.1686047092000362,0.004425742021623225,0.0007462009465501641,1044.0
17732.0,1,303.97,2010-12-02 09:29:00,2010-12-02 09:29:00,1,303.97,365.0,303.97,Low Value,372,1,0.9999999999999136,0.0010848085687778695,0.0010848085687777758,844.0
17733.0,2,692.19,2011-03-23 09:54:00,2011-11-01 08:16:00,222,346.1,3.2882882882882885,692.2,Medium Value,38,0,0.0025575829626440717,0.0024703243455210756,6.31805945830957e-06,2430.0
17734.0,3,700.63,2011-04-20 10:04:00,2011-10-17 12:33:00,180,233.54,6.083333333333333,700.62,Medium Value,53,0,0.013573132631191446,0.0025003736535090665,3.3937903226615283e-05,2003.0
17735.0,19,13110.02,2010-12-07 10:32:00,2011-12-07 16:47:00,365,690.0,19.0,13110.0,High Value,1,0,2.3576258847937695e-05,0.0467869866653876,1.1030621083381875e-06,3126.0
17736.0,3,377.44,2011-08-18 14:33:00,2011-11-30 15:36:00,104,125.81,10.528846153846155,377.43,Low Value,8,0,0.00011656375198827418,0.001346972721366685,1.5700819422835703e-07,4133.0
17737.0,2,168.24,2011-10-12 14:42:00,2011-11-30 15:16:00,49,84.12,14.897959183673468,168.24,Low Value,8,0,0.00012600868301392321,0.0006004151515320221,7.565752250615525e-08,4257.0
17738.0,4,1879.05,2011-03-02 16:26:00,2011-11-20 15:05:00,262,469.76,5.572519083969466,1879.0400000000002,High Value,18,0,0.0002566104877347221,0.006705920627286798,1.7208095628783986e-06,2912.0
17739.0,7,2791.35,2010-12-14 14:26:00,2011-11-28 09:12:00,348,398.76,7.341954022988506,2791.32,High Value,11,0,0.00010907661100676126,0.009961666790147195,1.0865848534478576e-06,3134.0
17742.0,2,355.11,2011-01-11 10:04:00,2011-08-18 15:28:00,219,177.56,3.333333333333333,355.12,Low Value,112,1,0.8934972133739293,0.00126735276160278,0.0011323761608538377,781.0
17744.0,6,2322.4,2010-12-16 14:17:00,2011-12-06 12:11:00,354,387.07,6.186440677966102,2322.42,High Value,3,0,4.7118452294919154e-05,0.008288255802549922,3.9052978564053537e-07,3728.0
17746.0,1,110.25,2011-04-13 14:31:00,2011-04-13 14:31:00,1,110.25,365.0,110.25,Low Value,234,1,0.9999997581872725,0.0003934603569686486,0.0003934602618249265,1432.0
17747.0,1,71.4,2011-08-19 08:13:00,2011-08-19 08:13:00,1,71.4,365.0,71.4,Low Value,99,1,0.6549808696504875,0.00025481242165588673,0.0001668972615339194,1671.0
17749.0,2,674.52,2011-03-28 13:39:00,2011-06-14 15:45:00,78,337.26,9.35897435897436,674.52,Medium Value,177,1,0.9998966241445537,0.0024072279363491415,0.002406979087101967,318.0
17750.0,9,1797.57,2011-06-28 15:44:00,2011-12-04 14:09:00,158,199.73,20.79113924050633,1797.5700000000002,High Value,4,0,6.0373674289889535e-05,0.00641517037529373,3.8730740675213207e-07,3734.0
17752.0,1,80.64,2010-12-15 16:19:00,2010-12-15 16:19:00,1,80.64,365.0,80.64,Low Value,358,1,0.9999999999996467,0.0002877881468113544,0.00028778814681125275,1543.0
17754.0,5,1772.26,2011-03-24 13:54:00,2011-12-09 11:20:00,259,354.45,7.046332046332046,1772.25,High Value,0,0,3.7777845397269293e-05,0.00632480832324433,2.3893763100288635e-07,3967.0
17757.0,30,5605.29,2010-12-02 17:17:00,2011-12-08 15:31:00,370,186.84,29.594594594594597,5605.200000000001,High Value,0,0,2.044936440422223e-05,0.020003845740414233,4.090659310315793e-07,3704.0
17758.0,8,3456.7000000000003,2011-04-03 15:22:00,2011-11-20 14:45:00,230,432.09,12.695652173913043,3456.7200000000003,High Value,18,0,0.00024119195307491126,0.01233634725751172,2.975427688849577e-06,2686.0
17759.0,3,834.99,2011-06-23 13:35:00,2011-11-22 16:02:00,152,278.33,7.203947368421052,834.9899999999999,Medium Value,16,0,0.0002498547979151382,0.002979913500818611,7.44545685551626e-07,3351.0
17760.0,2,287.59,2010-12-01 15:08:00,2011-11-18 10:56:00,351,143.79,2.07977207977208,287.58,Low Value,21,0,0.0004112607526158259,0.0010263159134425756,4.220834549839924e-07,3688.0
17761.0,1,712.78,2011-11-07 10:23:00,2011-11-07 10:23:00,1,712.78,365.0,712.78,Medium Value,32,0,0.0009868865520288083,0.0025437702788218895,2.5104126796198948e-06,2751.0
17763.0,1,15.0,2011-03-21 14:25:00,2011-03-21 14:25:00,1,15.0,365.0,15.0,Low Value,262,1,0.9999999888491268,5.353202135627872e-05,5.3532020759349936e-05,1912.0
17764.0,2,818.8199999999999,2011-05-12 16:11:00,2011-10-20 11:03:00,160,409.41,4.5625,818.8199999999999,Medium Value,50,0,0.009410608898645666,0.0029222059817965423,2.7499737615970133e-05,2053.0
17765.0,3,371.88,2011-03-28 11:58:00,2011-07-04 12:41:00,98,123.96,11.173469387755102,371.87999999999994,Low Value,158,1,0.9992418921519203,0.0013271658734648618,0.0013261597386004845,657.0
17767.0,1,271.2,2011-11-24 14:42:00,2011-11-24 14:42:00,1,271.2,365.0,271.2,Low Value,14,0,0.0001740825801126626,0.0009678589461215192,1.6848738252595656e-07,4102.0
17768.0,3,2273.1800000000003,2011-06-26 13:46:00,2011-12-01 13:22:00,157,757.73,6.974522292993631,2273.19,High Value,7,0,7.46576714650482e-05,0.008112563708458614,6.056651160853762e-07,3468.0
17769.0,10,3997.98,2011-01-23 11:15:00,2011-11-27 11:18:00,308,399.8,11.85064935064935,3998.0,High Value,12,0,0.0001157361954445556,0.014268068092160155,1.6513319173304752e-06,2933.0
17770.0,5,1143.27,2011-03-02 13:35:00,2011-05-25 12:34:00,83,228.65,21.987951807228917,1143.2500000000002,Medium Value,198,1,0.9999889872848984,0.004080032227704377,0.004079987295471848,150.0
17771.0,2,245.81,2011-01-20 14:13:00,2011-10-14 11:43:00,266,122.9,2.744360902255639,245.8,Low Value,56,0,0.01907924521626594,0.0008772113899582206,1.6736531215514377e-05,2163.0
17772.0,2,182.77,2011-11-29 10:57:00,2011-11-29 11:05:00,1,91.38,730.0,182.76,Low Value,10,0,8.857116037674197e-05,0.0006522341482048999,5.776913534384388e-08,4286.0
17774.0,4,1225.41,2011-02-07 13:13:00,2011-09-04 12:49:00,208,306.35,7.01923076923077,1225.4000000000003,High Value,96,1,0.5718804303556209,0.004373209264665597,0.0025009527963121498,306.0
17775.0,1,56.4,2011-03-30 10:50:00,2011-03-30 10:50:00,1,56.4,365.0,56.4,Low Value,254,1,0.99999997295811,0.00020128040029960797,0.00020128039485660553,1641.0
17777.0,3,665.86,2011-08-31 14:35:00,2011-11-15 12:02:00,75,221.95,14.6,665.8499999999999,Medium Value,24,0,0.0006390005208222299,0.002376286428005212,1.5184482651181268e-06,2972.0
17779.0,3,658.57,2011-07-19 12:19:00,2011-11-18 14:15:00,122,219.52,8.975409836065573,658.56,Medium Value,20,0,0.0004038262178048102,0.0023502698656260607,9.491005906563916e-07,3215.0
17781.0,2,188.02,2011-03-31 19:54:00,2011-07-03 16:00:00,93,94.01,7.849462365591399,188.02000000000004,Low Value,158,1,0.9992749382719265,0.0006710060436938351,0.0006705195228922467,1123.0
17783.0,2,283.47,2011-04-06 10:07:00,2011-09-28 16:07:00,175,141.74,4.171428571428572,283.48,Low Value,71,0,0.0941115647666388,0.0010116838276051927,9.521114806502714e-05,1796.0
17785.0,1,131.94,2011-10-17 13:43:00,2011-10-17 13:43:00,1,131.94,365.0,131.94,Low Value,52,0,0.011255831193508986,0.0004708676598498276,5.300006893752268e-06,2479.0
17786.0,2,278.74,2011-01-26 14:35:00,2011-09-15 12:51:00,231,139.37,3.16017316017316,278.74,Low Value,84,0,0.29039026673128826,0.0009947677088566087,0.0002888708603105431,1541.0
17787.0,4,1865.19,2010-12-03 13:43:00,2011-07-10 11:24:00,218,466.3,6.697247706422019,1865.2,High Value,152,1,0.9981068055623924,0.0066565284155820715,0.006643926313011915,62.0
17788.0,2,1117.9,2011-08-02 10:38:00,2011-09-27 10:09:00,55,558.95,13.272727272727272,1117.9,Medium Value,73,0,0.10206259350441942,0.003989563111612265,0.0004071851581207093,1402.0
17789.0,1,225.9,2011-03-03 13:14:00,2011-03-03 13:14:00,1,225.9,365.0,225.9,Low Value,280,1,0.999999998241164,0.0008061922416255575,0.0008061922402075976,1007.0
17790.0,14,1965.55,2010-12-10 10:47:00,2011-11-13 11:30:00,338,140.4,15.118343195266274,1965.6,High Value,26,0,0.000529520728966911,0.007014836078526763,3.714501113884879e-06,2611.0
17791.0,1,106.1,2011-11-10 12:09:00,2011-11-10 12:09:00,1,106.1,365.0,106.1,Low Value,29,0,0.000955137526822473,0.0003786498310600781,3.6166266317047025e-07,3780.0
17793.0,1,323.04,2011-11-14 14:24:00,2011-11-14 14:24:00,1,323.04,365.0,323.04,Low Value,24,0,0.0005010376090547103,0.0011528656119288185,5.776290297622107e-07,3495.0
17795.0,2,350.39,2011-03-20 12:02:00,2011-06-13 12:36:00,85,175.2,8.588235294117647,350.4,Low Value,179,1,0.9999226731235943,0.0012505080188826708,0.0012504113210036504,698.0
17796.0,4,697.9,2010-12-05 12:23:00,2011-10-30 15:38:00,329,174.48,4.437689969604863,697.9199999999998,Medium Value,39,0,0.0027395269724114595,0.0024907378896649357,6.823443629944289e-06,2407.0
17797.0,3,780.43,2011-06-10 11:29:00,2011-11-17 13:21:00,160,260.14,6.84375,780.42,Medium Value,21,0,0.00043074354648608293,0.002785164007124469,1.1996914219741839e-06,3087.0
17799.0,10,3055.93,2010-12-13 13:10:00,2011-11-17 15:16:00,339,305.59,10.766961651917404,3055.9,High Value,21,0,0.00031431811214433604,0.010905900270843476,3.4279219843659245e-06,2639.0
17800.0,9,1199.01,2011-01-09 13:50:00,2011-11-02 12:57:00,296,133.22,11.097972972972974,1198.9800000000002,High Value,36,0,0.0018235680548506683,0.004278921531050072,7.802904613235623e-06,2364.0
17802.0,3,1285.04,2010-12-02 13:44:00,2011-09-18 14:56:00,290,428.35,3.7758620689655173,1285.0500000000002,High Value,81,0,0.19433871504334868,0.004586088269592398,0.0008912545013879612,956.0
17805.0,1,512.31,2011-09-27 11:49:00,2011-09-27 11:49:00,1,512.31,365.0,512.31,Medium Value,73,0,0.0842834492244524,0.001828332657402343,0.0001540981826955785,1695.0
17806.0,1,546.04,2011-11-28 14:12:00,2011-11-28 14:12:00,1,546.04,365.0,546.04,Medium Value,10,0,9.892399214179484e-05,0.0019487083294254953,1.9277400746673784e-07,4050.0
17809.0,12,5411.91,2010-12-01 09:41:00,2011-11-23 12:59:00,357,450.99,12.26890756302521,5411.88,High Value,15,0,0.00014397098014502668,0.01931392504917451,2.780644719777237e-06,2710.0
17811.0,39,7837.7300000000005,2011-01-10 10:58:00,2011-12-05 13:46:00,329,200.97,43.26747720364742,7837.830000000001,High Value,3,0,2.3021953209153084e-05,0.02797165886312547,6.439622215292667e-07,3436.0
17812.0,4,732.16,2010-12-06 15:27:00,2011-11-27 11:47:00,355,183.04,4.112676056338028,732.1599999999999,Medium Value,12,0,0.0001446037251801666,0.0026129336504142012,3.7783993949850466e-07,3750.0
17813.0,5,1770.8799999999999,2011-09-29 15:57:00,2011-11-25 16:13:00,57,354.18,32.01754385964912,1770.9,High Value,13,0,0.00017342948610912781,0.006319990441322265,1.0960726944531203e-06,3130.0
17816.0,4,36.56,2010-12-09 14:10:00,2011-11-03 11:34:00,328,9.14,4.451219512195122,36.56,Low Value,36,0,0.0021466325945302613,0.00013047538005237001,2.800827036041409e-07,3902.0
17817.0,3,387.68,2011-03-07 17:30:00,2011-12-05 14:39:00,272,129.23,4.025735294117648,387.6900000000001,Low Value,3,0,6.073242557503491e-05,0.0013835886239743802,8.4028693131989e-08,4242.0
17819.0,7,3704.87,2010-12-03 14:26:00,2011-09-29 10:52:00,299,529.27,8.54515050167224,3704.889999999999,High Value,71,0,0.0654258701864314,0.013222016706844227,0.0008650619486648175,971.0
17824.0,1,298.4,2011-10-19 14:14:00,2011-10-19 14:14:00,1,298.4,365.0,298.4,Low Value,50,0,0.008391135147289945,0.0010649303448475712,8.935974446066057e-06,2320.0
17827.0,5,1995.46,2010-12-10 10:18:00,2011-12-04 15:00:00,359,399.09,5.0835654596100275,1995.4499999999996,High Value,4,0,5.3336632870524973e-05,0.007121364801025756,3.798296199293899e-07,3748.0
17828.0,4,1820.09,2011-06-08 08:31:00,2011-11-17 08:41:00,162,455.02,9.012345679012345,1820.08,High Value,8,0,9.347761729497815e-05,0.006495504095342384,6.071842459623787e-07,3466.0
17829.0,1,889.24,2011-02-14 12:46:00,2011-02-14 12:46:00,1,889.24,365.0,889.2399999999999,Medium Value,298,1,0.9999999996550835,0.003173520978057152,0.0031735209769625525,225.0
17830.0,3,398.7,2011-02-24 10:15:00,2011-12-08 12:28:00,287,132.9,3.815331010452962,398.7000000000001,Medium Value,1,0,4.833626468017086e-05,0.0014228811276498887,6.8776758794505e-08,4263.0
17831.0,1,35.400000000000006,2011-11-06 15:09:00,2011-11-06 15:09:00,1,35.4,365.0,35.4,Low Value,32,0,0.0013667626058220211,0.00012633557040081777,1.726707334090331e-07,4092.0
17832.0,1,155.37,2011-10-21 11:43:00,2011-10-21 11:43:00,1,155.37,365.0,155.37,Low Value,49,0,0.008069552142976869,0.0005544846772083349,4.474443015214357e-06,2543.0
17835.0,3,350.64,2011-11-16 16:30:00,2011-12-07 11:48:00,20,116.88,54.75,350.64,Low Value,2,0,6.240417864744222e-05,0.0012513645312243712,7.809037575959845e-08,4253.0
17836.0,1,110.21000000000001,2011-10-23 16:13:00,2011-10-23 16:13:00,1,110.21,365.0,110.20999999999998,Low Value,46,0,0.00597280377013463,0.00039331760491169844,2.3492088734769153e-06,2776.0
17837.0,8,1593.38,2011-06-29 16:44:00,2011-10-28 16:13:00,120,199.17,24.333333333333332,1593.3599999999997,High Value,41,0,0.003461149921711844,0.005686385436549349,1.968143250853615e-05,2124.0
17838.0,5,2779.3,2010-12-02 15:55:00,2011-11-13 11:20:00,345,555.86,5.2898550724637685,2779.3,High Value,26,0,0.0005399109081951922,0.009918769797033697,5.355252009295506e-06,2476.0
17839.0,1,338.8,2011-10-28 17:27:00,2011-10-28 17:27:00,1,338.8,365.0,338.8,Low Value,41,0,0.0031231538591237674,0.0012091099223671487,3.7762363201457993e-06,2608.0
17841.0,124,40991.57,2010-12-01 14:41:00,2011-12-08 12:07:00,371,330.58,121.99460916442048,40991.92,High Value,1,0,2.061630314333598e-06,0.14629202245832457,3.0160006824525345e-07,3876.0
17843.0,1,205.48,2011-02-09 15:33:00,2011-02-09 15:33:00,1,205.48,365.0,205.48,Low Value,302,1,0.9999999998390272,0.0007333173165525433,0.0007333173164344992,1062.0
17844.0,1,51.559999999999995,2011-08-25 11:27:00,2011-08-25 11:27:00,1,51.56,365.0,51.56,Low Value,106,1,0.8034906729091802,0.00018400740140864873,0.0001478482307781048,1705.0
17846.0,1,2033.1,2011-09-15 15:20:00,2011-09-15 15:20:00,1,2033.1,365.0,2033.1,High Value,84,0,0.12710399325643065,0.007255730174630017,0.0009222322791866541,934.0
17848.0,9,901.1999999999999,2010-12-16 18:38:00,2011-09-19 16:49:00,276,100.13,11.902173913043478,901.17,Medium Value,80,0,0.18041321024538953,0.0032160967790425127,0.0005802263443669169,1213.0
17849.0,4,605.8000000000001,2011-01-10 11:59:00,2011-05-05 13:46:00,115,151.45,12.695652173913043,605.8,Medium Value,217,1,0.9999986564086398,0.0021619799025089097,0.0021619769976913917,375.0
17850.0,34,5391.21,2010-12-01 08:26:00,2010-12-02 15:27:00,1,158.56,12410.0,5391.04,High Value,301,1,0.9999907826194736,0.01923955122750352,0.0192393738892387,8.0
17852.0,2,114.34,2011-11-28 12:31:00,2011-11-28 12:36:00,1,57.17,730.0,114.33999999999999,Low Value,11,0,0.00010033382271678587,0.00040805675479179386,4.0941894093666805e-08,4311.0
17854.0,2,311.26,2011-04-26 16:53:00,2011-06-07 16:21:00,41,155.63,17.804878048780488,311.26,Low Value,184,1,0.9999563964065704,0.001110825131157021,0.0011107766951896306,806.0
17855.0,1,208.97,2010-12-02 09:44:00,2010-12-02 09:44:00,1,208.97,365.0,208.97,Low Value,372,1,0.9999999999999174,0.0007457724335214376,0.000745772433521376,1045.0
17856.0,4,1418.03,2011-03-03 11:40:00,2011-12-08 09:40:00,279,354.51,5.232974910394265,1418.04,High Value,1,0,4.2597770129647756e-05,0.005060703170937164,2.1557467036996082e-07,4012.0
17857.0,23,26879.04,2010-12-09 11:35:00,2011-12-05 13:13:00,361,1168.65,23.254847645429365,26878.950000000004,High Value,2,0,1.894045055006926e-05,0.09592563502895654,1.816874746749943e-06,2884.0
17858.0,12,5155.66,2010-12-05 13:08:00,2011-12-04 11:56:00,363,429.64,12.066115702479339,5155.68,High Value,5,0,4.908876458079067e-05,0.01839959812440927,9.032135407102842e-07,3252.0
17859.0,1,148.21,2011-02-08 10:32:00,2011-02-08 10:32:00,1,148.21,365.0,148.21,Low Value,304,1,0.9999999998738862,0.0005289320590142713,0.0005289320589475657,1272.0
17860.0,1,252.8,2010-12-06 12:41:00,2010-12-06 12:41:00,1,252.8,365.0,252.8,Low Value,368,1,0.9999999999998699,0.000902192999924484,0.0009021929999243666,945.0
17861.0,8,2100.8,2011-01-24 11:34:00,2011-12-06 16:21:00,316,262.6,9.240506329113924,2100.8,High Value,2,0,4.3803254132190607e-05,0.0074973380310180224,3.2840780308762e-07,3839.0
17862.0,1,330.9,2011-01-20 12:23:00,2011-01-20 12:23:00,1,330.9,365.0,330.9,Low Value,323,1,0.9999999999823894,0.0011809163911195085,0.001180916391098712,745.0
17863.0,6,3160.0,2010-12-05 13:21:00,2011-10-11 13:45:00,310,526.67,7.064516129032258,3160.0199999999995,High Value,58,0,0.017168705294231007,0.011277483875084524,0.00019361979711176848,1646.0
17864.0,3,597.5,2011-03-09 11:44:00,2011-11-27 11:15:00,262,199.17,4.179389312977099,597.5099999999999,Medium Value,12,0,0.0001565849221632339,0.002132394538706006,3.3390083286458505e-07,3827.0
17865.0,20,10526.32,2010-12-10 14:53:00,2011-11-09 12:08:00,333,526.32,21.92192192192192,10526.400000000001,High Value,30,0,0.0005857484926595008,0.03756663130698216,2.2004597662360013e-05,2095.0
17866.0,1,329.65,2011-07-20 11:07:00,2011-07-20 11:07:00,1,329.65,365.0,329.65,Low Value,142,1,0.9943540518110876,0.0011764553893398185,0.0011698131831650391,756.0
17867.0,6,1197.1000000000001,2011-02-24 12:25:00,2011-11-09 14:15:00,258,199.52,8.488372093023255,1197.12,Medium Value,29,0,0.0009159280655794316,0.0042722835604018915,3.913104417085711e-06,2594.0
17869.0,5,428.18,2010-12-06 17:16:00,2011-08-24 16:16:00,260,85.64,7.01923076923077,428.2000000000001,Medium Value,106,1,0.8051376060495,0.0015281607696505703,0.0012303797037352216,715.0
17870.0,12,1894.35,2010-12-08 08:12:00,2011-12-07 15:07:00,364,157.86,12.032967032967033,1894.3200000000002,High Value,1,0,3.6264003337208694e-05,0.006760451913041727,2.451610507355841e-07,3958.0
17871.0,1,155.9,2011-05-19 11:32:00,2011-05-19 11:32:00,1,155.9,365.0,155.9,Low Value,204,1,0.999993642333853,0.0005563761419629235,0.0005563726047091607,1239.0
17873.0,5,1859.16,2010-12-01 14:54:00,2011-09-20 16:41:00,293,371.83,6.228668941979523,1859.15,High Value,79,0,0.1593017979436107,0.006634937166968372,0.0010569574199409484,867.0
17874.0,6,683.46,2011-03-29 11:25:00,2011-06-07 12:54:00,70,113.91,31.285714285714285,683.46,Medium Value,184,1,0.9999514741829527,0.0024391330210774835,0.0024390146601547488,313.0
17877.0,1,237.61,2011-06-22 13:00:00,2011-06-22 13:00:00,1,237.61,365.0,237.61,Low Value,169,1,0.9997078681837329,0.0008479829062976924,0.0008477351835111123,980.0
17878.0,1,379.45,2011-10-27 11:24:00,2011-10-27 11:24:00,1,379.45,365.0,379.45,Low Value,43,0,0.0038003177541939426,0.0013541817002426639,5.1463207578367355e-06,2491.0
17879.0,1,178.51999999999998,2011-06-19 12:36:00,2011-06-19 12:36:00,1,178.52,365.0,178.52,Low Value,173,1,0.9998158222745744,0.0006371024301681918,0.0006369850900917403,1154.0
17880.0,1,458.92,2010-12-10 10:21:00,2010-12-10 10:21:00,1,458.92,365.0,458.9200000000001,Medium Value,364,1,0.9999999999997786,0.0016377943493882288,0.0016377943493878662,527.0
17881.0,1,133.35000000000002,2011-02-08 17:16:00,2011-02-08 17:16:00,1,133.35,365.0,133.35,Low Value,303,1,0.9999999998604705,0.0004758996698573178,0.00047589966979091577,1334.0
17883.0,4,671.77,2011-04-07 19:16:00,2011-12-06 17:49:00,242,167.94,6.033057851239669,671.76,Medium Value,2,0,5.321818599309468e-05,0.002397378044419586,1.2758411066368312e-07,4174.0
17884.0,4,717.45,2010-12-03 12:11:00,2011-12-06 11:33:00,367,179.36,3.978201634877384,717.44,Medium Value,3,0,5.424980274344722e-05,0.002560400893456574,1.3890124341416514e-07,4159.0
17885.0,1,190.19,2011-11-27 14:40:00,2011-11-27 14:40:00,1,190.19,365.0,190.19000000000003,Low Value,11,0,0.00013082161607037783,0.0006787503427833768,8.879521675124427e-08,4233.0
17886.0,3,899.61,2011-04-04 12:34:00,2011-11-08 10:09:00,217,299.87,5.046082949308756,899.61,Medium Value,31,0,0.0012007148198977652,0.0032105294488214598,3.85493028891813e-06,2601.0
17887.0,1,111.35,2011-08-02 17:29:00,2011-08-02 17:29:00,1,111.35,365.0,111.35,Low Value,128,1,0.9772643459925155,0.00039738603853477564,0.0003883512070552441,1438.0
17888.0,8,726.05,2010-12-17 13:56:00,2011-11-18 13:45:00,335,90.76,8.716417910447761,726.08,Medium Value,18,0,0.00026548503989982393,0.0025912353377577904,6.879342170344607e-07,3405.0
17889.0,2,203.87,2011-01-21 17:14:00,2011-05-11 16:26:00,109,101.94,6.697247706422019,203.88,Low Value,211,1,0.9999976276724862,0.0007276072342745403,0.0007276055081518793,1065.0
17890.0,2,602.09,2010-12-13 15:12:00,2011-01-21 11:19:00,38,301.04,19.210526315789473,602.0799999999999,Medium Value,322,1,0.9999999999847848,0.0021487039612125523,0.0021487039611798593,381.0
17891.0,1,203.85999999999999,2011-06-30 20:08:00,2011-06-30 20:08:00,1,203.86,365.0,203.86,Low Value,161,1,0.9993169873109896,0.0007275358582460653,0.0007270389420231732,1067.0
17892.0,3,244.1,2011-07-07 12:56:00,2011-10-14 16:49:00,99,81.37,11.06060606060606,244.10999999999999,Low Value,55,0,0.01898043934673353,0.0008711801155520798,1.6535381343316557e-05,2166.0
17893.0,1,112.25,2011-04-28 13:50:00,2011-04-28 13:50:00,1,112.25,365.0,112.25,Low Value,224,1,0.9999992855200539,0.0004005979598161524,0.0004005976735969436,1420.0
17894.0,8,1119.81,2010-12-08 14:50:00,2011-09-29 09:23:00,294,139.98,9.931972789115646,1119.84,Medium Value,71,0,0.07631149042062457,0.003996486586374344,0.0003049778478522603,1528.0
17895.0,1,98.0,2011-10-26 17:00:00,2011-10-26 17:00:00,1,98.0,365.0,98.0,Low Value,43,0,0.004349219559194414,0.0003497425395276876,1.5211070935961445e-06,2971.0
17896.0,1,256.32,2011-11-16 13:59:00,2011-11-16 13:59:00,1,256.32,365.0,256.32,Low Value,22,0,0.0004167107182171253,0.0009147551809360907,3.8118828844071476e-07,3746.0
17897.0,3,566.6,2010-12-01 12:31:00,2011-06-20 11:23:00,200,188.87,5.475,566.61,Medium Value,172,1,0.9998165302352952,0.0020221185747120725,0.002021747577092965,419.0
17898.0,2,152.06,2011-05-16 17:13:00,2011-09-15 14:56:00,121,76.03,6.033057851239669,152.06,Low Value,84,0,0.31208843874617065,0.0005426719444957161,0.00016936163990901662,1668.0
17899.0,1,155.8,2011-07-03 14:58:00,2011-07-03 14:58:00,1,155.8,365.0,155.8,Low Value,158,1,0.999076777420596,0.0005560192618205484,0.000555505932283452,1240.0
17900.0,2,112.19999999999999,2011-06-02 14:28:00,2011-06-02 14:38:00,1,56.1,730.0,112.2,Low Value,164,1,0.9993608772714961,0.00040041951974496484,0.0004001636025289592,1421.0
17901.0,1,110.38,2011-11-10 17:29:00,2011-11-10 17:29:00,1,110.38,365.0,110.38,Low Value,28,0,0.0008554709984957799,0.0003939243011537363,3.369908152397391e-07,3818.0
17904.0,1,191.67,2011-11-18 12:57:00,2011-11-18 12:57:00,1,191.67,365.0,191.66999999999996,Low Value,20,0,0.000346226505294326,0.0006840321688905293,2.3683006734386614e-07,3972.0
17905.0,4,800.24,2010-12-01 13:21:00,2011-09-29 17:33:00,302,200.06,4.8344370860927155,800.2400000000001,Medium Value,70,0,0.07337793653479113,0.0028558976513432324,0.00020955987661012277,1630.0
17906.0,1,72.9,2011-04-06 17:25:00,2011-04-06 17:25:00,1,72.9,365.0,72.9,Low Value,246,1,0.9999999352021778,0.00026016562379151456,0.0002601656069333487,1574.0
17908.0,1,243.28,2010-12-01 11:45:00,2010-12-01 11:45:00,1,243.28,365.0,243.28,Low Value,373,1,0.9999999999999247,0.0008682180103703657,0.0008682180103703003,967.0
17911.0,1,366.23,2011-11-30 14:52:00,2011-11-30 14:52:00,1,366.23,365.0,366.23,Low Value,8,0,8.687073412558134e-05,0.0013070021454206638,1.1354023587640289e-07,4199.0
17912.0,5,311.01,2010-12-10 11:11:00,2011-02-02 14:25:00,54,62.2,33.7962962962963,311.00000000000006,Low Value,309,1,0.9999999999390781,0.0011098972427868456,0.0011098972427192285,808.0
17913.0,2,411.6,2010-12-19 11:35:00,2011-10-12 10:45:00,296,205.8,2.4662162162162162,411.6000000000001,Medium Value,58,0,0.022236433670878804,0.0014689186660162884,3.266351248478697e-05,2008.0
17914.0,1,336.43,2011-12-06 11:58:00,2011-12-06 11:58:00,1,336.43,365.0,336.43,Low Value,3,0,5.129457582094749e-05,0.0012006518629928567,6.158692802084895e-08,4276.0
17917.0,3,341.28,2010-12-12 12:08:00,2011-10-25 13:20:00,317,113.76,3.454258675078864,341.28,Low Value,44,0,0.004997617020801843,0.0012179605498980532,6.0869003748356835e-06,2441.0
17919.0,1,1304.04,2011-09-12 13:41:00,2011-09-12 13:41:00,1,1304.04,365.0,1304.04,High Value,87,0,0.22249543976695038,0.004653859808629446,0.0010354625847347441,878.0
17920.0,17,4204.1,2010-12-01 11:49:00,2011-12-05 14:29:00,369,247.3,16.81571815718157,4204.099999999999,High Value,3,0,3.797294976480559e-05,0.015003598065595421,5.697308756361892e-07,3501.0
17921.0,4,826.52,2011-03-18 13:19:00,2011-10-06 18:56:00,202,206.63,7.227722772277228,826.52,Medium Value,63,0,0.03803120022282123,0.002949685752759432,0.00011218008945759712,1766.0
17923.0,1,207.50000000000003,2011-03-02 15:15:00,2011-03-02 15:15:00,1,207.5,365.0,207.5,Low Value,281,1,0.9999999984355203,0.0007405262954285223,0.000740526294269984,1053.0
17924.0,7,2962.5,2010-12-01 10:51:00,2011-11-28 09:11:00,361,423.21,7.077562326869805,2962.4699999999993,High Value,0,0,3.249351925790693e-05,0.010572467153822332,3.435366650663144e-07,3812.0
17925.0,1,244.08,2010-12-02 10:10:00,2010-12-02 10:10:00,1,244.08,365.0,244.08000000000004,Low Value,372,1,0.9999999999999161,0.0008710730515093674,0.0008710730515092943,966.0
17926.0,2,397.29,2011-05-20 09:24:00,2011-07-29 14:39:00,70,198.64,10.428571428571429,397.28,Medium Value,132,1,0.987597591365958,0.0014178134296281605,0.0014002291281070796,620.0
17928.0,2,212.54,2011-04-07 18:03:00,2011-10-25 13:52:00,200,106.27,3.65,212.53999999999996,Low Value,44,0,0.005560235236362544,0.0007585130546042318,4.217511013451436e-06,2562.0
17929.0,4,843.0,2011-02-04 11:40:00,2011-11-28 16:01:00,297,210.75,4.915824915824915,843.0,Medium Value,10,0,0.00011947302896817654,0.003008499600222864,3.5943455988817376e-07,3785.0
17930.0,5,1740.48,2011-04-14 15:46:00,2011-11-04 10:23:00,203,348.1,8.990147783251231,1740.5,High Value,35,0,0.0017339482127709425,0.006211498878040208,1.0770417378206532e-05,2277.0
17931.0,2,408.36,2011-03-29 12:31:00,2011-07-28 18:33:00,121,204.18,6.033057851239669,408.36000000000007,Medium Value,133,1,0.9884773431142415,0.0014573557494033322,0.00144056313914247,608.0
17932.0,3,1331.57,2011-05-12 13:58:00,2011-11-10 19:49:00,182,443.86,6.016483516483516,1331.58,High Value,28,0,0.000828879931451798,0.004752144599839574,3.938957290164058e-06,2591.0
17934.0,2,704.25,2011-10-12 10:50:00,2011-10-19 11:16:00,7,352.12,104.28571428571428,704.2399999999999,Medium Value,51,0,0.010990011169206455,0.002513292714663048,2.762111500563211e-05,2050.0
17935.0,2,145.79,2011-07-21 11:23:00,2011-07-24 13:18:00,3,72.9,243.33333333333331,145.8,Low Value,137,1,0.9920763853900134,0.0005203312475830291,0.0005162083433076477,1284.0
17936.0,1,389.84,2011-12-04 13:32:00,2011-12-04 13:32:00,1,389.84,365.0,389.8399999999999,Medium Value,4,0,5.5707628742325484e-05,0.001391261547035446,7.750388174572403e-08,4254.0
17937.0,7,4301.22,2010-12-12 14:43:00,2011-12-01 11:45:00,353,614.46,7.237960339943343,4301.22,High Value,8,0,7.082550616470387e-05,0.01535020005987021,1.0871856889697753e-06,3133.0
17939.0,1,99.14,2011-07-03 12:27:00,2011-07-03 12:27:00,1,99.14,365.0,99.14,Low Value,159,1,0.999193685567204,0.0003538109731507648,0.00035352569025663173,1482.0
17940.0,10,4106.4400000000005,2011-02-10 09:29:00,2011-10-21 13:27:00,253,410.64,14.426877470355732,4106.400000000001,High Value,48,0,0.005839855826021826,0.014654926166494863,8.558265595332473e-05,1817.0
17941.0,1,304.56,2011-08-01 08:30:00,2011-08-01 08:30:00,1,304.56,365.0,304.56,Low Value,130,1,0.9798523850864549,0.0010869141616178832,0.0010650154336455274,860.0
17942.0,1,77.50000000000001,2011-12-02 10:45:00,2011-12-02 10:45:00,1,77.5,365.0,77.5,Low Value,7,0,8.958091888264938e-05,0.0002765821103407734,2.47764795908288e-08,4330.0
17946.0,2,149.57999999999998,2011-03-25 14:34:00,2011-04-20 17:00:00,26,74.79,28.07692307692308,149.58000000000004,Low Value,232,1,0.9999997680012503,0.0005338213169648116,0.0005338211931189335,1270.0
17947.0,1,176.68,2011-11-02 13:05:00,2011-11-02 13:05:00,1,176.68,365.0,176.68,Low Value,36,0,0.0019676032197749834,0.0006305358355484882,1.240644340208715e-06,3068.0
17948.0,1,358.56000000000006,2011-07-15 12:58:00,2011-07-15 12:58:00,1,358.56,365.0,358.56,Low Value,146,1,0.9962796579360912,0.0012796294385004866,0.0012748687792742172,683.0
17949.0,45,58510.48,2010-12-03 13:12:00,2011-12-08 18:46:00,370,1300.23,44.391891891891895,58510.35,High Value,0,0,8.24640972693363e-06,0.20881182038422283,1.7219478267151732e-06,2911.0
17950.0,3,482.2,2010-12-09 15:16:00,2011-09-28 15:18:00,293,160.73,3.737201365187713,482.19,Medium Value,71,0,0.08488925120484749,0.0017208403585189356,0.00014608084947775375,1709.0
17951.0,3,1008.5400000000001,2010-12-01 12:40:00,2011-10-31 12:30:00,333,336.18,3.2882882882882885,1008.5400000000001,Medium Value,39,0,0.0025917542615322164,0.0035992789879107563,9.328446655361065e-06,2315.0
17954.0,12,2332.72,2010-12-03 14:18:00,2011-12-04 14:15:00,365,194.39,11.999999999999998,2332.6799999999994,High Value,4,0,4.9269479240040425e-05,0.008324871705157614,4.10162093653263e-07,3703.0
17955.0,4,557.3,2011-05-04 12:29:00,2011-05-25 12:00:00,20,139.32,73.0,557.28,Medium Value,198,1,0.9999897038658336,0.0019888216574284667,0.001988801180253849,430.0
17956.0,1,12.75,2011-04-04 13:47:00,2011-04-04 13:47:00,1,12.75,365.0,12.75,Low Value,248,1,0.9999999493045705,4.550221815283691e-05,4.550221584608242e-05,1947.0
17957.0,1,111.68,2011-10-04 14:58:00,2011-10-04 14:58:00,1,111.68,365.0,111.68,Low Value,65,0,0.044845918000866014,0.00039856374300461383,1.7873956936903148e-05,2151.0
17958.0,1,508.4599999999999,2011-08-15 12:19:00,2011-08-15 12:19:00,1,508.46,365.0,508.46,Medium Value,116,1,0.9064277376680385,0.0018145927719208984,0.001644797221041035,524.0
17960.0,1,73.78,2011-06-21 14:15:00,2011-06-21 14:15:00,1,73.78,365.0,73.78,Low Value,170,1,0.9997577040062496,0.00026330616904441626,0.00026324237101452706,1570.0
17961.0,39,1296.44,2010-12-02 19:18:00,2011-11-18 16:55:00,350,33.24,40.67142857142857,1296.3600000000001,High Value,20,0,0.00015524774637679878,0.004626451413695032,7.182461556979086e-07,3378.0
17962.0,1,102.83,2011-07-20 14:16:00,2011-07-20 14:16:00,1,102.83,365.0,102.83,Low Value,141,1,0.994359250010675,0.00036697985040440935,0.0003649098088171582,1463.0
17964.0,2,471.7,2010-12-02 13:32:00,2011-11-08 10:44:00,340,235.85,2.1470588235294117,471.7,Medium Value,31,0,0.001169154875783398,0.001683403631583778,1.9681595637776533e-06,2855.0
17965.0,14,2622.57,2010-12-05 15:54:00,2011-11-02 09:31:00,331,187.33,15.438066465256798,2622.6200000000003,High Value,37,0,0.001708521951017578,0.009359609989960247,1.5991099120810494e-05,2170.0
17966.0,5,1098.43,2011-03-23 17:25:00,2011-11-02 10:26:00,223,219.69,8.183856502242152,1098.45,Medium Value,37,0,0.0022596195407963955,0.0039201499239202905,8.858047370941792e-06,2324.0
17967.0,1,123.07,2010-12-03 11:19:00,2010-12-03 11:19:00,1,123.07,365.0,123.07,Low Value,371,1,0.9999999999999116,0.0004392123912211481,0.0004392123912211093,1369.0
17968.0,1,277.35,2010-12-01 12:23:00,2010-12-01 12:23:00,1,277.35,365.0,277.35,Low Value,373,1,0.9999999999999234,0.0009898070748775936,0.0009898070748775177,900.0
17969.0,2,228.2,2010-12-13 15:34:00,2011-06-26 13:00:00,194,114.1,3.7628865979381443,228.19999999999996,Low Value,165,1,0.9996334775395113,0.0008144004849001868,0.0008141019888306379,1002.0
17970.0,1,582.59,2011-05-12 20:03:00,2011-05-12 20:03:00,1,582.59,365.0,582.59,Medium Value,210,1,0.9999959221352447,0.002079148021463628,0.00207913954297919,403.0
17972.0,1,136.04,2011-04-12 12:16:00,2011-04-12 12:16:00,1,136.04,365.0,136.04,Low Value,241,1,0.9999998852362048,0.0004854997456872104,0.000485499689969417,1313.0
17973.0,1,337.04,2011-10-19 10:34:00,2011-10-19 10:34:00,1,337.04,365.0,337.04,Low Value,51,0,0.009170891477065526,0.0012028288318613454,1.1031012682485895e-05,2273.0
17974.0,3,740.79,2011-05-04 11:50:00,2011-11-15 11:37:00,194,246.93,5.644329896907217,740.7900000000001,Medium Value,24,0,0.000586548358939251,0.002643732406701181,1.5506769046250943e-06,2962.0
17975.0,13,4488.81,2010-12-08 11:38:00,2011-11-24 13:27:00,351,345.29,13.518518518518517,4488.77,High Value,14,0,0.00013312726484452408,0.016019528766894883,2.1326360488348874e-06,2819.0
17976.0,1,353.19,2010-12-02 13:49:00,2010-12-02 13:49:00,1,353.19,365.0,353.19,Low Value,371,1,0.9999999999999014,0.0012604649748549387,0.0012604649748548145,693.0
17977.0,1,288.14,2011-11-10 13:28:00,2011-11-10 13:28:00,1,288.14,365.0,288.14,Low Value,28,0,0.0007853785453248081,0.0010283144422398767,8.076161007828457e-07,3314.0
17978.0,1,300.91999999999996,2010-12-09 14:05:00,2010-12-09 14:05:00,1,300.92,365.0,300.92,Low Value,364,1,0.9999999999997948,0.0010739237244354262,0.001073923724435206,851.0
17979.0,4,757.71,2011-03-25 11:34:00,2011-11-04 12:05:00,224,189.43,6.517857142857142,757.7199999999999,Medium Value,35,0,0.0018933519967544894,0.0027041522148053003,5.11991199542969e-06,2492.0
17980.0,3,811.45,2010-12-15 15:50:00,2011-06-27 12:01:00,193,270.48,5.6735751295336785,811.4399999999999,Medium Value,165,1,0.9995948736162776,0.002895868227289253,0.002894695034666595,258.0
17984.0,1,152.68,2011-07-17 15:59:00,2011-07-17 15:59:00,1,152.68,365.0,152.68,Low Value,144,1,0.9958181765820304,0.0005448846013784423,0.0005426059901923069,1260.0
17985.0,1,634.95,2011-11-17 14:24:00,2011-11-17 14:24:00,1,634.95,365.0,634.95,Medium Value,21,0,0.00031169290776201955,0.0022660104640112783,7.062993905468385e-07,3387.0
17986.0,1,20.8,2011-10-14 14:22:00,2011-10-14 14:22:00,1,20.8,365.0,20.8,Low Value,55,0,0.01634539759813411,7.423106961403982e-05,1.2133363469762523e-06,3084.0
17987.0,1,198.57,2011-06-07 14:22:00,2011-06-07 14:22:00,1,198.57,365.0,198.57000000000002,Low Value,184,1,0.9999434566934765,0.0007086568987144178,0.0007086168289101738,1087.0
17988.0,7,201.12,2011-01-17 11:59:00,2011-11-28 11:00:00,314,28.73,8.136942675159235,201.10999999999999,Low Value,11,0,0.00013330637698580062,0.0007177216543307475,9.567687342308711e-08,4223.0
17990.0,3,630.84,2010-12-13 12:10:00,2011-04-17 11:44:00,124,210.28,8.830645161290322,630.8399999999999,Medium Value,236,1,0.9999998269271924,0.0022513426901596576,0.0022513423005134574,349.0
17991.0,2,93.35,2011-04-27 16:39:00,2011-04-28 15:58:00,1,46.68,730.0,93.36,Low Value,224,1,0.9999990376473828,0.00033318330092147873,0.0003331829802816571,1504.0
17994.0,4,678.49,2011-02-22 11:02:00,2011-08-10 11:41:00,169,169.62,8.63905325443787,678.48,Medium Value,121,1,0.9563389770926561,0.0024213603899871992,0.002315641318533033,332.0
17995.0,1,76.1,2011-03-03 12:30:00,2011-03-03 12:30:00,1,76.1,365.0,76.1,Low Value,281,1,0.9999999985313994,0.0002715857883475207,0.00027158578794866966,1564.0
17997.0,8,1970.6699999999998,2011-06-28 17:28:00,2011-09-26 16:13:00,89,246.33,32.80898876404494,1970.6399999999999,High Value,73,0,0.09907386210372993,0.007032822837702473,0.0006967689200224974,1096.0
17999.0,2,382.06,2010-12-08 15:17:00,2011-11-02 15:56:00,329,191.03,2.2188449848024314,382.06,Low Value,36,0,0.0020659967582573125,0.0013634962719586564,2.816978877762515e-06,2705.0
18001.0,2,417.23,2011-09-14 11:21:00,2011-11-27 16:02:00,74,208.62,9.864864864864865,417.23999999999995,Medium Value,11,0,0.00016211066244043668,0.0014890467060462485,2.4139034792190754e-07,3963.0
18004.0,1,169.47,2010-12-12 13:47:00,2010-12-12 13:47:00,1,169.47,365.0,169.47,Low Value,361,1,0.9999999999997335,0.0006048047772832369,0.0006048047772830758,1187.0
18005.0,2,249.72,2011-10-23 14:40:00,2011-12-06 11:51:00,43,124.86,16.97674418604651,249.71999999999997,Low Value,3,0,7.209143738976934e-05,0.000891201091539328,6.424796769240156e-08,4270.0
18006.0,1,444.68,2011-11-16 16:52:00,2011-11-16 16:52:00,1,444.68,365.0,444.68,Medium Value,22,0,0.0003806080256550418,0.0015869746171140013,6.040152757844259e-07,3470.0
18008.0,9,2116.19,2011-01-25 12:26:00,2011-09-30 15:17:00,248,235.13,13.245967741935484,2116.1699999999996,High Value,69,0,0.06001759146514858,0.007552190508901087,0.00045326428463019803,1359.0
18009.0,1,257.34,2011-04-18 13:36:00,2011-04-18 13:36:00,1,257.34,365.0,257.34,Low Value,234,1,0.9999997404476301,0.0009183953583883176,0.0009183951200166258,938.0
18010.0,1,174.8,2011-03-28 12:27:00,2011-03-28 12:27:00,1,174.8,365.0,174.8,Low Value,256,1,0.9999999769448852,0.0006238264888718347,0.0006238264744894434,1170.0
18011.0,1,102.78999999999999,2010-12-01 17:35:00,2010-12-01 17:35:00,1,102.79,365.0,102.79000000000002,Low Value,372,1,0.9999999999999216,0.00036683709834745937,0.00036683709834743063,1462.0
18013.0,2,187.29,2011-07-07 14:08:00,2011-07-07 14:11:00,1,93.64,730.0,187.28,Low Value,154,1,0.9980814733237275,0.0006683651306402586,0.0006670828543076349,1125.0
18014.0,1,166.42,2011-11-11 15:28:00,2011-11-11 15:28:00,1,166.42,365.0,166.42,Low Value,27,0,0.0007473586713389267,0.0005939199329407936,4.438712119643359e-07,3656.0
18015.0,1,120.03,2011-12-05 14:49:00,2011-12-05 14:49:00,1,120.03,365.0,120.02999999999999,Low Value,3,0,5.6924934889052226e-05,0.00042836323489294225,2.4384549255144523e-08,4332.0
18016.0,5,1483.56,2010-12-10 17:14:00,2011-11-07 13:25:00,331,296.71,5.513595166163142,1483.55,High Value,31,0,0.0010601762205123156,0.005294495352207153,5.613098072023001e-06,2466.0
18017.0,3,523.0,2011-02-02 13:57:00,2011-09-19 16:15:00,229,174.33,4.781659388646288,522.99,Medium Value,80,0,0.203060469278079,0.0018664474566080138,0.00037900169642170027,1449.0
18018.0,2,122.14,2011-05-24 13:22:00,2011-08-23 17:37:00,91,61.07,8.021978021978022,122.14,Low Value,107,1,0.8487991436602084,0.0004358934058970588,0.00036998594965255514,1457.0
18019.0,1,38.45,2011-10-19 12:10:00,2011-10-19 12:10:00,1,38.45,365.0,38.45,Low Value,51,0,0.010573285104142035,0.00013722041474326113,1.450870567189115e-06,2992.0
18022.0,1,668.11,2011-11-04 12:45:00,2011-11-04 12:45:00,1,668.11,365.0,668.11,Medium Value,35,0,0.001394617508963926,0.0023843519192228916,3.3252589340799854e-06,2652.0
18024.0,2,389.78,2011-07-10 12:28:00,2011-07-10 12:40:00,1,194.89,730.0,389.78,Medium Value,152,1,0.9975002446975441,0.0013910474189500212,0.0013875701407885333,626.0
18027.0,1,115.31,2011-09-02 10:38:00,2011-09-02 10:38:00,1,115.31,365.0,115.31,Low Value,98,1,0.6251883197163898,0.0004115184921728333,0.00025727655465375594,1576.0
18030.0,2,230.64999999999998,2011-10-28 13:55:00,2011-12-05 16:37:00,38,115.32,19.210526315789473,230.64,Low Value,3,0,7.253492109048883e-05,0.0008231083603741415,5.970409996865999e-08,4281.0
18032.0,1,73.5,2011-01-09 15:32:00,2011-01-09 15:32:00,1,73.5,365.0,73.5,Low Value,333,1,0.9999999999947291,0.0002623069046457657,0.00026230690464438313,1571.0
18033.0,1,97.97,2011-10-05 17:28:00,2011-10-05 17:28:00,1,97.97,365.0,97.97000000000001,Low Value,64,0,0.04068795322116209,0.0003496354754849751,1.4225951870991432e-05,2202.0
18034.0,2,422.88,2011-11-18 12:08:00,2011-11-18 12:22:00,1,211.44,730.0,422.88000000000005,Medium Value,21,0,0.00027492731459759044,0.0015091747460762098,4.149133601972328e-07,3699.0
18035.0,3,730.4,2011-10-27 17:48:00,2011-11-04 12:39:00,7,243.47,156.42857142857142,730.4099999999999,Medium Value,35,0,0.0019326414625475757,0.0026066882479226353,5.037793787870779e-06,2501.0
18036.0,3,405.62,2011-04-08 11:26:00,2011-11-07 14:40:00,213,135.21,5.140845070422535,405.63000000000005,Medium Value,31,0,0.0013030598643172348,0.0014476129215164892,1.8863262970951523e-06,2866.0
18037.0,6,70.02,2010-12-12 16:20:00,2011-07-08 13:39:00,207,11.67,10.579710144927537,70.02,Low Value,153,1,0.998573234326289,0.000249887475691109,0.00024953094481850266,1588.0
18040.0,2,357.20000000000005,2011-04-08 08:27:00,2011-11-20 14:20:00,226,178.6,3.230088495575221,357.2,Low Value,18,0,0.000318028440453133,0.0012747758685641838,4.0541498140675543e-07,3712.0
18041.0,21,4183.39,2010-12-02 11:21:00,2011-11-28 11:39:00,361,199.21,21.23268698060942,4183.410000000001,High Value,11,0,8.407406230978214e-05,0.014929759564138,1.255205535865404e-06,3057.0
18042.0,1,165.04999999999998,2011-10-17 11:49:00,2011-10-17 11:49:00,1,165.05,365.0,165.05,Low Value,53,0,0.012330864419412264,0.0005890306749902535,7.2632573921797065e-06,2386.0
18043.0,3,559.51,2010-12-08 12:35:00,2011-11-15 12:48:00,342,186.5,3.2017543859649122,559.5,Medium Value,24,0,0.0005470111417498602,0.0019967443965891963,1.092241432160892e-06,3132.0
18044.0,10,2088.6,2010-12-14 12:25:00,2011-12-05 14:26:00,356,208.86,10.252808988764045,2088.6,High Value,3,0,4.641819357922182e-05,0.007453798653648249,3.459918688055874e-07,3809.0
18045.0,1,189.4,2011-10-25 13:07:00,2011-10-25 13:07:00,1,189.4,365.0,189.4,Low Value,44,0,0.004636499296181983,0.0006759309896586126,3.1339535578197487e-06,2666.0
18048.0,2,172.29000000000002,2011-05-20 14:54:00,2011-05-20 14:58:00,1,86.15,730.0,172.3,Low Value,202,1,0.999989388298142,0.0006149044853124549,0.0006148979601293856,1179.0
18050.0,1,74.4,2010-12-15 14:25:00,2010-12-15 14:25:00,1,74.4,365.0,74.4,Low Value,358,1,0.9999999999996478,0.00026551882592714245,0.00026551882592704894,1569.0
18053.0,1,300.02,2011-09-30 09:05:00,2011-09-30 09:05:00,1,300.02,365.0,300.02,Low Value,65,0,0.04111931024337169,0.0010707118031540494,4.402693081513127e-05,1956.0
18055.0,10,6784.1900000000005,2010-12-05 10:52:00,2011-12-02 14:25:00,362,678.42,10.082872928176796,6784.2,High Value,6,0,5.103257656842015e-05,0.02421146261901774,1.235573319938465e-06,3071.0
18056.0,1,363.65,2011-02-24 14:27:00,2011-02-24 14:27:00,1,363.65,365.0,363.65,Low Value,287,1,0.9999999991190449,0.0012977946377473837,0.0012977946366040849,673.0
18058.0,1,170.16,2011-11-30 08:38:00,2011-11-30 08:38:00,1,170.16,365.0,170.16,Low Value,9,0,0.00010637959649538204,0.0006072672502656258,6.460084504811746e-08,4268.0
18059.0,3,306.46,2011-10-03 09:30:00,2011-11-16 16:49:00,44,102.15,24.886363636363633,306.44999999999993,Low Value,8,0,0.00012135691452594687,0.001093659196308774,1.3272310560695964e-07,4166.0
18061.0,10,2119.41,2010-12-08 13:03:00,2011-11-18 11:20:00,344,211.94,10.61046511627907,2119.4,High Value,21,0,0.00032772883679729666,0.007563717737499808,2.4788484159738925e-06,2754.0
18062.0,3,720.52,2011-01-06 10:03:00,2011-06-19 14:47:00,164,240.17,6.676829268292683,720.5099999999999,Medium Value,172,1,0.9998163210059181,0.0025713571138274915,0.0025708848095393985,295.0
18064.0,2,814.0,2011-04-18 15:08:00,2011-07-29 16:39:00,102,407.0,7.1568627450980395,814.0,Medium Value,132,1,0.9860470021489093,0.0029050043589340583,0.0028644708393564425,261.0
18065.0,14,2392.83,2010-12-10 12:44:00,2011-12-04 10:30:00,358,170.92,14.273743016759777,2392.8799999999997,High Value,5,0,5.3075866339936465e-05,0.00853971355086748,4.5325269500718654e-07,3643.0
18066.0,1,318.0,2011-09-25 15:30:00,2011-09-25 15:30:00,1,318.0,365.0,318.0,Low Value,74,0,0.10121868774930659,0.0011348788527531088,0.0001148709482301082,1760.0
18067.0,1,396.33,2011-10-30 15:58:00,2011-10-30 15:58:00,1,396.33,365.0,396.3299999999999,Medium Value,39,0,0.002448180181368676,0.001414423068275596,3.462762523822988e-06,2634.0
18068.0,1,101.69999999999999,2011-02-23 14:50:00,2011-02-23 14:50:00,1,101.7,365.0,101.7,Low Value,288,1,0.9999999993030693,0.0003629471047955697,0.00036294710454262073,1470.0
18069.0,5,2036.67,2011-01-16 15:50:00,2011-11-13 16:03:00,301,407.33,6.063122923588041,2036.65,High Value,25,0,0.0005359386422753901,0.007268399419684337,3.895416116500857e-06,2596.0
18071.0,2,453.0,2010-12-09 10:33:00,2011-03-27 11:59:00,108,226.5,6.759259259259259,453.0,Medium Value,257,1,0.9999999826814933,0.0016166670449596172,0.0016166670169613581,539.0
18072.0,1,247.44,2011-06-07 10:44:00,2011-06-07 10:44:00,1,247.44,365.0,247.44000000000003,Low Value,154,1,0.998513195541698,0.0008830642242931738,0.0008817512804675277,963.0
18073.0,12,3877.5200000000004,2011-05-26 19:38:00,2011-08-17 14:02:00,82,323.13,53.41463414634146,3877.56,High Value,113,1,0.8783341859159701,0.013838241648683473,0.01215460071300487,20.0
18074.0,1,489.6,2010-12-01 09:53:00,2010-12-01 09:53:00,1,489.6,365.0,489.6,Medium Value,373,1,0.9999999999999152,0.0017472851770689375,0.0017472851770687894,492.0
18075.0,10,2611.75,2010-12-14 10:48:00,2011-11-16 15:21:00,337,261.18,10.83086053412463,2611.8,High Value,22,0,0.0003582711129504393,0.009320995558555251,3.3394434525696917e-06,2649.0
18077.0,11,2633.0099999999998,2010-12-08 10:21:00,2011-12-01 13:32:00,358,239.36,11.21508379888268,2632.96,High Value,7,0,6.870325908065916e-05,0.009396511396681842,6.45570956940599e-07,3435.0
18078.0,2,336.13,2011-03-25 15:08:00,2011-05-06 14:32:00,41,168.06,17.804878048780488,336.12,Low Value,216,1,0.9999986264606336,0.0011995455345514936,0.00119954388692848,727.0
18079.0,4,3651.97,2011-04-15 12:14:00,2011-10-25 15:27:00,193,912.99,7.564766839378239,3651.9599999999996,High Value,44,0,0.003606849927822939,0.01303312004748504,4.7008508102579116e-05,1942.0
18080.0,2,1231.5,2011-04-11 10:10:00,2011-11-21 08:02:00,223,615.75,3.273542600896861,1231.5,High Value,18,0,0.00025821919346721026,0.004394978953350483,1.1348679206395256e-06,3109.0
18081.0,3,343.45,2011-07-29 11:56:00,2011-11-03 16:30:00,97,114.48,11.288659793814434,343.44,Low Value,35,0,0.002183142441046573,0.0012256691609733575,2.6758103640028805e-06,2725.0
18082.0,1,703.37,2011-11-14 12:45:00,2011-11-14 12:45:00,1,703.37,365.0,703.37,Medium Value,25,0,0.0004649389134820933,0.002510187857424384,1.167084015066837e-06,3100.0
18084.0,1,90.47999999999999,2011-11-23 13:57:00,2011-11-23 13:57:00,1,90.48,365.0,90.48000000000002,Low Value,15,0,0.00021160394741771477,0.0003229051528210733,6.832800497845955e-08,4264.0
18085.0,2,689.95,2010-12-01 12:08:00,2011-01-13 15:17:00,43,344.98,16.97674418604651,689.96,Medium Value,329,1,0.9999999999927043,0.002462330230331871,0.002462330230313907,312.0
18086.0,1,101.34,2011-03-10 13:34:00,2011-03-10 13:34:00,1,101.34,365.0,101.33999999999999,Low Value,273,1,0.9999999964661024,0.00036166233628301896,0.0003616623350049413,1473.0
18087.0,2,4055.7199999999993,2011-02-22 10:43:00,2011-09-02 15:12:00,192,2027.86,3.802083333333333,4055.7199999999993,High Value,97,1,0.40873372453694407,0.014474059310339113,0.0059160361710835375,81.0
18088.0,1,167.67000000000002,2011-10-09 13:41:00,2011-10-09 13:41:00,1,167.67,365.0,167.67,Low Value,60,0,0.025911812468923278,0.0005983809347204834,1.5505134565456188e-05,2179.0
18092.0,11,9068.26,2010-12-09 10:00:00,2011-12-07 13:14:00,363,824.39,11.06060606060606,9068.29,High Value,1,0,2.699151170835218e-05,0.03236292626299525,8.735243031441746e-07,3275.0
18093.0,4,2106.52,2011-02-10 12:15:00,2011-09-07 15:43:00,209,526.63,6.985645933014354,2106.52,High Value,92,1,0.4377940000086544,0.007517751575161883,0.0032912265331614832,216.0
18094.0,7,3017.3,2011-02-21 08:50:00,2011-09-19 09:28:00,210,431.04,12.166666666666666,3017.2799999999997,High Value,81,0,0.186671216305974,0.010768073159858177,0.0020100893140224388,421.0
18095.0,2,580.0500000000001,2011-01-11 12:37:00,2011-01-31 12:50:00,20,290.03,36.5,580.06,Medium Value,312,1,0.9999999999552271,0.0020701189538615355,0.0020701189537688505,405.0
18096.0,3,911.15,2011-10-07 11:55:00,2011-11-28 12:44:00,52,303.72,21.05769230769231,911.1600000000002,Medium Value,11,0,0.00015204310005931845,0.003251749105265795,4.944060145797266e-07,3590.0
18097.0,6,2697.8,2010-12-20 14:49:00,2011-12-02 11:16:00,346,449.63,6.329479768786126,2697.7799999999997,High Value,7,0,7.086945996215464e-05,0.00962784110496944,6.823198997106184e-07,3415.0
18099.0,1,168.31,2011-08-04 15:52:00,2011-08-04 15:52:00,1,168.31,365.0,168.31,Low Value,126,1,0.9711654335514303,0.0006006649676316847,0.000583345053709181,1205.0
18101.0,2,223.65,2011-07-19 13:05:00,2011-11-28 13:37:00,132,111.82,5.53030303030303,223.64,Low Value,10,0,0.0001470400519549939,0.0007981267504078781,1.1735659884664485e-07,4188.0
18102.0,60,259657.3,2010-12-07 16:42:00,2011-12-09 11:50:00,366,4327.62,59.83606557377049,259657.19999999995,High Value,0,0,1.3265360085233235e-06,0.9266649850474354,1.2292544705031503e-06,3075.0
18104.0,1,754.64,2011-11-02 14:07:00,2011-11-02 14:07:00,1,754.64,365.0,754.64,Medium Value,36,0,0.0014905122963130464,0.002693160306420145,4.0141885526614375e-06,2581.0
18105.0,1,113.48000000000002,2011-11-02 12:04:00,2011-11-02 12:04:00,1,113.48,365.0,113.48000000000002,Low Value,37,0,0.002259593341963227,0.0004049875855673673,9.151072519257859e-07,3237.0
18106.0,1,430.7,2011-01-14 12:23:00,2011-01-14 12:23:00,1,430.7,365.0,430.7,Medium Value,329,1,0.9999999999903488,0.0015370827732099496,0.0015370827731951149,564.0
18108.0,1,271.0,2011-03-30 13:56:00,2011-03-30 13:56:00,1,271.0,365.0,271.0,Low Value,248,1,0.9999999425949435,0.0009671451858367688,0.0009671451303177448,911.0
18109.0,26,8052.97,2010-12-05 10:58:00,2011-12-08 11:36:00,368,309.73,25.788043478260867,8052.98,High Value,1,0,2.374978927182716e-05,0.02873948648944569,6.825567479048589e-07,3413.0
18110.0,1,236.3,2011-11-20 12:34:00,2011-11-20 12:34:00,1,236.3,365.0,236.3,Low Value,18,0,0.000272925837896096,0.0008433077764325775,2.3016048148715482e-07,3985.0
18112.0,2,352.69,2011-06-26 13:56:00,2011-11-27 14:43:00,154,176.34,4.740259740259741,352.68,Low Value,11,0,0.00015657560353883533,0.0012586448861288252,1.970730826866895e-07,4042.0
18113.0,1,76.32000000000001,2010-12-06 12:31:00,2010-12-06 12:31:00,1,76.32,365.0,76.32,Low Value,368,1,0.9999999999998805,0.0002723709246607461,0.0002723709246607136,1558.0
18114.0,1,220.1,2011-02-22 13:20:00,2011-02-22 13:20:00,1,220.1,365.0,220.1,Low Value,289,1,0.9999999993378914,0.0007854931933677963,0.0007854931928477145,1018.0
18116.0,8,1418.03,2010-12-10 12:14:00,2011-10-03 11:00:00,296,177.25,9.864864864864865,1418.0,High Value,67,0,0.04993684504081145,0.005060560418880215,0.0002527084214572852,1584.0
18117.0,1,320.72,2011-11-14 12:47:00,2011-11-14 12:47:00,1,320.72,365.0,320.72,Low Value,25,0,0.0005589068446113713,0.001144585992625714,6.397169455248121e-07,3444.0
18118.0,26,5653.82,2010-12-05 12:13:00,2011-11-29 11:32:00,358,217.45,26.50837988826816,5653.7,High Value,10,0,6.617817747024202e-05,0.020176932609466198,1.3352726270343676e-06,3022.0
18119.0,1,181.12,2010-12-07 11:59:00,2010-12-07 11:59:00,1,181.12,365.0,181.12,Low Value,367,1,0.9999999999998601,0.0006463813138699468,0.0006463813138698563,1141.0
18120.0,1,111.15,2011-05-09 13:45:00,2011-05-09 13:45:00,1,111.15,365.0,111.15,Low Value,213,1,0.9999976511150478,0.00039667227825002533,0.00039667134651248,1424.0
18121.0,2,673.1,2011-07-08 12:14:00,2011-07-13 12:53:00,5,336.55,146.0,673.1,Medium Value,148,1,0.9974619102139889,0.0024021602383274138,0.002396063339962153,322.0
18122.0,6,1826.21,2011-07-12 11:37:00,2011-12-01 13:08:00,142,304.37,15.422535211267606,1826.22,High Value,7,0,8.668520214962239e-05,0.006517416536084221,5.649635699237524e-07,3508.0
18123.0,2,589.4399999999999,2011-11-08 13:31:00,2011-11-15 14:23:00,7,294.72,104.28571428571428,589.4399999999999,Medium Value,23,0,0.0005511828344805983,0.002103594311216328,1.1594650750534778e-06,3103.0
18125.0,4,1142.99,2011-01-27 15:02:00,2011-11-10 12:29:00,286,285.75,5.104895104895105,1143.0,Medium Value,29,0,0.0009070210176762311,0.004079140027348438,3.699865738849429e-06,2613.0
18126.0,1,206.82999999999998,2011-10-10 12:19:00,2011-10-10 12:19:00,1,206.83,365.0,206.83000000000004,Low Value,60,0,0.025440312523344562,0.0007381351984746086,1.877839013367501e-05,2140.0
18127.0,3,348.73,2011-07-29 10:06:00,2011-11-20 14:05:00,114,116.24,9.605263157894736,348.72,Low Value,18,0,0.0003435037966736733,0.0012445124324907677,4.274947455681673e-07,3675.0
18129.0,1,112.55000000000001,2011-04-10 14:16:00,2011-04-10 14:16:00,1,112.55,365.0,112.55,Low Value,242,1,0.9999998981677009,0.000401668600243278,0.0004016685593404409,1416.0
18130.0,3,1059.39,2011-10-13 15:58:00,2011-11-24 14:40:00,41,353.13,26.70731707317073,1059.39,Medium Value,8,0,0.0001076058384146599,0.003780752540308541,4.068310469382558e-07,3711.0
18133.0,1,931.4999999999999,2011-05-11 14:14:00,2011-05-11 14:14:00,1,931.5,365.0,931.5,Medium Value,210,1,0.9999951764779322,0.0033243385262249083,0.003324322491204666,211.0
18135.0,5,681.9100000000001,2011-06-02 14:04:00,2011-11-10 19:32:00,161,136.38,11.335403726708075,681.9,Medium Value,28,0,0.0009250560735433471,0.0024335656908564306,2.2511847226934527e-06,2798.0
18136.0,3,784.33,2011-01-24 12:08:00,2011-10-07 15:40:00,256,261.44,4.27734375,784.3199999999999,Medium Value,62,0,0.033067769389386964,0.002799082332677101,9.25594090788737e-05,1803.0
18138.0,1,152.65,2011-02-17 14:51:00,2011-02-17 14:51:00,1,152.65,365.0,152.65,Low Value,294,1,0.9999999996269355,0.0005447775373357298,0.0005447775371324927,1255.0
18139.0,6,8438.34,2011-11-21 14:06:00,2011-11-22 10:44:00,1,1406.39,2190.0,8438.34,High Value,16,0,2.4115819550267943e-05,0.03011475980610273,7.262421132836355e-07,3367.0
18142.0,2,1019.52,2011-05-08 12:31:00,2011-07-05 13:19:00,58,509.76,12.586206896551724,1019.52,Medium Value,150,1,0.9979387808150889,0.003638464427543552,0.0036309647548618826,191.0
18143.0,2,1000.16,2011-07-21 10:44:00,2011-08-15 12:07:00,25,500.08,29.2,1000.1599999999999,Medium Value,116,1,0.9252146338694432,0.0035693724319797145,0.003302435607797796,215.0
18144.0,12,2888.75,2010-12-01 13:45:00,2011-12-02 12:46:00,365,240.73,11.999999999999998,2888.7599999999993,High Value,7,0,6.666716606441858e-05,0.010309410800877578,6.87299201888416e-07,3407.0
18145.0,4,2861.55,2011-01-31 12:10:00,2011-11-27 11:22:00,299,715.39,4.882943143812709,2861.56,High Value,12,0,0.00011620524758577492,0.010212339402151528,1.186727428656983e-06,3094.0
18146.0,2,160.35000000000002,2011-05-03 16:35:00,2011-07-22 12:08:00,79,80.18,9.240506329113924,160.36,Low Value,140,1,0.995009410405738,0.000572292996312857,0.0005694369168405891,1223.0
18147.0,2,179.33999999999997,2011-08-23 12:22:00,2011-10-25 11:46:00,62,89.67,11.774193548387096,179.34,Low Value,45,0,0.00680701807202256,0.0006400288473356684,4.356687930429663e-06,2553.0
18149.0,3,612.0799999999999,2011-03-11 12:44:00,2011-10-20 12:04:00,222,204.03,4.9324324324324325,612.09,Medium Value,50,0,0.009716087590281829,0.0021844276634643096,2.1224090512853908e-05,2108.0
18150.0,3,566.58,2011-05-22 10:47:00,2011-11-07 16:49:00,169,188.86,6.479289940828402,566.5800000000002,Medium Value,31,0,0.001307063337871718,0.0020220115106693603,2.642897114350529e-06,2730.0
18151.0,2,653.35,2011-02-23 08:29:00,2011-07-28 11:35:00,155,326.68,4.709677419354839,653.36,Medium Value,134,1,0.9887830480014795,0.002331712098222551,0.002305557395542419,333.0
18154.0,2,399.19,2011-10-27 10:40:00,2011-12-06 16:41:00,40,199.6,18.25,399.2,Medium Value,2,0,6.247149707041738e-05,0.0014246655283617642,8.900098838137658e-08,4232.0
18155.0,3,371.62,2011-02-21 10:36:00,2011-09-25 13:32:00,216,123.87,5.069444444444444,371.6099999999999,Low Value,74,0,0.12091230565803619,0.0013262022970804486,0.00016035417750898093,1684.0
18156.0,2,734.94,2010-12-05 12:29:00,2011-11-27 12:24:00,356,367.47,2.050561797752809,734.94,Medium Value,12,0,0.00013897156660105838,0.0026228549183722324,3.6450225697348024e-07,3774.0
18158.0,2,453.4,2011-09-12 09:03:00,2011-11-30 16:19:00,79,226.7,9.240506329113924,453.4,Medium Value,8,0,0.00011581644200327616,0.001618094565529118,1.8740195540441942e-07,4065.0
18159.0,1,530.15,2011-02-11 14:26:00,2011-02-11 14:26:00,1,530.15,365.0,530.15,Medium Value,300,1,0.9999999997663123,0.0018920000748020773,0.00189200007435994,449.0
18160.0,2,638.0600000000001,2011-05-23 13:41:00,2011-10-13 15:50:00,143,319.03,5.104895104895105,638.06,Medium Value,56,0,0.01884722653046832,0.0022771094364391464,4.291719738323565e-05,1961.0
18161.0,5,1618.69,2011-01-24 11:56:00,2011-11-24 16:40:00,304,323.74,6.003289473684211,1618.7,High Value,9,0,9.857387646868045e-05,0.005776818864627224,5.694434291437069e-07,3502.0
18164.0,1,399.65000000000003,2011-11-02 12:56:00,2011-11-02 12:56:00,1,399.65,365.0,399.65,Medium Value,30,0,0.0009241206627219132,0.0014262714890024525,1.3180469536383163e-06,3030.0
18165.0,1,302.46000000000004,2011-06-15 13:23:00,2011-06-15 13:23:00,1,302.46,365.0,302.46,Low Value,176,1,0.9998587024328347,0.001079419678628004,0.0010792671592534634,847.0
18167.0,3,1384.8600000000001,2011-08-26 11:40:00,2011-11-16 15:56:00,82,461.62,13.353658536585366,1384.8600000000001,High Value,3,0,5.845741590794927e-05,0.004942290339697077,2.889135219255119e-07,3890.0
18168.0,6,1169.94,2010-12-02 18:08:00,2011-06-16 19:21:00,196,194.99,11.173469387755102,1169.94,Medium Value,175,1,0.9998567871967428,0.004175283537704315,0.004174685583644487,144.0
18169.0,1,202.65,2011-10-10 12:18:00,2011-10-10 12:18:00,1,202.65,365.0,202.65,Low Value,60,0,0.02549024014932913,0.0007232176085233255,1.843499052148307e-05,2145.0
18170.0,3,980.31,2011-05-06 15:13:00,2011-11-06 14:35:00,183,326.77,5.983606557377049,980.31,Medium Value,32,0,0.0013504944049099819,0.003498531723718239,4.724747518281557e-06,2518.0
18171.0,5,1231.31,2011-01-10 09:55:00,2011-10-12 09:13:00,274,246.26,6.6605839416058386,1231.2999999999997,High Value,58,0,0.020562742884607407,0.0043942651930657314,9.035814533179036e-05,1808.0
18172.0,20,7561.68,2011-02-23 10:44:00,2011-11-25 11:12:00,275,378.08,26.545454545454543,7561.5999999999985,High Value,14,0,0.00011541305009508582,0.026985848845842472,3.114519124703631e-06,2669.0
18173.0,4,2106.84,2011-03-10 11:56:00,2011-09-14 11:26:00,187,526.71,7.807486631016042,2106.84,High Value,86,0,0.29208135897195403,0.007518893591617484,0.002196128658205151,366.0
18174.0,1,104.0,2011-12-02 16:56:00,2011-12-02 16:56:00,1,104.0,365.0,104.0,Low Value,6,0,7.937274769463689e-05,0.0003711553480701991,2.945961979789105e-08,4324.0
18176.0,1,476.35,2010-12-16 15:45:00,2010-12-16 15:45:00,1,476.35,365.0,476.35,Medium Value,353,1,0.9999999999992657,0.0016999985582042245,0.0016999985582029761,510.0
18177.0,6,1341.42,2011-03-29 08:46:00,2011-11-08 14:44:00,224,223.57,9.776785714285714,1341.4199999999998,High Value,30,0,0.00103132958350984,0.004787261605849293,4.937244518113198e-06,2506.0
18178.0,4,1590.81,2010-12-10 12:42:00,2011-08-03 09:30:00,235,397.7,6.212765957446809,1590.8,High Value,113,1,0.8877485820954283,0.005677249304904546,0.005039970020631266,112.0
18179.0,6,1793.17,2011-01-07 14:22:00,2011-11-30 16:23:00,327,298.86,6.697247706422019,1793.16,High Value,8,0,8.59947435543027e-05,0.006399431961014983,5.503175103806919e-07,3526.0
18180.0,6,1843.75,2011-07-20 08:59:00,2011-12-05 08:39:00,137,307.29,15.985401459854016,1843.7400000000002,High Value,4,0,6.274711714734609e-05,0.006579941937028356,4.128723875454536e-07,3701.0
18181.0,1,382.8,2011-11-15 15:08:00,2011-11-15 15:08:00,1,382.8,365.0,382.8,Low Value,23,0,0.00043691544930249046,0.0013661371850122329,5.968864419984593e-07,3477.0
18183.0,2,632.07,2011-03-10 10:08:00,2011-04-26 15:26:00,47,316.04,15.53191489361702,632.08,Medium Value,217,1,0.9999986734755861,0.0022557680039251102,0.002255765011593781,347.0
18184.0,1,49.8,2011-11-24 15:28:00,2011-11-24 15:28:00,1,49.8,365.0,49.8,Low Value,14,0,0.000193653564907766,0.00017772631090284534,3.441733368424196e-08,4317.0
18185.0,1,304.25,2011-04-04 13:42:00,2011-04-04 13:42:00,1,304.25,365.0,304.25,Low Value,248,1,0.9999999416688806,0.00108580783317652,0.0010858077698401337,841.0
18188.0,3,2001.04,2011-02-22 14:43:00,2011-11-24 16:46:00,275,667.01,3.981818181818182,2001.0300000000002,High Value,14,0,0.00015388594083287892,0.007141278712970294,1.0989423934952444e-06,3128.0
18189.0,2,1090.24,2011-03-17 09:49:00,2011-09-23 12:40:00,190,545.12,3.8421052631578947,1090.24,Medium Value,77,0,0.13954403452064643,0.0038908500642312873,0.0005429449156777502,1259.0
18190.0,2,284.46000000000004,2011-01-13 10:35:00,2011-05-31 14:48:00,138,142.23,5.2898550724637685,284.46,Low Value,191,1,0.9999785289253939,0.0010151812530004695,0.0010151594559680477,890.0
18191.0,1,207.79999999999998,2011-03-23 12:08:00,2011-03-23 12:08:00,1,207.8,365.0,207.8,Low Value,261,1,0.9999999863661446,0.0007415969358556478,0.0007415969257448225,1047.0
18192.0,1,957.97,2011-09-29 09:53:00,2011-09-29 09:53:00,1,957.97,365.0,957.9699999999999,Medium Value,71,0,0.05643876913145615,0.0034188046999116214,0.00019295312916384923,1647.0
18193.0,1,243.76,2011-06-27 13:58:00,2011-06-27 13:58:00,1,243.76,365.0,243.76,Low Value,150,1,0.9977134859048093,0.0008699310350537666,0.0008679419254802724,969.0
18194.0,1,973.8399999999999,2011-09-18 13:29:00,2011-09-18 13:29:00,1,973.84,365.0,973.8400000000001,Medium Value,63,0,0.024361535748364256,0.003475441578506565,8.466709425613918e-05,1818.0
18196.0,2,689.13,2011-02-22 16:13:00,2011-09-05 16:22:00,195,344.56,3.7435897435897436,689.12,Medium Value,94,1,0.5285313452090658,0.0024593324371359193,0.0012998342813157376,671.0
18198.0,17,5425.56,2011-01-07 13:39:00,2011-12-05 14:49:00,332,319.15,18.68975903614458,5425.55,High Value,3,0,3.7560892441993765e-05,0.0193627105646372,7.272806889037943e-07,3366.0
18200.0,1,163.8,2011-08-25 18:45:00,2011-08-25 18:45:00,1,163.8,365.0,163.8,Low Value,105,1,0.7766051558355488,0.0005845696732105636,0.0004539798221604256,1356.0
18202.0,3,1396.99,2011-02-01 13:36:00,2011-05-24 12:12:00,111,465.66,9.864864864864865,1396.98,High Value,199,1,0.9999893469341106,0.004985544212952949,0.004985491101621954,113.0
18203.0,1,160.42000000000002,2011-07-05 13:07:00,2011-07-05 13:07:00,1,160.42,365.0,160.42,Low Value,156,1,0.9988513367595827,0.0005725071243982821,0.0005718495065096088,1222.0
18204.0,3,1993.7,2011-05-31 15:26:00,2011-09-29 16:44:00,121,664.57,9.049586776859504,1993.71,High Value,70,0,0.06814369492203912,0.00711515508654843,0.00048485295754075103,1316.0
18205.0,2,517.36,2011-09-26 12:02:00,2011-11-03 13:22:00,38,258.68,19.210526315789473,517.36,Medium Value,35,0,0.0021576059992307224,0.0018463551045922906,3.983706850378594e-06,2585.0
18209.0,1,139.10000000000002,2011-11-11 12:07:00,2011-11-11 12:07:00,1,139.1,365.0,139.1,Low Value,28,0,0.0008437370541681001,0.0004964202780438913,4.1884818302606203e-07,3692.0
18210.0,6,2621.38,2011-03-17 16:58:00,2011-12-08 11:02:00,265,436.9,8.264150943396226,2621.3999999999996,High Value,1,0,3.9298012956268e-05,0.009355256052223267,3.676429735494745e-07,3768.0
18211.0,5,600.07,2011-03-06 12:09:00,2011-11-14 08:10:00,252,120.01,7.242063492063492,600.0500000000001,Medium Value,25,0,0.0006356484880659189,0.0021414592943223365,1.3612153626907029e-06,3015.0
18212.0,1,248.42,2011-01-17 16:14:00,2011-01-17 16:14:00,1,248.42,365.0,248.41999999999996,Low Value,325,1,0.9999999999863693,0.0008865616496884505,0.0008865616496763661,960.0
18213.0,1,232.48000000000002,2011-04-17 10:21:00,2011-04-17 10:21:00,1,232.48,365.0,232.48,Low Value,236,1,0.9999997934572329,0.000829674954993845,0.000829674783630484,992.0
18215.0,1,299.34000000000003,2011-09-11 16:05:00,2011-09-11 16:05:00,1,299.34,365.0,299.34,Low Value,88,0,0.34088017781232843,0.001068285018185898,0.0003641571869534555,1465.0
18216.0,1,481.75,2011-11-08 16:55:00,2011-11-08 16:55:00,1,481.75,365.0,481.75,Medium Value,30,0,0.0008883478904679242,0.001719270085892485,1.5273099539471958e-06,2968.0
18217.0,2,621.75,2011-09-30 10:44:00,2011-11-10 13:18:00,41,310.88,17.804878048780488,621.76,Medium Value,28,0,0.0009865683879947177,0.0022189379732319905,2.189134059311751e-06,2812.0
18218.0,2,662.08,2011-03-03 12:24:00,2011-05-12 12:53:00,70,331.04,10.428571428571429,662.0800000000002,Medium Value,205,1,0.9999950464115666,0.002362832046637668,0.002362820342140172,326.0
18219.0,10,2069.77,2010-12-06 10:05:00,2011-12-07 11:43:00,366,206.98,9.972677595628415,2069.7999999999997,High Value,2,0,4.142031885725441e-05,0.007386705186881712,3.059596841451755e-07,3869.0
18220.0,1,305.28000000000003,2011-04-27 09:03:00,2011-04-27 09:03:00,1,305.28,365.0,305.28,Low Value,219,1,0.9999986529464491,0.0010894836986429844,0.0010894822310500995,835.0
18221.0,5,1041.61,2011-05-12 14:13:00,2011-11-17 14:40:00,189,208.32,9.656084656084655,1041.6,Medium Value,21,0,0.0004117219288210299,0.003717263562979994,1.530478924086257e-06,2967.0
18222.0,1,443.0,2011-09-08 10:45:00,2011-09-08 10:45:00,1,443.0,365.0,443.0,Medium Value,92,1,0.42664649118835357,0.0015809790307220982,0.0006745191560999475,1118.0
18223.0,14,6484.54,2010-12-16 16:42:00,2011-12-05 09:11:00,353,463.18,14.475920679886686,6484.52,High Value,1,0,3.0004560925449368e-05,0.023141964208347767,6.943644750239392e-07,3398.0
18224.0,1,158.95000000000002,2011-03-21 10:30:00,2011-03-21 10:30:00,1,158.95,365.0,158.95,Low Value,263,1,0.9999999892752028,0.0005672609863053668,0.0005672609802216078,1224.0
18225.0,12,5509.12,2010-12-09 15:46:00,2011-12-06 13:27:00,361,459.09,12.132963988919668,5509.08,High Value,2,0,3.502455570407009e-05,0.019660812547563196,6.886112242594074e-07,3404.0
18226.0,11,5228.05,2011-01-06 09:00:00,2011-10-26 13:36:00,293,475.28,13.70307167235495,5228.08,High Value,38,0,0.0018303658650218435,0.018657979347488907,3.415092850792622e-05,2000.0
18227.0,1,93.75,2011-05-06 12:23:00,2011-05-06 12:23:00,1,93.75,365.0,93.75,Low Value,217,1,0.9999984892666508,0.00033457513347674196,0.00033457462802293,1501.0
18228.0,2,779.9,2011-09-21 10:48:00,2011-10-14 09:21:00,22,389.95,33.18181818181818,779.8999999999999,Medium Value,49,0,0.0091468981718898,0.0027833082303841176,2.5458636964306318e-05,2071.0
18229.0,20,7276.900000000001,2010-12-01 16:25:00,2011-11-28 09:48:00,361,363.84,20.221606648199444,7276.799999999998,High Value,11,0,7.962328958903832e-05,0.025969454200357924,2.0677733722643665e-06,2835.0
18230.0,7,2810.2000000000003,2011-02-10 13:06:00,2011-11-30 13:22:00,293,401.46,8.720136518771332,2810.2200000000003,High Value,8,0,8.164767524899513e-05,0.010029117137056107,8.188540990404888e-07,3311.0
18231.0,5,2083.27,2011-02-24 09:08:00,2011-05-31 14:18:00,96,416.65,19.010416666666668,2083.25,High Value,191,1,0.9999741167115811,0.007434705566031176,0.007434513131402701,49.0
18232.0,4,592.97,2011-05-26 16:30:00,2011-09-19 11:49:00,115,148.24,12.695652173913043,592.96,Medium Value,81,0,0.23159453864416793,0.002116156492227935,0.0004900902865163894,1308.0
18233.0,1,440.0,2011-01-18 08:44:00,2011-01-18 08:44:00,1,440.0,365.0,440.0,Medium Value,325,1,0.9999999999850528,0.0015702726264508423,0.0015702726264273713,553.0
18235.0,3,1796.48,2011-05-06 13:35:00,2011-09-29 08:27:00,145,598.83,7.551724137931035,1796.4900000000002,High Value,71,0,0.07650608674837303,0.006411316069756078,0.0004905047034039965,1306.0
18236.0,6,882.24,2011-04-13 09:52:00,2011-11-10 08:06:00,210,147.04,10.428571428571429,882.2399999999999,Medium Value,29,0,0.0009689975996753324,0.0031485393680908886,3.050927090163359e-06,2677.0
18237.0,5,987.1,2011-07-28 13:05:00,2011-12-07 12:49:00,131,197.42,13.931297709923664,987.1,Medium Value,2,0,5.488949458567977e-05,0.003522763885385515,1.9336272921349646e-07,4046.0
18239.0,5,1561.6100000000001,2010-12-02 17:48:00,2011-05-05 12:38:00,153,312.32,11.928104575163399,1561.6,High Value,218,1,0.9999986313783478,0.005573040303330989,0.005573032675947362,94.0
18240.0,1,422.58,2011-10-24 13:06:00,2011-10-24 13:06:00,1,422.58,365.0,422.5799999999999,Medium Value,45,0,0.004618133562415572,0.0015081041056490838,6.964626185914754e-06,2400.0
18241.0,17,2073.09,2011-05-06 09:22:00,2011-11-30 12:10:00,208,121.95,29.83173076923077,2073.15,High Value,9,0,8.52465259649848e-05,0.007398660671651282,6.307101190520328e-07,3451.0
18242.0,4,2232.4900000000002,2011-05-10 11:20:00,2011-09-28 13:43:00,141,558.12,10.354609929078014,2232.48,High Value,71,0,0.07622269345870346,0.007967277802497674,0.0006072873736401127,1185.0
18245.0,7,2567.06,2010-12-19 14:58:00,2011-12-02 14:48:00,347,366.72,7.363112391930835,2567.0400000000004,High Value,6,0,6.451939169850189e-05,0.009161256006828116,5.910786647547965e-07,3484.0
18246.0,2,596.1,2011-04-20 13:55:00,2011-11-16 11:49:00,209,298.05,3.492822966507177,596.1,Medium Value,23,0,0.0005216705565013412,0.0021273625286985162,1.1097823942262554e-06,3124.0
18248.0,2,804.02,2011-06-06 13:18:00,2011-08-09 10:19:00,63,402.01,11.587301587301587,804.02,Medium Value,113,1,0.9026209648074789,0.002869387720725014,0.002589969512887545,292.0
18249.0,1,95.34,2011-11-22 15:07:00,2011-11-22 15:07:00,1,95.34,365.0,95.33999999999999,Low Value,16,0,0.00023523770249105606,0.0003402495277405075,8.003951717934382e-08,4251.0
18250.0,1,349.27,2011-02-02 13:16:00,2011-02-02 13:16:00,1,349.27,365.0,349.27,Low Value,300,1,0.9999999997857962,0.0012464752732738312,0.0012464752730068315,704.0
18251.0,1,4314.72,2011-09-13 15:03:00,2011-09-13 15:03:00,1,4314.72,365.0,4314.72,High Value,86,0,0.05686782206458842,0.015398378879090862,0.0008756722701792557,965.0
18252.0,2,526.67,2011-06-21 11:47:00,2011-10-20 12:43:00,121,263.33,6.033057851239669,526.66,Medium Value,50,0,0.010345736104643422,0.0018795449578331831,1.944527613055526e-05,2129.0
18255.0,1,103.3,2011-09-11 13:16:00,2011-09-11 13:16:00,1,103.3,365.0,103.3,Low Value,88,0,0.36238682666204786,0.00036865718707357277,0.00013359650814974896,1727.0
18257.0,8,2337.63,2011-02-16 15:13:00,2011-10-31 14:48:00,256,292.2,11.40625,2337.6,High Value,38,0,0.002206487131390474,0.008342430208162475,1.8407464898833655e-05,2146.0
18259.0,3,2338.6000000000004,2010-12-08 13:38:00,2011-11-15 12:34:00,341,779.53,3.211143695014663,2338.59,High Value,24,0,0.00041151750454861114,0.008345963321571991,3.4345099991475437e-06,2638.0
18260.0,6,2643.2000000000003,2010-12-16 18:23:00,2011-06-20 12:37:00,185,440.53,11.837837837837839,2643.18,High Value,172,1,0.9997785462097244,0.009432984547232584,0.009430895577050988,35.0
18261.0,2,324.24,2011-09-05 09:34:00,2011-10-27 15:36:00,52,162.12,14.03846153846154,324.24000000000007,Low Value,42,0,0.004784188045821902,0.001157148173637321,5.536014459560318e-06,2467.0
18262.0,1,149.48,2011-07-22 16:04:00,2011-07-22 16:04:00,1,149.48,365.0,149.48,Low Value,139,1,0.9928476969909608,0.0005334644368224362,0.0005296489375257356,1271.0
18263.0,3,1213.1599999999999,2011-04-01 11:48:00,2011-11-14 09:00:00,226,404.39,4.845132743362832,1213.17,High Value,22,0,0.0004287962051223563,0.00432956282325311,1.8565001084497687e-06,2872.0
18265.0,2,801.51,2011-07-04 15:26:00,2011-09-28 14:10:00,85,400.76,8.588235294117647,801.52,Medium Value,71,0,0.08855505156522547,0.0028604657171656346,0.00025330868908416245,1581.0
18268.0,1,25.5,2011-07-28 19:13:00,2011-07-28 19:13:00,1,25.5,365.0,25.5,Low Value,133,1,0.9871738150966285,9.100443630567383e-05,8.983719657859016e-05,1809.0
18269.0,1,168.6,2010-12-08 13:53:00,2010-12-08 13:53:00,1,168.6,365.0,168.6,Low Value,357,1,0.9999999999995892,0.0006016999200445728,0.0006016999200443256,1189.0
18270.0,2,283.15,2011-03-18 12:41:00,2011-11-01 13:57:00,228,141.57,3.2017543859649122,283.14,Low Value,37,0,0.0025225631699221747,0.001010470435121117,2.548975503931764e-06,2746.0
18272.0,6,3078.58,2011-04-07 09:35:00,2011-12-07 12:43:00,244,513.1,8.975409836065573,3078.6,High Value,2,0,4.2796980591951925e-05,0.010986912063162643,4.702066623326541e-07,3629.0
18273.0,3,204.0,2011-03-27 11:22:00,2011-12-07 13:16:00,255,68.0,4.294117647058823,204.0,Low Value,1,0,5.0949933770013e-05,0.0007280354904453906,3.7093360020411584e-08,4314.0
18274.0,1,175.92,2011-11-09 17:03:00,2011-11-09 17:03:00,1,175.92,365.0,175.92,Low Value,17,0,0.0002521537613295737,0.0006278235464664368,1.583080686927844e-07,4126.0
18276.0,1,335.86,2011-10-27 10:54:00,2011-10-27 10:54:00,1,335.86,365.0,335.86,Low Value,20,0,0.00032302097393098944,0.001198617646181318,3.8717863944035945e-07,3735.0
18277.0,1,110.38,2011-10-12 15:22:00,2011-10-12 15:22:00,1,110.38,365.0,110.38,Low Value,57,0,0.019379727002466603,0.0003939243011537363,7.634145415996849e-06,2369.0
18278.0,1,173.9,2011-09-27 11:58:00,2011-09-27 11:58:00,1,173.9,365.0,173.9,Low Value,73,0,0.0977354502228436,0.0006206145675904579,6.065604417830881e-05,1886.0
18280.0,1,180.60000000000002,2011-03-07 09:52:00,2011-03-07 09:52:00,1,180.6,365.0,180.6,Low Value,277,1,0.9999999976188636,0.0006445255371295958,0.0006445255355948925,1144.0
18281.0,1,80.82,2011-06-12 10:53:00,2011-06-12 10:53:00,1,80.82,365.0,80.82,Low Value,180,1,0.9999176252304542,0.0002884305310676297,0.0002884067716691031,1542.0
18282.0,2,178.05,2011-08-05 13:35:00,2011-12-02 11:43:00,118,89.02,6.186440677966102,178.04,Low Value,7,0,0.00010841748191000904,0.0006353894054847908,6.88873193749587e-08,4262.0
18283.0,16,2094.88,2011-01-06 14:14:00,2011-12-06 12:02:00,333,130.93,17.53753753753754,2094.8800000000006,High Value,3,0,4.213281292449231e-05,0.007476210726589412,3.1499378792747446e-07,3853.0
18287.0,3,1837.28,2011-05-22 10:39:00,2011-10-28 09:29:00,158,612.43,6.9303797468354436,1837.29,High Value,42,0,0.003523635609754304,0.0065569231678451545,2.3104207964642185e-05,2083.0
